date,canada_house_index_2010,canada_house_real_index,tsx_cad,tsx_real,tsx_real_index,sp500_usd,usd_cad,sp500_cad,sp500_real,sp500_real_index,start_year,base_date,end_date
1990-01-01,69.7457,100.0,3694.99,3694.99,100.0,329.0799866,1.1720380952380953,385.6942806756419,385.6942806756419,100.0,1990,1990-01-01,2025-12-01
1990-02-01,69.7457,100.0,3677.34,3653.523031088083,98.87775152539203,331.8900146,1.196478947368421,397.09941531069785,394.5275279058358,102.29021991581526,1990,1990-01-01,2025-12-01
1990-03-01,67.5219,96.81155970905733,3630.26,3592.786348387097,97.23399382372068,339.9400024,1.1799863636363637,401.1245672865128,396.98392659194235,102.92709705119914,1990,1990-01-01,2025-12-01
1990-04-01,67.5219,96.81155970905733,3332.42,3298.020825806452,89.2565561965378,330.7999878,1.164095238095238,385.0826905599428,381.1076434315821,98.81081014838355,1990,1990-01-01,2025-12-01
1990-05-01,67.5219,96.81155970905733,3572.9,3517.8617458279846,95.20625890267591,361.230011,1.1746999999999999,424.3368939216999,417.80025370724496,108.32420252002733,1990,1990-01-01,2025-12-01
1990-06-01,62.4101,89.48236235352144,3534.9,3467.095012787724,93.83232465548551,358.019989,1.1730476190476191,419.9744956679048,411.91871889678134,106.7992810718377,1990,1990-01-01,2025-12-01
1990-07-01,62.4101,89.48236235352144,3552.06,3470.61149044586,93.92749345589189,356.1499939,1.1570285714285713,412.0757186564114,402.626848674481,104.39015273163434,1990,1990-01-01,2025-12-01
1990-08-01,62.4101,89.48236235352144,3337.8,3257.1152671755726,88.1495015460278,322.5599976,1.144808695652174,369.2694901220243,360.3431284015174,93.42713813912006,1990,1990-01-01,2025-12-01
1990-09-01,62.1317,89.08319796059112,3151.38,3067.39652284264,83.01501554382124,306.0499878,1.1583368421052633,354.50897639460635,345.06140215058764,89.46500361533093,1990,1990-01-01,2025-12-01
1990-10-01,62.1317,89.08319796059112,3073.48,2965.231647798742,80.250058803914,304.0,1.1600227272727273,352.6469090909091,340.2266405946255,88.21148190183992,1990,1990-01-01,2025-12-01
1990-11-01,62.1317,89.08319796059112,3143.0,3013.35125,81.55235196847624,322.2200012,1.16348,374.896526996176,359.43204525758375,93.19091914662225,1990,1990-01-01,2025-12-01
1990-12-01,61.7145,88.48502488325445,3248.53,3118.426170212766,84.39606521838398,330.2200012,1.160265,383.142709692318,367.79782019275086,95.35993625533135,1990,1990-01-01,2025-12-01
1991-01-01,61.7145,88.48502488325445,3264.59,3053.5860121951223,82.64125240379873,343.9299927,1.1560333333333335,397.59453589429006,371.8963524767323,96.42257381293314,1990,1990-01-01,2025-12-01
1991-02-01,61.7145,88.48502488325445,3453.61,3230.3888658536584,87.42618696812869,367.0700073,1.1548947368421052,423.9272194833631,396.52704554114575,102.80864026464886,1990,1990-01-01,2025-12-01
1991-03-01,62.8823,90.1593933389442,3486.82,3249.563718104496,87.94512889356929,375.2200012,1.1571571428571428,434.1885045314457,404.64469377353447,104.91332489159448,1990,1990-01-01,2025-12-01
1991-04-01,62.8823,90.1593933389442,3459.99,3224.5593317132443,87.26841836414292,375.3399963,1.1535136363636362,432.9598040047268,403.4995986289495,104.61643297435394,1990,1990-01-01,2025-12-01
1991-05-01,62.8823,90.1593933389442,3537.09,3280.469201934704,88.78154479267073,389.8299866,1.1498545454545455,448.24778204649454,415.7267821398565,107.78660793507359,1990,1990-01-01,2025-12-01
1991-06-01,64.6421,92.68255964166967,3457.0,3190.7569193742484,86.35360094003633,371.1600037,1.143895,424.56807243241155,391.86968899598037,101.6011148284389,1990,1990-01-01,2025-12-01
1991-07-01,64.6421,92.68255964166967,3537.96,3261.5568749999998,88.26970776646216,387.8099976,1.1493318181818182,445.72236965069453,410.900309521734,106.53523531692959,1990,1990-01-01,2025-12-01
1991-08-01,64.6421,92.68255964166967,3517.9,3239.170828331333,87.66385912631247,395.4299927,1.1451500000000001,452.8266561404051,416.94843368510294,108.10334883750711,1990,1990-01-01,2025-12-01
1991-09-01,60.6376,86.94098704292881,3387.9,3126.9787003610113,84.62752809509665,387.8599854,1.136955,440.979349700457,407.01704117960355,105.52840982412532,1990,1990-01-01,2025-12-01
1991-10-01,60.6376,86.94098704292881,3515.8,3248.9380722891574,87.92819661999512,392.4500122,1.127940909090909,442.6604235336063,409.0608974099712,106.05832596049822,1990,1990-01-01,2025-12-01
1991-11-01,60.6376,86.94098704292881,3448.5,3175.2695078031215,85.9344547022623,375.2200012,1.1301736842105263,424.06377114568215,390.4644807547878,101.23678268466665,1990,1990-01-01,2025-12-01
1991-12-01,61.4683,88.13202821105818,3512.4,3249.7114595898674,87.94912732077401,417.0899963,1.146652380952381,478.25723732881477,442.4889035358274,114.72529557884425,1990,1990-01-01,2025-12-01
1992-01-01,61.4683,88.13202821105818,3596.1,3311.174909963986,89.61255402488196,408.7799988,1.157057142857143,472.9818174686743,435.5066674651539,112.91499233596436,1990,1990-01-01,2025-12-01
1992-02-01,61.4683,88.13202821105818,3581.9,3298.1,89.2586989409985,412.7000122,1.182457894736842,488.00038758388104,449.33529084854354,116.5003769465853,1990,1990-01-01,2025-12-01
1992-03-01,62.2387,89.23661243632223,3412.1,3130.479306220096,84.72226734632831,403.6900024,1.1928363636363637,481.53611449917094,441.79210504888056,114.5446347493069,1990,1990-01-01,2025-12-01
1992-04-01,62.2387,89.23661243632223,3355.6,3074.964396654719,83.2198300037272,414.9500122,1.1874318181818182,492.7248474412136,451.517273581136,117.06610551501784,1990,1990-01-01,2025-12-01
1992-05-01,62.2387,89.23661243632223,3387.9,3100.8583532219573,83.92061556924261,415.3500061,1.1990750000000001,498.0358085643575,455.83945724207905,118.18672977041817,1990,1990-01-01,2025-12-01
1992-06-01,62.3972,89.46386658962487,3387.7,3093.292738095238,83.71586223765797,408.1400146,1.1960454545454544,488.1540092804454,445.7311013310734,115.56590897595413,1990,1990-01-01,2025-12-01
1992-07-01,62.3972,89.46386658962487,3443.4,3136.6838479809976,84.890185033816,424.2099915,1.192404347826087,505.82983825586746,460.77373627345645,119.4660536490958,1990,1990-01-01,2025-12-01
1992-08-01,62.3972,89.46386658962487,3402.9,3099.791330166271,83.8917380064972,414.0299988,1.1907476190476192,493.0052352853886,449.09146729678514,116.4371601544329,1990,1990-01-01,2025-12-01
1992-09-01,62.2764,89.2906659478649,3297.9,3004.14406175772,81.30317163937441,417.7999878,1.2224761904761905,510.75053746674286,465.2561309227931,120.62821624105453,1990,1990-01-01,2025-12-01
1992-10-01,62.2764,89.2906659478649,3336.1,3035.3365361803085,82.1473545579368,418.6799927,1.245304761904762,521.3841886235609,474.3792083917809,122.9935812272831,1990,1990-01-01,2025-12-01
1992-11-01,62.2764,89.2906659478649,3282.8,2972.7362455726093,80.45316078183187,431.3500061,1.2674315789473685,546.70661931028,495.0696304734176,128.35804295728133,1990,1990-01-01,2025-12-01
1992-12-01,63.3468,90.82538421723491,3350.4,3033.9513577331763,82.10986654180867,435.7099915,1.2724681818181818,554.4271006840204,502.06090463358163,130.17068953008427,1990,1990-01-01,2025-12-01
1993-01-01,63.3468,90.82538421723491,3305.5,2982.727647058824,80.72356480149674,438.7799988,1.2779105263157895,560.7215792033495,505.9687661752577,131.18389136829418,1990,1990-01-01,2025-12-01
1993-02-01,63.3468,90.82538421723491,3451.7,3103.6974208675265,83.9974511667833,443.3800049,1.2602263157894735,558.7591500698458,502.4246988318543,130.2650114364489,1990,1990-01-01,2025-12-01
1993-03-01,63.4415,90.96116319715767,3602.4,3243.005633802817,87.7676430464715,451.6700134,1.2470739130434783,563.2658910151383,507.07152395376886,131.4698063620502,1990,1990-01-01,2025-12-01
1993-04-01,63.4415,90.96116319715767,3789.4,3411.349530516432,92.32364716863732,440.1900024,1.2620545454545455,555.5437933925673,500.1198233944825,129.66742014384945,1990,1990-01-01,2025-12-01
1993-05-01,63.4415,90.96116319715767,3882.6,3487.065807962529,94.37280771971045,450.1900024,1.269805,571.653515997532,513.4171507846687,133.1150542044045,1990,1990-01-01,2025-12-01
1993-06-01,63.3176,90.78351783694191,3966.4,3562.328805620609,96.4097008549579,450.5299988,1.2789227272727273,576.1930547834745,517.4942307013173,134.17212974866885,1990,1990-01-01,2025-12-01
1993-07-01,63.3176,90.78351783694191,3967.2,3554.7224299065424,96.20384439217813,448.1300049,1.2819666666666667,574.48772861497,514.7571119715911,133.46246956783045,1990,1990-01-01,2025-12-01
1993-08-01,63.3176,90.78351783694191,4137.6,3703.0795799299885,100.21893374352811,463.5599976,1.3080136363636363,606.3427981334945,542.6661915617157,140.6985321667455,1990,1990-01-01,2025-12-01
1993-09-01,61.6801,88.43570284619697,3990.6,3571.51715285881,96.65837127729195,458.9299927,1.3214761904761905,606.465058448462,542.7756124036993,140.7269020045849,1990,1990-01-01,2025-12-01
1993-10-01,61.6801,88.43570284619697,4255.5,3799.730500582072,102.83466262647727,467.8299866,1.32629,620.478232927714,554.0242196223011,143.64335884156395,1990,1990-01-01,2025-12-01
1993-11-01,61.6801,88.43570284619697,4180.2,3715.1951332560834,100.54682511335847,461.7900085,1.3174350000000001,608.3783198481975,540.7024001431837,140.18937465082593,1990,1990-01-01,2025-12-01
1993-12-01,62.1264,89.0755989258119,4321.4,3849.609523809524,104.18457218583879,466.4500122,1.3307608695652173,620.7334238439782,552.9646179887704,143.36863305831548,1990,1990-01-01,2025-12-01
1994-01-01,62.1264,89.0755989258119,4554.9,4057.6170731707316,109.81402042145531,481.6099854,1.31725,634.4007532681501,565.139811564078,146.52532844772585,1990,1990-01-01,2025-12-01
1994-02-01,62.1264,89.0755989258119,4423.8,3973.131850117096,107.5275399965114,467.1400146,1.3424263157894736,627.1010487573188,563.2160473031189,146.02654888128038,1990,1990-01-01,2025-12-01
1994-03-01,65.273,93.58713153642447,4329.6,3888.5283372365343,105.23785821440748,445.769989,1.3644391304347827,608.2260161650827,546.2638810288272,141.63131485172835,1990,1990-01-01,2025-12-01
1994-04-01,65.273,93.58713153642447,4267.1,3832.3954332552694,103.71869567320262,450.9100037,1.3829714285714285,623.5956519741371,560.0677576863737,145.210283311765,1990,1990-01-01,2025-12-01
1994-05-01,65.273,93.58713153642447,4326.8,3895.135680751174,105.41667719672243,456.5,1.3808380952380952,630.3525904761905,567.4653015202325,147.12826452240162,1990,1990-01-01,2025-12-01
1994-06-01,64.9563,93.1330533638633,4025.3,3615.2284543325527,97.84135963378935,444.269989,1.3836318181818184,614.7060926436865,552.0838092010626,143.14026338009137,1990,1990-01-01,2025-12-01
1994-07-01,64.9563,93.1330533638633,4179.0,3740.131855309218,101.22170439728437,458.2600098,1.3825749999999999,633.578833049235,567.0419661012406,147.0185052025978,1990,1990-01-01,2025-12-01
1994-08-01,64.9563,93.1330533638633,4349.5,3888.1893939393944,105.22868516394888,475.4899902,1.3783173913043478,655.376122883794,585.8665340930886,151.89920189295884,1990,1990-01-01,2025-12-01
1994-09-01,63.5844,91.16605038016681,4354.2,3887.859604190919,105.2197598421354,462.7099915,1.3540142857142858,626.5159386337358,559.4152793155708,145.04111347868894,1990,1990-01-01,2025-12-01
1994-10-01,63.5844,91.16605038016681,4291.7,3840.9963827304546,103.95146895473208,472.3500061,1.35027,637.800042736647,570.819874887991,147.99801383833184,1990,1990-01-01,2025-12-01
1994-11-01,63.5844,91.16605038016681,4093.4,3642.271229698376,98.57323645526446,453.6900024,1.364665,619.134867125196,550.9007460383125,142.8335273920239,1990,1990-01-01,2025-12-01
1994-12-01,64.1443,91.96882388448321,4213.6,3744.879721900348,101.35019910474314,459.269989,1.389252380952381,638.0419257182238,567.0662306209474,147.02479633029205,1990,1990-01-01,2025-12-01
1995-01-01,64.1443,91.96882388448321,4017.5,3558.2245958429567,96.29862586483202,470.4200134,1.4132250000000002,664.8093234372151,588.8091813814596,152.6621500194429,1990,1990-01-01,2025-12-01
1995-02-01,64.1443,91.96882388448321,4124.8,3636.4616091954026,98.4160067874447,487.3900146,1.4004894736842106,682.5845850260937,601.7728467988666,156.02327463728733,1990,1990-01-01,2025-12-01
1995-03-01,61.7928,88.59728986876611,4313.6,3794.187155963303,102.68463936203625,500.7099915,1.4076956521739132,704.847278034587,619.9746126749177,160.74249573752405,1990,1990-01-01,2025-12-01
1995-04-01,61.7928,88.59728986876611,4279.5,3751.287428571429,101.52361518086461,514.710022,1.3762,708.3439322764,620.9140526354272,160.9860668786008,1990,1990-01-01,2025-12-01
1995-05-01,61.7928,88.59728986876611,4448.6,3890.6228050171044,105.2945422049073,533.4000244,1.3608727272727272,725.8895459325672,634.8429666251757,164.59745410616054,1990,1990-01-01,2025-12-01
1995-06-01,59.7398,85.65373922693442,4527.2,3959.364196123147,107.1549367149342,544.75,1.3775090909090908,750.3980772727272,656.2774518451332,170.15483109977566,1990,1990-01-01,2025-12-01
1995-07-01,59.7398,85.65373922693442,4615.1,4027.055403868032,108.98690940619684,562.0599976,1.36117,765.059206933192,667.5772602022278,173.0845629945033,1990,1990-01-01,2025-12-01
1995-08-01,59.7398,85.65373922693442,4516.7,3950.1811858608894,106.90641073077029,561.8800049,1.355217391304348,761.4695544666523,665.9602602918156,172.6653190514561,1990,1990-01-01,2025-12-01
1995-09-01,60.1995,86.31284796051943,4529.8,3957.12596810934,107.09436204453438,584.4099731,1.350935,789.4998870098485,689.6883978776241,178.81737750154318,1990,1990-01-01,2025-12-01
1995-10-01,60.1995,86.31284796051943,4459.2,3899.8932725199543,105.54543510320609,581.5,1.3458190476190477,782.5937761904762,684.4349217082043,177.45529451700503,1990,1990-01-01,2025-12-01
1995-11-01,60.1995,86.31284796051943,4661.2,4062.6595454545454,109.95048824095723,605.3699951,1.3533714285714287,819.2904550827658,714.0861125550924,185.14303901633917,1990,1990-01-01,2025-12-01
1995-12-01,60.2732,86.41851755735479,4713.5,4117.601936218679,111.43743112210531,615.9299927,1.3693,843.39293900411,736.7680913623603,191.02385704857306,1990,1990-01-01,2025-12-01
1996-01-01,60.2732,86.41851755735479,4968.4,4330.4122727272725,117.19686041713977,636.0200195,1.3668666666666667,869.3545639872333,757.7215347479637,196.4565130238958,1990,1990-01-01,2025-12-01
1996-02-01,60.2732,86.41851755735479,4933.7,4295.287060158911,116.24624316057448,640.4299927,1.37522,880.732134560894,766.7667959230484,198.80170236900088,1990,1990-01-01,2025-12-01
1996-03-01,59.296,85.01742759768702,4970.8,4308.026666666667,116.59102370146243,645.5,1.3656,881.4947999999999,763.9621599999999,198.07453682272015,1990,1990-01-01,2025-12-01
1996-04-01,59.296,85.01742759768702,5146.5,4450.242953776776,120.43991874881328,654.1699829,1.3591863636363637,889.1389202579132,768.8495511136634,199.34170394407388,1990,1990-01-01,2025-12-01
1996-05-01,59.296,85.01742759768702,5246.4,4521.3357303370785,122.36395038517232,669.1199951,1.36925,916.192553290675,789.5726835662334,204.71464658047185,1990,1990-01-01,2025-12-01
1996-06-01,60.0922,86.1590033507442,5044.1,4346.994044943821,117.64562407324028,670.6300049,1.3658,915.9464606924199,789.3606015180743,204.65965949386336,1990,1990-01-01,2025-12-01
1996-07-01,60.0922,86.1590033507442,4929.2,4247.973483146067,114.96576399790169,639.9500122,1.369731818181818,876.5598937561826,755.4173466415641,195.85909993745773,1990,1990-01-01,2025-12-01
1996-08-01,60.0922,86.1590033507442,5143.4,4432.570561797753,119.961638916418,651.9899902,1.3722409090909091,894.6873368702209,771.0395363814151,199.90950735145535,1990,1990-01-01,2025-12-01
1996-09-01,59.1753,84.84437033394173,5291.1,4554.740404040405,123.26800354102193,687.3300171,1.3693849999999999,941.2194154664834,810.2304059066138,210.0706301600554,1990,1990-01-01,2025-12-01
1996-10-01,59.1753,84.84437033394173,5598.8,4808.823740201568,130.14443179011496,705.2700195,1.3508363636363636,952.7043885231272,818.2802530764151,212.1577358220061,1990,1990-01-01,2025-12-01
1996-11-01,59.1753,84.84437033394173,6016.7,5144.714492753623,139.23486918107014,757.0200195,1.3380578947368422,1012.9366135658132,866.1342058026519,224.56495965804754,1990,1990-01-01,2025-12-01
1996-12-01,59.16,84.82243349769233,5927.0,5068.014492753623,137.15908548476784,740.7399902,1.3621571428571428,1009.0042686508599,862.7717659478368,223.69317077672815,1990,1990-01-01,2025-12-01
1997-01-01,59.16,84.82243349769233,6109.6,5212.528587319243,141.07016764102863,786.1599731,1.3494380952380953,1060.8742166524962,905.1062560316625,234.66934859550886,1990,1990-01-01,2025-12-01
1997-02-01,59.16,84.82243349769233,6157.8,5241.989567147615,141.8674899566065,790.8200073,1.3555842105263158,1072.023115264186,912.5879349696233,236.60914374229063,1990,1990-01-01,2025-12-01
1997-03-01,59.5255,85.34648014142807,5850.2,4974.6157427937915,134.63137228500733,757.1199951,1.3724761904761904,1039.1291666082,883.6053999872388,229.0947634586073,1990,1990-01-01,2025-12-01
1997-04-01,59.5255,85.34648014142807,5976.6,5082.0977827051,137.5402310345928,801.3400269,1.394159090909091,1117.1954834119706,949.9877336773629,246.30589077266512,1990,1990-01-01,2025-12-01
1997-05-01,59.5255,85.34648014142807,6382.1,5420.897785160576,146.70940341274473,848.2800293,1.3803999999999998,1170.96575244572,994.6076767728321,257.8746241791615,1990,1990-01-01,2025-12-01
1997-06-01,60.8449,87.23820966740603,6437.7,5456.039668508288,147.66047184182605,885.1400146,1.3842714285714286,1225.274032496077,1038.4366662149073,269.23828489129284,1990,1990-01-01,2025-12-01
1997-07-01,60.8449,87.23820966740603,6877.7,5828.945745856354,157.7526798680471,954.3099976,1.3775318181818184,1314.5923861030146,1114.1352045757042,288.8648498038426,1990,1990-01-01,2025-12-01
1997-08-01,60.8449,87.23820966740603,6611.8,5597.406843267109,151.48638679041377,899.4699707,1.3905333333333334,1250.7429765907068,1058.8519459658635,274.5314097245659,1990,1990-01-01,2025-12-01
1997-09-01,59.6296,85.49573665473285,7040.2,5960.081015452539,161.30168188418747,947.2800293,1.3871619047619048,1314.030769786701,1112.4300225456952,288.42274264399003,1990,1990-01-01,2025-12-01
1997-10-01,59.6296,85.49573665473285,6842.4,5792.627814569537,156.7697832624591,914.6199951,1.3869045454545454,1268.4906285678042,1073.876724184885,278.4269246367138,1990,1990-01-01,2025-12-01
1997-11-01,59.6296,85.49573665473285,6512.8,5519.687955801106,149.3830282572106,955.4000244,1.4128222222222222,1349.8103855839734,1143.9829455722736,296.60355439243114,1990,1990-01-01,2025-12-01
1997-12-01,59.5975,85.44971231201349,6699.4,5684.114823008849,153.83302317486246,970.4299927,1.4270909090909092,1384.8918204913273,1175.0133034478406,304.6488792598908,1990,1990-01-01,2025-12-01
1998-01-01,59.5975,85.44971231201349,6700.2,5653.524092409241,153.0051256541761,980.2800293,1.440945,1412.5296068196885,1191.8704163154027,309.019468535426,1990,1990-01-01,2025-12-01
1998-02-01,59.5975,85.44971231201349,7092.5,5977.964285714286,161.78566885740656,1049.339966,1.4334105263157895,1504.1349529482527,1267.7708889135272,328.69838948420573,1990,1990-01-01,2025-12-01
1998-03-01,58.7171,84.18741227057725,7558.5,6363.742590559826,172.22624663557482,1101.75,1.4165772727272727,1560.7140102272726,1314.0149789729069,340.68821986965287,1990,1990-01-01,2025-12-01
1998-04-01,58.7171,84.18741227057725,7665.0,6460.5,174.84485749623138,1111.75,1.4297727272727274,1589.5498295454547,1339.7634277597406,347.36408987263263,1990,1990-01-01,2025-12-01
1998-05-01,58.7171,84.18741227057725,7589.8,6376.09704271632,172.56060348516021,1090.819946,1.44522,1576.47480235812,1324.3769697794944,343.374801269936,1990,1990-01-01,2025-12-01
1998-06-01,59.072,84.69626084475459,7366.9,6182.070350109409,167.30952858084623,1133.839966,1.4655090909090909,1661.6527778090544,1394.4066527128498,361.53158669353115,1990,1990-01-01,2025-12-01
1998-07-01,59.072,84.69626084475459,6931.4,5816.612472647702,157.41889619857434,1120.670044,1.486895652173913,1666.3194159451477,1398.3227483916066,362.54692341874704,1990,1990-01-01,2025-12-01
1998-08-01,59.072,84.69626084475459,5530.7,4641.189168490153,125.60762460764856,957.2800293,1.5346380952380954,1469.07840077442,1232.8043034945078,319.63250824848546,1990,1990-01-01,2025-12-01
1998-09-01,57.8359,82.92396520502339,5614.1,4721.507346491228,127.78132948915231,1017.01001,1.5217619047619049,1547.6470899795238,1301.5847785244462,337.4654081580853,1990,1990-01-01,2025-12-01
1998-10-01,57.8359,82.92396520502339,6208.3,5198.434606986901,140.68873277023485,1098.670044,1.5451761904761905,1697.6387931782285,1421.4944916677962,368.5547240103447,1990,1990-01-01,2025-12-01
1998-11-01,57.8359,82.92396520502339,6343.9,5311.977401746724,143.76161780537225,1163.630005,1.5403947368421052,1792.4495353335524,1500.8829624463262,389.13798768733284,1990,1990-01-01,2025-12-01
1998-12-01,58.5525,83.9514120583778,6485.9,5448.724315443593,147.46249152077795,1229.22998,1.5432727272727271,1897.03710368,1593.6773915909748,413.1970504720066,1990,1990-01-01,2025-12-01
1999-01-01,58.5525,83.9514120583778,6729.6,5641.096393442624,152.66878647689504,1279.640015,1.519442105263158,1944.338918370579,1629.844754524846,422.5742605438062,1990,1990-01-01,2025-12-01
1999-02-01,58.5525,83.9514120583778,6312.7,5285.852510917031,143.05458231056193,1238.329956,1.4977421052631579,1854.6989153098737,1553.006624500735,402.65223061649965,1990,1990-01-01,2025-12-01
1999-03-01,58.7194,84.1907099649154,6597.8,5500.557173913044,148.86527903764406,1286.369995,1.5175695652173913,1952.1559540208477,1627.5039312325982,421.96734895358315,1990,1990-01-01,2025-12-01
1999-04-01,58.7194,84.1907099649154,7014.7,5816.513405405405,157.41621507515327,1335.180054,1.4881,1986.8814383574,1647.5006088866223,427.15194168827315,1990,1990-01-01,2025-12-01
1999-05-01,58.7194,84.1907099649154,6841.8,5660.906796116505,153.20492873097098,1301.839966,1.4611100000000001,1902.1313927222602,1573.823924722733,408.04958838533435,1990,1990-01-01,2025-12-01
1999-06-01,60.36,86.54296967411611,7010.1,5787.671367061356,156.63564358932925,1372.709961,1.4694863636363635,2017.1785689173043,1665.4208421523922,431.7981690666978,1990,1990-01-01,2025-12-01
1999-07-01,60.36,86.54296967411611,7081.0,5833.648764769066,157.8799608326157,1328.719971,1.489047619047619,1978.5273091985712,1630.0004792215943,422.61463570738795,1990,1990-01-01,2025-12-01
1999-08-01,60.36,86.54296967411611,6970.8,5730.550482315113,155.0897426600644,1320.410034,1.4931954545454544,1971.630260905009,1620.836452426733,420.23865367861424,1990,1990-01-01,2025-12-01
1999-09-01,59.4283,85.20711671113776,6957.7,5701.448611111112,154.3021391427612,1282.709961,1.477052380952381,1894.629801966386,1552.543865500233,402.5322498380211,1990,1990-01-01,2025-12-01
1999-10-01,59.4283,85.20711671113776,7256.2,5939.706937033084,160.75028449422283,1362.930054,1.4776099999999999,2013.8790770909397,1648.5008026987734,427.4112646448902,1990,1990-01-01,2025-12-01
1999-11-01,59.4283,85.20711671113776,7523.2,6164.844444444445,166.8433323079209,1388.910034,1.46743,2038.12825119262,1670.132872505064,433.01986992895,1990,1990-01-01,2025-12-01
1999-12-01,60.0764,86.1363496244213,8413.8,6887.283457844183,186.3951853142819,1469.25,1.4722086956521738,2163.0426260869563,1770.6015946731009,459.0686674356282,1990,1990-01-01,2025-12-01
2000-01-01,60.0764,86.1363496244213,8481.1,6957.223208556151,188.28801183646374,1394.459961,1.4486,2020.0146995046002,1657.0601866524369,429.63047928781145,1990,1990-01-01,2025-12-01
2000-02-01,60.0764,86.1363496244213,9129.0,7440.959617428269,201.37969568059097,1366.420044,1.45121,1982.96243205324,1616.2935020030131,419.06079062714207,1990,1990-01-01,2025-12-01
2000-03-01,60.0711,86.1287505896421,9462.4,7655.760337552743,207.1929920663586,1498.579956,1.4607739130434783,2189.0865063346437,1771.1280067074597,459.2051517084665,1990,1990-01-01,2025-12-01
2000-04-01,60.0711,86.1287505896421,9347.6,7586.888042328043,205.32905481010894,1452.430054,1.4688750000000002,2133.43819556925,1731.5842285731374,448.95252932966133,1990,1990-01-01,2025-12-01
2000-05-01,60.0711,86.1287505896421,9252.0,7477.643835616438,202.3725053549925,1420.599976,1.4957363636363636,2124.843042284145,1717.3388971885556,445.259103707786,1990,1990-01-01,2025-12-01
2000-06-01,60.7041,87.03633342270562,10195.5,8188.4277486911,221.60892854083772,1454.599976,1.4770454545454543,2148.510282732727,1725.5574731476456,447.3899561395859,1990,1990-01-01,2025-12-01
2000-07-01,60.7041,87.03633342270562,10406.3,8331.55751565762,225.48254570804306,1430.829956,1.4777850000000001,2114.45904652746,1692.8915330757432,438.92056944951634,1990,1990-01-01,2025-12-01
2000-08-01,60.7041,87.03633342270562,11247.9,9014.77460815047,243.9729094842062,1517.680054,1.482813043478261,2250.4357798979913,1803.6407974731028,467.63483096341645,1990,1990-01-01,2025-12-01
2000-09-01,60.0071,86.03698866023282,10377.9,8282.881685744018,224.16519897872575,1436.51001,1.48643,2135.2715741642996,1704.2177912424745,441.85715905797264,1990,1990-01-01,2025-12-01
2000-10-01,60.0071,86.03698866023282,9639.6,7677.646105919004,207.7853013382717,1429.400024,1.5124761904761905,2161.933502966095,1721.9138076583542,446.44525312690223,1990,1990-01-01,2025-12-01
2000-11-01,60.0071,86.03698866023282,8819.9,7002.964078674949,189.52592777449868,1314.949951,1.5426380952380954,2028.4918877440668,1610.6141593164589,417.58829207813443,1990,1990-01-01,2025-12-01
2000-12-01,60.2182,86.33965964926871,8933.7,7085.9854188210975,191.7727901515592,1320.280029,1.521875,2009.3011691343752,1593.7269873072037,413.2099092875799,1990,1990-01-01,2025-12-01
2001-01-01,60.2182,86.33965964926871,9321.9,7424.607788161993,200.93715512523698,1366.01001,1.5032,2053.386247032,1635.4592434823926,424.02994429097276,1990,1990-01-01,2025-12-01
2001-02-01,60.2182,86.33965964926871,8078.7,6401.201342975207,173.2400180507987,1239.939941,1.5215631578947368,1886.6469322277737,1494.894831630891,387.58542880444105,1990,1990-01-01,2025-12-01
2001-03-01,59.9294,85.92558394280938,7608.0,6009.614830072091,162.6422488307706,1160.329956,1.558740909090909,1808.6537704608545,1428.6688382528068,370.41483626620783,1990,1990-01-01,2025-12-01
2001-04-01,59.9294,85.92558394280938,7946.6,6232.149488752557,168.6648539983209,1249.459961,1.5577666666666665,1946.3670785804331,1526.4453469030595,395.76561628787994,1990,1990-01-01,2025-12-01
2001-05-01,59.9294,85.92558394280938,8161.9,6349.064198782962,171.82899544472278,1255.819946,1.54105,1935.2813277833002,1505.4368949389363,390.31869808952825,1990,1990-01-01,2025-12-01
2001-06-01,61.4651,88.12744011458771,7736.4,6011.974468085106,162.70610930165188,1224.380005,1.5245380952380954,1866.6139606703096,1450.550058595874,376.0880394842427,1990,1990-01-01,2025-12-01
2001-07-01,61.4651,88.12744011458771,7689.7,5993.902337398374,162.2170110717045,1211.22998,1.5307904761904763,1854.1393178603812,1445.2488382102767,374.7135777275605,1990,1990-01-01,2025-12-01
2001-08-01,61.4651,88.12744011458771,7399.2,5767.465853658537,156.08880818780395,1133.579956,1.5398565217391305,1745.5504881593565,1360.6069353843766,352.76824250567745,1990,1990-01-01,2025-12-01
2001-09-01,61.5748,88.28472579671579,6838.6,5319.681744421907,143.97012561392336,1040.939941,1.5679388888888888,1632.1302144916056,1269.6185339909346,329.1774334239216,1990,1990-01-01,2025-12-01
2001-10-01,61.5748,88.28472579671579,6885.7,5383.6206931702345,145.70054839580715,1059.780029,1.5716772727272728,1665.6321856695502,1302.2832685102396,337.6465075471066,1990,1990-01-01,2025-12-01
2001-11-01,61.5748,88.28472579671579,7425.7,5859.580144032921,158.58175919374403,1139.449951,1.592245,1814.283487229995,1431.6413937298419,371.1855387697108,1990,1990-01-01,2025-12-01
2001-12-01,62.9571,90.26664009394128,7688.4,6054.417659137576,163.85477793275695,1148.079956,1.578755,1812.53697093478,1427.3263415882711,370.066763522639,1990,1990-01-01,2025-12-01
2002-01-01,62.9571,90.26664009394128,7648.5,6010.655225409837,162.67040574967285,1130.199951,1.5997142857142859,1807.997007328286,1420.8337137508151,368.383402331469,1990,1990-01-01,2025-12-01
2002-02-01,62.9571,90.26664009394128,7637.5,5965.338594704684,161.4439712882764,1106.72998,1.5964,1766.7837400720002,1379.9624527853607,357.7865998863153,1990,1990-01-01,2025-12-01
2002-03-01,65.2743,93.58899545061558,7851.5,6089.080384226491,164.79287857954938,1147.390015,1.5877428571428571,1821.7603006732857,1412.8312948598684,366.3085935277376,1990,1990-01-01,2025-12-01
2002-04-01,65.2743,93.58899545061558,7663.4,5907.364623115577,159.87498269590924,1076.920044,1.5814863636363639,1703.134364312673,1312.868399424945,340.3909430871314,1990,1990-01-01,2025-12-01
2002-05-01,65.2743,93.58899545061558,7656.1,5889.898395185557,159.40228241985926,1067.140015,1.5501545454545456,1654.231944888682,1272.6137429584944,329.95400935922277,1990,1990-01-01,2025-12-01
2002-06-01,66.8429,95.83802298923088,7145.6,5486.161361361362,148.47567547845492,989.8200073,1.53184,1516.2458799824321,1164.1247146611865,301.8257653761226,1990,1990-01-01,2025-12-01
2002-07-01,66.8429,95.83802298923088,6605.4,5041.136119402985,136.4316579856234,911.6199951,1.54555,1408.954283426805,1075.2914779983678,278.79373168684805,1990,1990-01-01,2025-12-01
2002-08-01,66.8429,95.83802298923088,6612.0,5026.168483647175,136.02657879039387,916.0700073,1.5694181818181818,1437.6969252749345,1092.8776428997767,283.35334425631686,1990,1990-01-01,2025-12-01
2002-09-01,65.5781,94.02457785928023,6180.4,4698.084043607531,127.14740888629012,815.2800293,1.576135,1284.9913889807556,976.7972203649549,253.25685894378455,1990,1990-01-01,2025-12-01
2002-10-01,65.5781,94.02457785928023,6248.8,4735.997628458498,128.17348973768532,885.7600098,1.578009090909091,1397.7373478281256,1059.3523179685496,274.66114252791715,1990,1990-01-01,2025-12-01
2002-11-01,65.5781,94.02457785928023,6570.4,4965.021477832512,134.3717162382716,936.3099976,1.5714526315789474,1471.366809702198,1111.8604364941732,288.27506452687504,1990,1990-01-01,2025-12-01
2002-12-01,67.3256,96.53010866619734,6614.5,5018.1221562809105,135.80881562009398,879.8200073,1.5592190476190477,1371.8321138584897,1040.7470141735528,269.83729505929387,1990,1990-01-01,2025-12-01
2003-01-01,67.3256,96.53010866619734,6569.5,4940.00637254902,133.6947156162539,855.7000122,1.5414476190476192,1319.0167464247086,991.8488671644623,257.15934014551266,1990,1990-01-01,2025-12-01
2003-02-01,67.3256,96.53010866619734,6555.1,4890.8187743190665,132.36351855672322,841.1500244,1.5121473684210525,1271.942795843764,949.0079031246762,246.0518474534408,1990,1990-01-01,2025-12-01
2003-03-01,67.8586,97.2943134845589,6343.3,4719.021435499516,127.71405160770439,848.1799927,1.4760809523809524,1251.9823314150851,931.3971369499228,241.48585644525068,1990,1990-01-01,2025-12-01
2003-04-01,67.8586,97.2943134845589,6586.1,4933.14326171875,133.50897463102066,916.9199829,1.4582045454545456,1337.0568868828843,1001.4869455460666,259.6582308121621,1990,1990-01-01,2025-12-01
2003-05-01,67.8586,97.2943134845589,6859.8,5133.138146341464,138.9215707306776,963.5900269,1.3839571428571429,1333.5673005141614,997.898653165231,258.72788453517046,1990,1990-01-01,2025-12-01
2003-06-01,70.2072,100.66168953784964,6983.1,5225.402634146341,141.4185866307173,974.5,1.3525095238095237,1318.0205309523808,986.2651192590012,255.71162671411832,1990,1990-01-01,2025-12-01
2003-07-01,70.2072,100.66168953784964,7257.9,5425.740058479533,146.84045311298632,990.3099976,1.382090909090909,1368.6984448648,1023.1887984515611,265.28492894921465,1990,1990-01-01,2025-12-01
2003-08-01,70.2072,100.66168953784964,7510.3,5598.056462585035,151.5039678750155,1008.01001,1.3962714285714286,1407.455576677,1049.0946815464129,272.00161737131697,1990,1990-01-01,2025-12-01
2003-09-01,71.4171,102.39642013772894,7421.1,5520.837730358876,149.41414537952406,995.9699707,1.3633714285714287,1357.8770017675029,1010.1761982111298,261.9111168673667,1990,1990-01-01,2025-12-01
2003-10-01,71.4171,102.39642013772894,7772.7,5799.281031128405,156.94984373782893,1050.709961,1.3220954545454544,1389.1388634837317,1036.448938027259,268.7229212244616,1990,1990-01-01,2025-12-01
2003-11-01,71.4171,102.39642013772894,7859.4,5846.9057225994175,158.23874280037072,1058.199951,1.3130444444444445,1389.4635667719335,1033.6746418177236,268.00362193781535,1990,1990-01-01,2025-12-01
2003-12-01,73.3939,105.23071673235769,8220.9,6109.913081395349,165.35668787724322,1111.920044,1.3127545454545455,1459.6780919430182,1084.8576516669525,281.27397942394884,1990,1990-01-01,2025-12-01
2004-01-01,73.3939,105.23071673235769,8521.4,6327.118877057115,171.23507444017753,1131.130005,1.295755,1465.6673596287749,1088.2544674107166,282.15468103503156,1990,1990-01-01,2025-12-01
2004-02-01,73.3939,105.23071673235769,8788.5,6512.83043478261,176.26111125558148,1144.939941,1.3298947368421052,1522.6496015362106,1128.3789800756267,292.55787202729147,1990,1990-01-01,2025-12-01
2004-03-01,74.2536,106.46333752475063,8585.9,6338.195668912415,171.53485310954605,1126.209961,1.3285782608695653,1496.258071359361,1104.5523972402598,286.38028941091756,1990,1990-01-01,2025-12-01
2004-04-01,74.2536,106.46333752475063,8244.0,6074.109510086455,164.38771174174911,1107.300049,1.3419727272727273,1485.9664666657545,1094.847531155268,283.86408251565547,1990,1990-01-01,2025-12-01
2004-05-01,74.2536,106.46333752475063,8417.3,6148.637238095238,166.4047057798597,1120.680054,1.37886,1545.2608992584398,1128.7762949821176,292.66088493839686,1990,1990-01-01,2025-12-01
2004-06-01,76.8199,110.1428475160476,8545.6,6236.4178877259765,168.78037255110235,1140.839966,1.357840909090909,1549.0791765606816,1130.4887996403834,293.10489065589564,1990,1990-01-01,2025-12-01
2004-07-01,76.8199,110.1428475160476,8458.1,6178.440666666667,167.2112960161372,1101.719971,1.3225047619047618,1457.0299079330762,1064.325656556828,275.95059348362395,1990,1990-01-01,2025-12-01
2004-08-01,76.8199,110.1428475160476,8377.0,6130.876908396947,165.92404602981193,1104.23999,1.3126772727272729,1449.5107385095912,1060.8537561420387,275.0504244666742,1990,1990-01-01,2025-12-01
2004-09-01,74.8714,107.34912689957947,8668.3,6331.986761904761,171.36681728244898,1114.579956,1.2880952380952382,1435.6851338000001,1048.733807261524,271.90805251879783,1990,1990-01-01,2025-12-01
2004-10-01,74.8714,107.34912689957947,8871.0,6467.734790874525,175.0406575085325,1130.199951,1.2469350000000001,1409.2858759001851,1027.4926490641083,266.4007999455405,1990,1990-01-01,2025-12-01
2004-11-01,74.8714,107.34912689957947,9030.1,6558.794223484849,177.50506018919805,1173.819946,1.1967700000000001,1404.7924967744202,1020.3369744564209,264.54552882377214,1990,1990-01-01,2025-12-01
2004-12-01,77.3993,110.97357973323085,9246.7,6728.860436432638,182.10767651421625,1211.920044,1.2188826086956523,1477.1882647612697,1074.9557865957247,278.7066960683642,1990,1990-01-01,2025-12-01
2005-01-01,77.3993,110.97357973323085,9204.1,6704.220987654321,181.44084253690323,1181.27002,1.2248350000000001,1446.8608649467,1053.8863090352509,273.24395559848597,1990,1990-01-01,2025-12-01
2005-02-01,77.3993,110.97357973323085,9668.3,7015.691674550614,189.8703832635708,1203.599976,1.2400526315789473,1492.5273176071578,1083.035432927805,280.80152783976786,1990,1990-01-01,2025-12-01
2005-03-01,79.9412,114.61810548894053,9612.4,6935.758043273754,187.70708562875015,1180.589966,1.2160260869565216,1435.6281966551128,1035.867193635439,268.572090781552,1990,1990-01-01,2025-12-01
2005-04-01,79.9412,114.61810548894053,9369.3,6741.325609756098,182.4450298852256,1156.849976,1.2359,1429.7508853384,1028.7231979873854,266.7198476952561,1990,1990-01-01,2025-12-01
2005-05-01,79.9412,114.61810548894053,9607.3,6906.0910028116205,186.90418655562317,1191.5,1.2555285714285713,1495.9622928571428,1075.3543379769715,278.8100295636259,1990,1990-01-01,2025-12-01
2005-06-01,81.2524,116.4980780177129,9902.8,7105.189522918615,192.29252373940432,1191.329956,1.2401681818181818,1477.4495054780546,1060.0596545385106,274.84453559475804,1990,1990-01-01,2025-12-01
2005-07-01,81.2524,116.4980780177129,10422.9,7464.392436974791,202.01387383930108,1234.180054,1.222855,1509.2232499341699,1080.8349511666745,280.2310029781402,1990,1990-01-01,2025-12-01
2005-08-01,81.2524,116.4980780177129,10668.9,7612.136093023256,206.01235979050702,1220.329956,1.2042826086956522,1469.6221428811305,1048.5583103161182,271.86255095079474,1990,1990-01-01,2025-12-01
2005-09-01,81.9448,117.49082739150944,11011.8,7791.55959409594,210.86821869872287,1228.810059,1.1776809523809524,1447.1462005784142,1023.9493873096344,265.4821288809173,1990,1990-01-01,2025-12-01
2005-10-01,81.9448,117.49082739150944,10383.3,7380.899999999999,199.75426185185884,1207.01001,1.177415,1421.15169092415,1010.2162622231909,261.9215043722037,1990,1990-01-01,2025-12-01
2005-11-01,81.9448,117.49082739150944,10824.1,7708.528040854225,208.62107991778663,1249.47998,1.181545,1476.3168229691003,1051.3788330708448,272.593835518921,1990,1990-01-01,2025-12-01
2005-12-01,82.9798,118.97478984367496,11272.3,8035.180390334573,217.46149219171292,1248.290039,1.1614809523809524,1449.8651033453762,1033.5004965296503,267.9584708176669,1990,1990-01-01,2025-12-01
2006-01-01,82.9798,118.97478984367496,11945.6,8467.906839186691,229.17265917327762,1280.079956,1.157165,1481.26372228474,1050.0270563700515,272.243356715236,1990,1990-01-01,2025-12-01
2006-02-01,82.9798,118.97478984367496,11688.3,8300.8575,224.6516905323154,1280.660034,1.1488947368421052,1471.3435727466315,1044.9264076820984,270.92089772543255,1990,1990-01-01,2025-12-01
2006-03-01,85.6578,122.814453077394,12110.6,8553.25064456722,231.48237598930498,1294.869995,1.1573086956521739,1498.564304952587,1058.3782890410996,274.4086034117696,1990,1990-01-01,2025-12-01
2006-04-01,85.6578,122.814453077394,12204.2,8571.99761904762,231.9897379708097,1310.609985,1.1441050000000001,1499.4754368884253,1053.2029854335367,273.06678843891154,1990,1990-01-01,2025-12-01
2006-05-01,85.6578,122.814453077394,11744.5,8211.514585232453,222.2337431287352,1270.089966,1.109990909090909,1409.7883159875817,985.6952036121013,255.5638631419177,1990,1990-01-01,2025-12-01
2006-06-01,88.764,127.26806097006698,11612.9,8134.332694063927,220.1449176875696,1270.199951,1.1137272727272727,1414.6563272455455,990.9053908651447,256.91472249194914,1990,1990-01-01,2025-12-01
2006-07-01,88.764,127.26806097006698,11831.0,8279.541058394161,224.07478933350728,1276.660034,1.129445,1441.91729210113,1009.078980877342,261.6266383597088,1990,1990-01-01,2025-12-01
2006-08-01,88.764,127.26806097006698,12073.8,8434.06612021858,228.25680503109834,1303.819946,1.118213043478261,1457.948469964322,1018.4394139003961,264.0535431628231,1990,1990-01-01,2025-12-01
2006-09-01,90.9982,130.47141257453865,11761.3,8260.913095238095,223.57064823553233,1335.849976,1.11612,1490.9688752131199,1047.2281385425485,271.517673715063,1990,1990-01-01,2025-12-01
2006-10-01,90.9982,130.47141257453865,12344.6,8686.52128440367,235.08916896672716,1377.939941,1.1285380952380952,1555.0577163686335,1094.2470352795797,283.70839032477403,1990,1990-01-01,2025-12-01
2006-11-01,90.9982,130.47141257453865,12752.4,8957.042857142857,242.41047627037844,1400.630005,1.1358809523809523,1590.948944012738,1117.4522344851373,289.7248651257246,1990,1990-01-01,2025-12-01
2006-12-01,91.8116,131.63764934612456,12908.4,9050.039122486289,244.9272967582129,1418.300049,1.153235,1635.6332570085149,1146.7373931677612,297.31770747519465,1990,1990-01-01,2025-12-01
2007-01-01,91.8116,131.63764934612456,13034.1,9138.167001828155,247.31236084071014,1438.23999,1.1762619047619047,1691.746910142143,1186.0785009863105,307.5177829727191,1990,1990-01-01,2025-12-01
2007-02-01,91.8116,131.63764934612456,13045.0,9079.414700544465,245.7223077882339,1406.819946,1.1709894736842106,1647.3713481349896,1146.5824174405961,297.2775264989838,1990,1990-01-01,2025-12-01
2007-03-01,93.7553,134.42448781788698,13165.5,9089.053555355536,245.98317060007025,1420.859985,1.1681590909090909,1659.7905083867045,1145.8679747368158,297.09229100559537,1990,1990-01-01,2025-12-01
2007-04-01,93.7553,134.42448781788698,13416.7,9220.97571684588,249.5534688008866,1482.369995,1.1349857142857143,1682.4687676107858,1156.3203806070544,299.8023145641321,1990,1990-01-01,2025-12-01
2007-05-01,93.7553,134.42448781788698,14056.8,9617.81052631579,260.2932762014455,1530.619995,1.0950863636363637,1676.1610844336592,1146.8470577703986,297.3461405135185,1990,1990-01-01,2025-12-01
2007-06-01,96.4194,138.24422150756246,13906.6,9532.048436103665,257.9722390616393,1503.349976,1.065104761904762,1601.2252182470097,1097.5332818547422,284.5604243682672,1990,1990-01-01,2025-12-01
2007-07-01,96.4194,138.24422150756246,13868.6,9497.514464285716,257.0376229512317,1455.27002,1.0501857142857143,1528.3037854322856,1046.61518163086,271.358750717653,1990,1990-01-01,2025-12-01
2007-08-01,96.4194,138.24422150756246,13660.5,9380.128469113697,253.86072679800753,1473.98999,1.0578521739130435,1559.2635152475652,1070.6849742120703,277.5993909830585,1990,1990-01-01,2025-12-01
2007-09-01,98.4359,141.13543917402794,14098.9,9663.85728328865,261.53947056118284,1526.75,1.026745,1567.58292875,1074.4737322173817,278.58171252505144,1990,1990-01-01,2025-12-01
2007-10-01,98.4359,141.13543917402794,14625.0,10051.411290322581,272.02810536219533,1549.380005,0.9754130434782609,1511.285466181413,1038.6702083881219,269.29883600260445,1990,1990-01-01,2025-12-01
2007-11-01,98.4359,141.13543917402794,13689.1,9382.966666666667,253.9375388476469,1481.140015,0.9672380952380953,1432.615046889524,981.962234999343,254.59600626672133,1990,1990-01-01,2025-12-01
2007-12-01,98.7641,141.60600581827984,13833.1,9473.203303571428,256.37967365463584,1468.359985,1.00207,1471.39949016895,1007.6459008567721,261.2550798242648,1990,1990-01-01,2025-12-01
2008-01-01,98.7641,141.60600581827984,13155.1,9025.01046511628,244.24992936696123,1378.550049,1.0099428571428573,1392.2567752014859,955.1529039172984,247.6450784398733,1990,1990-01-01,2025-12-01
2008-02-01,98.7641,141.60600581827984,13582.7,9285.143404634582,251.29008210129348,1330.630005,0.998555,1328.7072446427749,908.3052198226457,235.4987525953243,1990,1990-01-01,2025-12-01
2008-03-01,99.9306,143.27851035977847,13350.1,9093.718206039077,246.10941317944236,1322.699951,1.0029428571428571,1326.5924679986572,903.6380310434904,234.28867792919766,1990,1990-01-01,2025-12-01
2008-04-01,99.9306,143.27851035977847,13937.0,9418.219383259911,254.8916068314099,1385.589966,1.0137181818181817,1404.5977410790363,949.1863148965823,246.09810475639938,1990,1990-01-01,2025-12-01
2008-05-01,99.9306,143.27851035977847,14714.7,9848.320157068065,266.5317134029609,1400.380005,0.9993047619047618,1399.4064074727141,936.6009725406386,242.8350689826002,1990,1990-01-01,2025-12-01
2008-06-01,98.653,141.44671284394593,14467.0,9615.4150779896,260.22844657196913,1280.0,1.0166238095238096,1301.2784761904763,864.8878606915904,224.24181638797413,1990,1990-01-01,2025-12-01
2008-07-01,98.653,141.44671284394593,13592.9,9003.242055267703,243.66079624755966,1267.380005,1.0129636363636363,1283.8098585193636,850.330018552981,220.4673652571179,1990,1990-01-01,2025-12-01
2008-08-01,98.653,141.44671284394593,13771.3,9137.18607266436,247.28581329487662,1282.829956,1.0534571428571429,1351.4063802193143,896.6511190555485,232.47716234859263,1990,1990-01-01,2025-12-01
2008-09-01,95.68,137.18408446685604,11752.9,7791.248314606742,210.85979433250813,1166.359985,1.0582047619047619,1234.2476902221667,818.2091429562678,212.13929890870196,1990,1990-01-01,2025-12-01
2008-10-01,95.68,137.18408446685604,9762.8,6539.797030567685,176.9909263778166,968.75,1.1846954545454547,1147.6737215909093,768.7910431967051,199.32653443809733,1990,1990-01-01,2025-12-01
2008-11-01,95.68,137.18408446685604,9270.6,6231.858194566171,168.65697050780034,896.2399902,1.2170944444444443,1090.8087129613632,733.260545873239,190.11444623673086,1990,1990-01-01,2025-12-01
2008-12-01,93.3232,133.80495141635973,8987.7,6084.347661076788,164.664793709233,903.25,1.2336954545454546,1114.335419318182,754.3647542957154,195.58619147119663,1990,1990-01-01,2025-12-01
2009-01-01,93.3232,133.80495141635973,8694.9,5901.759557522124,159.72328903521048,825.8800049,1.22482,1011.554347601618,686.6037031950805,178.01760036273262,1990,1990-01-01,2025-12-01
2009-02-01,93.3232,133.80495141635973,8123.0,5474.816344463972,148.1686376543366,735.0900269,1.2451999999999999,915.3341014958798,616.9255323790334,159.95195243713,1990,1990-01-01,2025-12-01
2009-03-01,90.6825,130.0187681821245,8720.4,5867.146315789473,158.78652758977626,797.8699951,1.2645181818181819,1008.9211155311336,678.8092066775259,175.99670015547508,1990,1990-01-01,2025-12-01
2009-04-01,90.6825,130.0187681821245,9324.8,6279.299034240561,169.94089386549248,872.8099976,1.224181818181818,1068.4781297892362,719.5107335806357,186.5494951909137,1990,1990-01-01,2025-12-01
2009-05-01,90.6825,130.0187681821245,10370.1,6934.495815170009,187.67292510047415,919.1400146,1.1527850000000002,1059.5708217306612,708.5360246446531,183.70405270295208,1990,1990-01-01,2025-12-01
2009-06-01,91.9593,131.84941867383938,10374.9,6913.595395308427,187.10728297798985,919.3200073,1.1263545454545456,1035.4802689496612,690.0203008552478,178.90343088481927,1990,1990-01-01,2025-12-01
2009-07-01,91.9593,131.84941867383938,10787.2,7213.410985178728,195.22139397342696,987.4799805,1.1228608695652174,1108.8026295824739,741.4573817696229,192.23966206363528,1990,1990-01-01,2025-12-01
2009-08-01,91.9593,131.84941867383938,10868.2,7267.575762859634,196.68729178860116,1020.619995,1.0872380952380953,1109.6569393257143,742.028659514231,192.38777879059512,1990,1990-01-01,2025-12-01
2009-09-01,95.0574,136.29141294732148,11395.0,7619.847428073234,206.22105683840104,1057.079956,1.0816380952380953,1143.3779501222095,764.5779317730904,198.234189636864,1990,1990-01-01,2025-12-01
2009-10-01,95.0574,136.29141294732148,10910.8,7302.428970331588,197.6305475882638,1036.189941,1.0546761904761905,1092.8448595836287,731.4240901401774,189.63830338860654,1990,1990-01-01,2025-12-01
2009-11-01,95.0574,136.29141294732148,11447.2,7621.529861111111,206.26658965548245,1095.630005,1.0593,1160.6008642964998,772.7264435029647,200.34687632633216,1990,1990-01-01,2025-12-01
2009-12-01,97.6107,139.95228379670718,11746.1,7847.786324041812,212.38992051512486,1115.099976,1.053690909090909,1174.9707074386909,785.0196277051184,203.5341634648967,1990,1990-01-01,2025-12-01
2010-01-01,97.6107,139.95228379670718,11094.3,7392.987054735013,200.08138194514774,1073.869995,1.0438105263157895,1120.9168046756843,746.9532486413988,193.66459034158342,1990,1990-01-01,2025-12-01
2010-02-01,97.6107,139.95228379670718,11629.6,7716.179238754326,208.82814943353912,1104.48999,1.0572105263157894,1167.678443638421,774.748586739333,200.87116287598644,1990,1990-01-01,2025-12-01
2010-03-01,100.2438,143.72757030182507,12037.7,7986.951470588237,216.15624049289002,1169.430054,1.0229,1196.2100022365998,793.6791277815503,205.77933548592395,1990,1990-01-01,2025-12-01
2010-04-01,100.2438,143.72757030182507,12210.7,8073.799051724139,218.50665500377917,1186.689941,1.005209090909091,1192.8715167835728,788.7348735974142,204.49742532239367,1990,1990-01-01,2025-12-01
2010-05-01,100.2438,143.72757030182507,11763.0,7757.713671539123,209.95222372832197,1089.410034,1.0402799999999999,1133.29147016952,747.407186259692,193.78228397642238,1990,1990-01-01,2025-12-01
2010-06-01,101.3371,145.29512213656184,11294.4,7455.0815834767645,201.7618879476471,1030.709961,1.0376227272727272,1069.4880807599864,705.9357641505245,183.02987612725238,1990,1990-01-01,2025-12-01
2010-07-01,101.3371,145.29512213656184,11713.4,7691.9330479452055,208.17195846119222,1101.599976,1.0422285714285715,1148.1189692722287,753.9445628696914,195.4772473029585,1990,1990-01-01,2025-12-01
2010-08-01,101.3371,145.29512213656184,11913.9,7830.301028277634,211.91670419345206,1049.329956,1.0403954545454546,1091.718116540782,717.5216755670778,186.0337867365198,1990,1990-01-01,2025-12-01
2010-09-01,99.7146,142.9688138480222,12368.7,8115.306159110351,219.62998977291824,1141.199951,1.032957142857143,1178.8106408136716,773.436921731468,200.53108393948597,1990,1990-01-01,2025-12-01
2010-10-01,99.7146,142.9688138480222,12676.2,8281.64003407155,224.1315953242512,1183.26001,1.0179,1204.440364179,786.8873588801474,204.01841518150428,1990,1990-01-01,2025-12-01
2010-11-01,99.7146,142.9688138480222,12952.9,8455.212170212766,228.82909480709736,1180.550049,1.0129,1195.7791446320998,780.5639182406984,202.3789196130525,1990,1990-01-01,2025-12-01
2010-12-01,98.7219,141.5455002960756,13443.2,8775.263319148937,237.49085435005068,1257.640015,1.0080619047619048,1267.7789890256904,827.5629656023018,214.56448982147575,1990,1990-01-01,2025-12-01
2011-01-01,98.7219,141.5455002960756,13552.0,8823.755517826825,238.80323134370664,1286.119995,0.9939450000000001,1278.332538430275,832.3268734940755,215.79964111369316,1990,1990-01-01,2025-12-01
2011-02-01,98.7219,141.5455002960756,14136.5,9180.944538526674,248.4700780929495,1327.219971,0.9876368421052631,1310.811340937479,851.3059259094381,220.72039139863796,1990,1990-01-01,2025-12-01
2011-03-01,100.5969,144.23383807173778,14116.1,9067.87998324958,245.41013597464624,1325.829956,0.9765608695652174,1294.753654726974,831.7219875842454,215.64281070677848,1990,1990-01-01,2025-12-01
2011-04-01,100.5969,144.23383807173778,13944.8,8927.93121869783,241.62260841566092,1363.609985,0.957952380952381,1306.2734318211906,836.3203023429493,216.83502821922093,1990,1990-01-01,2025-12-01
2011-05-01,100.5969,144.23383807173778,13802.9,8778.46127694859,237.57740283325774,1345.199951,0.9680428571428572,1302.2112039944716,828.1890493066002,214.72681623793224,1990,1990-01-01,2025-12-01
2011-06-01,102.5685,147.060679009602,13300.9,8515.684724540903,230.46570422493437,1320.640015,0.9766454545454546,1289.7970677405908,825.7715784282414,214.10003202061793,1990,1990-01-01,2025-12-01
2011-07-01,102.5685,147.060679009602,12945.6,8274.396,223.9355451570911,1292.280029,0.955315,1234.5344959041352,789.0732986320597,204.5851696970452,1990,1990-01-01,2025-12-01
2011-08-01,102.5685,147.060679009602,12768.7,8140.97497921862,220.32468231899463,1218.890015,0.9817086956521739,1196.5949267691087,762.9162999433969,197.80337385531215,1990,1990-01-01,2025-12-01
2011-09-01,103.7585,148.7668773845556,11623.8,7392.582587064677,200.0704355644989,1131.420044,1.0025,1134.2485941099999,721.3670577797429,187.03078939000198,1990,1990-01-01,2025-12-01
2011-10-01,103.7585,148.7668773845556,12252.1,7779.272102649007,210.53567405186504,1253.300049,1.0198,1278.1153899701999,811.5186292277677,210.4046313069994,1990,1990-01-01,2025-12-01
2011-11-01,103.7585,148.7668773845556,12204.1,7742.386021505377,209.5374012245061,1246.959961,1.024755,1277.828454834555,810.6653638197714,210.18340287537694,1990,1990-01-01,2025-12-01
2011-12-01,103.6796,148.65375213095572,11955.1,7628.587104825292,206.4575845895467,1257.599976,1.0235238095238095,1287.1835182925713,821.355872321466,212.95515994757602,1990,1990-01-01,2025-12-01
2012-01-01,103.6796,148.65375213095572,12452.2,7912.872742336372,214.15139803724426,1312.410034,1.012985,1329.45167829149,844.8131211678316,219.0369843410501,1990,1990-01-01,2025-12-01
2012-02-01,103.6796,148.65375213095572,12644.0,8001.607260726072,216.55288000038087,1365.680054,0.996745,1361.2347654242299,861.4414728386009,223.34826208196984,1990,1990-01-01,2025-12-01
2012-03-01,105.5386,151.3191494242656,12392.2,7810.038948233361,211.3683378908566,1408.469971,0.9937727272727273,1399.699044362409,882.1439334642298,228.7158450778502,1990,1990-01-01,2025-12-01
2012-04-01,105.5386,151.3191494242656,12292.7,7715.63085106383,208.81330804856927,1397.910034,0.9928238095238096,1387.8783653274381,871.1151441948814,225.85638103549294,1990,1990-01-01,2025-12-01
2012-05-01,105.5386,151.3191494242656,11513.2,7232.288615888617,195.73229199236312,1310.329956,1.009731818181818,1323.0818488899815,831.1251253878918,215.4880606297724,1990,1990-01-01,2025-12-01
2012-06-01,106.9303,153.31454125487306,11596.6,7314.631743421053,197.96079944522322,1362.160034,1.028,1400.300514952,883.2487623093618,229.0022970426542,1990,1990-01-01,2025-12-01
2012-07-01,106.9303,153.31454125487306,11664.7,7363.641893004116,199.28719409265295,1379.319946,1.0142,1398.9062892332001,883.0955751784893,228.96257980064476,1990,1990-01-01,2025-12-01
2012-08-01,106.9303,153.31454125487306,11949.3,7524.723399014778,203.6466512497944,1406.579956,0.9923826086956522,1395.8654860742956,879.0056057627132,227.90216236105724,1990,1990-01-01,2025-12-01
2012-09-01,106.0767,152.09066652137696,12317.5,7743.870901639344,209.57758753445464,1440.670044,0.9783000000000001,1409.4075040452,886.0783242644824,229.73592522873045,1990,1990-01-01,2025-12-01
2012-10-01,106.0767,152.09066652137696,12422.9,7797.352127659575,211.0249859312089,1412.160034,0.9871545454545455,1394.0201964723456,874.9701233177489,226.85587190585653,1990,1990-01-01,2025-12-01
2012-11-01,106.0767,152.09066652137696,12239.4,7701.082690730107,208.41958139887004,1416.180054,0.9969699999999999,1411.8890284363797,888.3665995165735,230.32921254636517,1990,1990-01-01,2025-12-01
2012-12-01,104.7044,150.12309002562165,12433.5,7868.394801980197,212.94766161695154,1426.189941,0.9898199999999999,1411.67132740062,893.3596601619435,231.62377689319018,1990,1990-01-01,2025-12-01
2013-01-01,104.7044,150.12309002562165,12685.2,8021.062159934048,217.07940102501087,1498.109985,0.9920571428571427,1486.210711404857,939.7556600556682,243.6529933525191,1990,1990-01-01,2025-12-01
2013-02-01,104.7044,150.12309002562165,12821.8,8014.931214343928,216.91347512020135,1514.680054,1.0097842105263157,1529.5000025283473,956.0933186138896,247.888902303412,1990,1990-01-01,2025-12-01
2013-03-01,105.4775,151.2315454572827,12749.9,7957.016517493897,215.3460907199721,1569.189941,1.0244238095238094,1607.5155372256618,1003.2257258357059,260.1090490837199,1990,1990-01-01,2025-12-01
2013-04-01,105.4775,151.2315454572827,12456.5,7786.581499592502,210.7334931783984,1597.569946,1.0186727272727272,1627.4009339007634,1017.2913743291651,263.7558878361172,1990,1990-01-01,2025-12-01
2013-05-01,105.4775,151.2315454572827,12650.4,7888.501463414634,213.49182172115852,1630.73999,1.0195590909090908,1662.6357817135,1036.7818248571175,268.80922969376934,1990,1990-01-01,2025-12-01
2013-06-01,107.0699,153.51469696339703,12129.1,7563.430650406504,204.69421163268385,1606.280029,1.0314,1656.7172219106,1033.0911456954718,267.85233731901576,1990,1990-01-01,2025-12-01
2013-07-01,107.0699,153.51469696339703,12486.6,7780.0342810723005,210.55630139925415,1685.72998,1.0402136363636363,1753.519312423,1092.5664602993022,283.27266310130227,1990,1990-01-01,2025-12-01
2013-08-01,107.0699,153.51469696339703,12653.9,7884.274004874086,213.3774111668526,1632.969971,1.0407181818181819,1699.4615391828092,1058.88464707816,274.5398882304538,1990,1990-01-01,2025-12-01
2013-09-01,107.4486,154.05766950507342,12787.2,7954.405839416058,215.2754361829412,1681.550049,1.034235,1739.117914927515,1081.8357183693463,280.4904745992694,1990,1990-01-01,2025-12-01
2013-10-01,107.4486,154.05766950507342,13361.3,8331.802520325204,225.48917643417718,1756.540039,1.0362818181818183,1820.270505324082,1135.0792500679438,294.2950691619183,1990,1990-01-01,2025-12-01
2013-11-01,107.4486,154.05766950507342,13395.4,8353.06650406504,226.06465793046914,1805.810059,1.0486421052631578,1893.648461975147,1180.836073443039,306.1585645953846,1990,1990-01-01,2025-12-01
2013-12-01,108.0217,154.87936890733047,13621.6,8514.887693561532,230.44413363937474,1848.359985,1.0639190476190477,1966.5053948983573,1229.2662085468949,318.7151767958606,1990,1990-01-01,2025-12-01
2014-01-01,108.0217,154.87936890733047,13694.9,8532.890576766857,230.93135777814982,1782.589966,1.0940095238095238,1950.170399851295,1215.0939859349662,315.04070628333386,1990,1990-01-01,2025-12-01
2014-02-01,108.0217,154.87936890733047,14209.6,8782.242707493957,237.6797422318858,1859.449951,1.1054421052631578,2055.514268464916,1270.4105108078893,329.38277139667235,1990,1990-01-01,2025-12-01
2014-03-01,109.3543,156.7900243312491,14335.3,8810.236458333333,238.4373559423255,1872.339966,1.1106809523809524,2079.5723366178,1278.0704985463562,331.36879714873913,1990,1990-01-01,2025-12-01
2014-04-01,109.3543,156.7900243312491,14651.9,8976.044169329074,242.92472156430938,1883.949951,1.099209090909091,2070.8549129569365,1268.6467398066857,328.92547371569196,1990,1990-01-01,2025-12-01
2014-05-01,109.3543,156.7900243312491,14604.2,8904.150556438792,240.97901635562727,1923.569946,1.0893857142857142,2095.5096196017425,1277.6278841292024,331.25403931090483,1990,1990-01-01,2025-12-01
2014-06-01,110.5261,158.47012790752692,15146.0,9227.150119142178,249.72057080376882,1960.22998,1.0830380952380954,2123.0037437678097,1293.3628844081893,335.3336954186965,1990,1990-01-01,2025-12-01
2014-07-01,110.5261,158.47012790752692,15330.7,9354.532140015912,253.1679961249127,1930.670044,1.0739181818181818,2073.381663343309,1265.1421923502928,328.0168402119092,1990,1990-01-01,2025-12-01
2014-08-01,110.5261,158.47012790752692,15625.7,9534.536117740654,258.0395648632515,2003.369995,1.0926333333333333,2188.9488355368335,1335.6593133307488,346.3000050171864,1990,1990-01-01,2025-12-01
2014-09-01,111.0363,159.20164253853642,14960.5,9121.385930047694,246.8582034064421,1972.290039,1.101052380952381,2171.594643369614,1324.016765870027,343.2814102274667,1990,1990-01-01,2025-12-01
2014-10-01,111.0363,159.20164253853642,14613.3,8902.622001588561,240.9376480474524,2018.050049,1.1211545454545453,2262.545985391118,1378.3739243804507,357.37473782755535,1990,1990-01-01,2025-12-01
2014-11-01,111.0363,159.20164253853642,14744.7,9018.488755980861,244.0734279654576,2067.560059,1.132538888888889,2341.592171930906,1432.2178595462558,371.3350006220888,1990,1990-01-01,2025-12-01
2014-12-01,111.8501,160.36845282218115,14632.4,9014.498634538153,243.96544062468783,2058.899902,1.1531619047619048,2374.244932704419,1462.6874404693087,379.23493133137436,1990,1990-01-01,2025-12-01
2015-01-01,111.8501,160.36845282218115,14673.5,9054.364038616251,245.04434487282109,1994.98999,1.21219,2418.3069159781003,1492.2296094571223,386.8944094382477,1990,1990-01-01,2025-12-01
2015-02-01,111.8501,160.36845282218115,15234.3,9317.9490430622,252.17792316250387,2104.5,1.2499052631578949,2630.42562631579,1608.8807459204234,417.1388652956063,1990,1990-01-01,2025-12-01
2015-03-01,114.857,164.67968634625504,14902.4,9049.992715756136,244.92604082165678,2067.889893,1.2618318181818182,2609.3292634839954,1584.604548766607,410.8447099580445,1990,1990-01-01,2025-12-01
2015-04-01,114.857,164.67968634625504,15224.5,9252.925118858953,250.4181369600176,2085.51001,1.233681818181818,2572.8557809731815,1563.6928557895642,405.42287872414323,1990,1990-01-01,2025-12-01
2015-05-01,114.857,164.67968634625504,15014.1,9074.716075650118,245.59514574194026,2107.389893,1.21764,2566.0422293125202,1550.9490858019724,402.11876698951545,1990,1990-01-01,2025-12-01
2015-06-01,117.4469,168.39303354902165,14553.3,8775.456839622642,237.49609172481235,2063.110107,1.2364954545454545,2551.0262695322863,1538.2367521472197,398.8228058379828,1990,1990-01-01,2025-12-01
2015-07-01,117.4469,168.39303354902165,14468.4,8717.409897879026,235.92512829206646,2103.840088,1.2863136363636363,2706.1981939228726,1630.521614091786,422.74975175559035,1990,1990-01-01,2025-12-01
2015-08-01,117.4469,168.39303354902165,13859.1,8350.298271798902,225.98973939845308,1972.180054,1.3147238095238096,2592.8720736617524,1562.2410687341433,405.04646996514435,1990,1990-01-01,2025-12-01
2015-09-01,119.1831,170.88236264027745,13307.0,8030.266719118805,217.32851020216034,1920.030029,1.3265809523809524,2547.0752644708477,1537.0627284414952,398.5184135344029,1990,1990-01-01,2025-12-01
2015-10-01,119.1831,170.88236264027745,13529.2,8157.937421383648,220.7837483019886,2079.360107,1.3072238095238096,2718.189040444376,1639.0338003308464,424.9567293193097,1990,1990-01-01,2025-12-01
2015-11-01,119.1831,170.88236264027745,13469.8,8128.510306845004,219.98734250552786,2080.409912,1.3278526315789474,2762.4777764121263,1667.0499248686867,432.2205457515272,1990,1990-01-01,2025-12-01
2015-12-01,120.847,173.26802942690372,13010.0,7888.276679841898,213.48573825211702,2043.939941,1.3712545454545455,2802.7619347323457,1699.3821375017465,440.6034060253227,1990,1990-01-01,2025-12-01
2016-01-01,120.847,173.26802942690372,12822.1,7755.954810725552,209.90462249493373,1940.23999,1.4208105263157895,2756.7134013708423,1667.5072388418266,432.3391147830252,1990,1990-01-01,2025-12-01
2016-02-01,120.847,173.26802942690372,12860.4,7760.760660896932,210.03468645103052,1932.22998,1.37969,2665.8783811062003,1608.7558759311219,417.1064899155299,1990,1990-01-01,2025-12-01
2016-03-01,126.8984,181.94440660857944,13494.4,8092.419702892886,219.01059821252252,2059.73999,1.3226391304347827,2724.292709295348,1633.7236184750054,423.579944097984,1990,1990-01-01,2025-12-01
2016-04-01,126.8984,181.94440660857944,13951.5,8340.452455183164,225.7232754400733,2065.300049,1.2818142857142856,2647.331107094614,1582.621168465759,410.33047357959117,1990,1990-01-01,2025-12-01
2016-05-01,126.8984,181.94440660857944,14065.8,8376.140217391303,226.6891173559686,2096.949951,1.2945285714285715,2714.561624425243,1616.5130170296284,419.1177048821916,1990,1990-01-01,2025-12-01
2016-06-01,133.3705,191.2239750981064,14064.5,8355.903563129357,226.14143916842423,2098.860107,1.2894045454545455,2706.279762239014,1607.8362336462617,416.86805177139945,1990,1990-01-01,2025-12-01
2016-07-01,133.3705,191.2239750981064,14582.7,8677.21559348332,234.83732279338568,2173.600098,1.3052350000000001,2837.05892391303,1688.149103678273,437.69098694464674,1990,1990-01-01,2025-12-01
2016-08-01,133.3705,191.2239750981064,14598.0,8699.818181818184,235.4490318463158,2170.949951,1.299782608695652,2821.762990658478,1681.656731806568,436.00769211840975,1990,1990-01-01,2025-12-01
2016-09-01,137.1935,196.70531660016317,14725.9,8769.227717391304,237.3275087995179,2168.27002,1.3107761904761905,2842.1167167393332,1692.471678368842,438.8117125833565,1990,1990-01-01,2025-12-01
2016-10-01,137.1935,196.70531660016317,14787.3,8785.328505034857,237.76325524655974,2126.149902,1.325095,2817.35060439069,1673.8248749555844,433.9771053963915,1990,1990-01-01,2025-12-01
2016-11-01,137.1935,196.70531660016317,15082.9,8995.78872472784,243.4590817492832,2198.810059,1.3434149999999998,2953.9144154114842,1761.782547916492,456.7821293150317,1990,1990-01-01,2025-12-01
2016-12-01,138.2738,198.25422929298867,15287.6,9132.078816199377,247.14759217749918,2238.830078,1.3339190476190477,2986.4180854266383,1783.9428905936384,462.5277013360446,1990,1990-01-01,2025-12-01
2017-01-01,138.2738,198.25422929298867,15386.0,9112.789189189189,246.62554402553698,2278.870117,1.3183052631578946,3004.246469294347,1779.3490671419029,461.3366482969152,1990,1990-01-01,2025-12-01
2017-02-01,138.2738,198.25422929298867,15399.2,9106.543099460294,246.45650189744205,2363.639893,1.3109157894736843,3098.5328563635894,1832.3629150584993,475.0816921237847,1990,1990-01-01,2025-12-01
2017-03-01,146.4193,209.93308548053858,15547.8,9180.263741339491,248.45165322069863,2362.719971,1.3387,3162.9732251777,1867.5908111711285,484.2153240902528,1990,1990-01-01,2025-12-01
2017-04-01,146.4193,209.93308548053858,15586.1,9167.591027607361,248.1086830439964,2384.199951,1.343705,3203.661395158455,1884.3621856491834,488.5636837414967,1990,1990-01-01,2025-12-01
2017-05-01,146.4193,209.93308548053858,15349.9,9021.741992337165,244.16147248942934,2411.800049,1.3605727272727273,3281.4293703044273,1928.6255379490387,500.0399628873312,1990,1990-01-01,2025-12-01
2017-06-01,153.8374,220.56900998914628,15182.2,8930.02101226994,241.67916590491285,2423.409912,1.3294863636363636,3221.8904315052,1895.0843258930126,491.3436420610877,1990,1990-01-01,2025-12-01
2017-07-01,153.8374,220.56900998914628,15143.9,8907.493328220859,241.06948403705718,2470.300049,1.26904,3134.9095741829597,1843.9230394158974,478.07891685243453,1990,1990-01-01,2025-12-01
2017-08-01,153.8374,220.56900998914628,15211.9,8940.633946360153,241.96639087954645,2471.649902,1.2607695652173911,3116.1809723141478,1831.5025331532195,474.8586185786514,1990,1990-01-01,2025-12-01
2017-09-01,155.6623,223.18551537944273,15634.9,9168.171483180427,248.12439230364433,2519.360107,1.227875,3093.459291382625,1813.9780401303312,470.31499584403645,1990,1990-01-01,2025-12-01
2017-10-01,155.6623,223.18551537944273,16025.6,9390.095645530939,254.13047519833447,2575.26001,1.2606904761904763,3246.6057683211907,1902.3274440812477,493.22158491664334,1990,1990-01-01,2025-12-01
2017-11-01,155.6623,223.18551537944273,16067.5,9385.965346534653,254.01869413813444,2647.580078,1.277335,3381.84669893213,1975.5342102672837,512.2021013136705,1990,1990-01-01,2025-12-01
2017-12-01,154.6915,221.79360161271592,16209.1,9504.87744648318,257.2368922915402,2673.610107,1.27687,3413.85253732509,2001.8538961225872,519.0260774973976,1990,1990-01-01,2025-12-01
2018-01-01,154.6915,221.79360161271592,15951.7,9290.018147304481,251.42201054142183,2823.810059,1.242904761904762,3509.726969045667,2044.0095560045763,529.9558895257592,1990,1990-01-01,2025-12-01
2018-02-01,154.6915,221.79360161271592,15442.7,8939.283698113208,241.92984820292364,2713.830078,1.258821052631579,3416.2264354512004,1977.5439064083553,512.7231606712402,1990,1990-01-01,2025-12-01
2018-03-01,154.147,221.0129083226636,15367.3,8868.863130173062,240.0240090006485,2640.870117,1.2932545454545454,3415.317282765327,1971.0672354258884,511.0439366570491,1990,1990-01-01,2025-12-01
2018-04-01,154.147,221.0129083226636,15607.9,8980.689647411853,243.0504452626896,2648.050049,1.2731619047619047,3371.396444289695,1939.8807747713397,502.9581385996037,1990,1990-01-01,2025-12-01
2018-05-01,154.147,221.0129083226636,16061.5,9234.760494752623,249.92653551843506,2705.27002,1.2866272727272727,3480.6741878234543,2001.257197946469,518.8713699463618,1990,1990-01-01,2025-12-01
2018-06-01,154.8542,222.02687764263604,16277.7,9345.056811377246,252.9115589318847,2718.370117,1.312452380952381,3567.731332366452,2048.2409670097823,531.052978909038,1990,1990-01-01,2025-12-01
2018-07-01,154.8542,222.02687764263604,16434.0,9385.612807148176,254.009153127564,2816.290039,1.3133428571428571,3698.7544063632286,2112.3936185261327,547.6860104914537,1990,1990-01-01,2025-12-01
2018-08-01,154.8542,222.02687764263604,16262.9,9294.816915052163,251.55188282112167,2901.52002,1.3042478260869566,3784.3011784327828,2162.8606586124774,560.7707365594521,1990,1990-01-01,2025-12-01
2018-09-01,154.4196,221.40375679074126,16073.1,9220.69386686612,249.54584090528314,2913.97998,1.3034000000000001,3798.0815059320003,2178.854536312524,564.9175125168318,1990,1990-01-01,2025-12-01
2018-10-01,154.4196,221.40375679074126,15027.3,8595.032885906041,232.6131568936869,2711.73999,1.300440909090909,3526.4576178137727,2016.997011829354,522.9522740902638,1990,1990-01-01,2025-12-01
2018-11-01,154.4196,221.40375679074126,15197.8,8731.619925093633,236.3097038177,2760.169922,1.32048,3644.7491786025603,2094.024434448063,542.9233824208762,1990,1990-01-01,2025-12-01
2018-12-01,154.286,221.21220376309938,14322.9,8235.130659670165,222.87288083784165,2506.850098,1.343611111111111,3368.2316455627774,1936.6069506346703,502.10932535535903,1990,1990-01-01,2025-12-01
2019-01-01,154.286,221.21220376309938,15540.6,8921.88637724551,241.45901280505524,2704.100098,1.330045,3596.5748148444095,2064.8000621150168,535.3463003127744,1990,1990-01-01,2025-12-01
2019-02-01,154.286,221.21220376309938,15999.0,9123.593308550186,246.91794317576466,2784.48999,1.3208722222222222,3677.9554808468333,2097.3917128695325,543.7964258104673,1990,1990-01-01,2025-12-01
2019-03-01,152.5901,218.78065601176849,16102.1,9121.352067946824,246.8572869736271,2834.399902,1.3370523809523809,3789.7411375402953,2146.7735985918807,556.5998009696331,1990,1990-01-01,2025-12-01
2019-04-01,152.5901,218.78065601176849,16580.7,9351.027132352941,253.0731377447014,2945.830078,1.3378136363636364,3940.9716487585547,2222.592098968979,576.2574687588165,1990,1990-01-01,2025-12-01
2019-05-01,152.5901,218.78065601176849,16037.5,9004.950585651539,243.7070353546705,2752.060059,1.3459772727272727,3704.2102925944773,2079.8896738067087,539.258624774848,1990,1990-01-01,2025-12-01
2019-06-01,151.8894,217.77600626275165,16382.2,9218.74350696992,249.49305700339974,2941.76001,1.32887,3909.2166244887,2199.8306316821954,570.3560415333696,1990,1990-01-01,2025-12-01
2019-07-01,151.8894,217.77600626275165,16406.6,9185.300875912408,248.5879765821398,2980.379883,1.3105227272727271,3905.8555725779315,2186.7089227498345,566.9539405456717,1990,1990-01-01,2025-12-01
2019-08-01,151.8894,217.77600626275165,16442.1,9218.633552631578,249.4900812351746,2926.459961,1.3273136363636364,3884.3302125074956,2177.837187860562,564.6537418303235,1990,1990-01-01,2025-12-01
2019-09-01,151.7732,217.60940100966798,16658.6,9381.164610866374,253.88876859927564,2976.73999,1.3240500000000002,3941.3525837595007,2219.5429014269735,575.4668950597032,1990,1990-01-01,2025-12-01
2019-10-01,151.7732,217.60940100966798,16483.2,9255.208199121524,250.47992549699796,3037.560059,1.3189227272727273,4006.3069972709864,2249.514983094324,583.2378377905228,1990,1990-01-01,2025-12-01
2019-11-01,151.7732,217.60940100966798,17040.2,9581.989296187683,259.32382215344785,3140.97998,1.323657894736842,4157.582947737368,2337.8783877672736,606.1480568682231,1990,1990-01-01,2025-12-01
2019-12-01,153.6002,220.22891733827316,17063.4,9595.035043988271,259.67688800208583,3230.780029,1.3168952380952381,4254.598835523296,2392.4320431424985,620.292330742251,1990,1990-01-01,2025-12-01
2020-01-01,153.6002,220.22891733827316,17318.5,9710.006944444443,262.78844988604686,3225.52002,1.3089095238095239,4221.913873416286,2367.1110679168796,613.7272929664088,1990,1990-01-01,2025-12-01
2020-02-01,153.6002,220.22891733827316,16263.1,9078.45538573508,245.69634520621383,2954.219971,1.3286368421052632,3925.0854931537424,2191.0775642277445,568.0866100450112,1990,1990-01-01,2025-12-01
2020-03-01,156.2749,224.0638490975071,13378.8,7512.108052708639,203.30523364633297,2584.590088,1.3960227272727272,3608.146503531818,2025.9504891719653,525.2736663927182,1990,1990-01-01,2025-12-01
2020-04-01,156.2749,224.0638490975071,14780.7,8354.308695652175,226.09827619701744,2912.429932,1.4047954545454546,4091.3683301557276,2312.512534435846,599.571383424429,1990,1990-01-01,2025-12-01
2020-05-01,156.2749,224.0638490975071,15192.8,8561.996767083028,231.71907818649115,3044.310059,1.3972,4253.5100144348,2397.0919772751595,621.500524476547,1990,1990-01-01,2025-12-01
2020-06-01,160.4669,230.07425547381416,15515.2,8673.584839650148,234.73906125998036,3100.290039,1.3551772727272728,4201.44259971555,2348.7656515902536,608.9708272250735,1990,1990-01-01,2025-12-01
2020-07-01,160.4669,230.07425547381416,16169.2,9039.19562682216,244.633831940605,3271.120117,1.3496954545454545,4415.015953187095,2468.1612507977425,639.926847365776,1990,1990-01-01,2025-12-01
2020-08-01,160.4669,230.07425547381416,16514.4,9245.653138686132,250.22133046871932,3500.310059,1.322890476190476,4630.526840764824,2592.4190415084818,672.1435010566396,1990,1990-01-01,2025-12-01
2020-09-01,161.8262,232.0231928276582,16121.4,9032.223374726078,244.44513719187543,3363.0,1.3229761904761905,4449.168928571428,2492.7045786809977,646.2902624105262,1990,1990-01-01,2025-12-01
2020-10-01,161.8262,232.0231928276582,15580.6,8691.141963636364,235.21422151714523,3269.959961,1.3217714285714286,4322.139649022343,2410.968080581918,625.0982193354001,1990,1990-01-01,2025-12-01
2020-11-01,161.8262,232.0231928276582,17190.3,9575.134422657953,259.1383040998204,3621.629883,1.307261111111111,4734.415904883783,2637.107479336138,683.7299932777255,1990,1990-01-01,2025-12-01
2020-12-01,165.1458,236.7827694037052,17433.4,9731.745123726347,263.3767648552864,3756.070068,1.2809190476190477,4811.221694292972,2685.7402034371976,696.3391312757967,1990,1990-01-01,2025-12-01
2021-01-01,165.1458,236.7827694037052,17337.0,9621.909551374822,260.40421087404354,3714.23999,1.272461111111111,4726.225944608722,2623.0212008067224,680.0778057200723,1990,1990-01-01,2025-12-01
2021-02-01,165.1458,236.7827694037052,18060.3,9972.822246220303,269.9011971945879,3811.149902,1.2696473684210527,4838.816443732453,2671.974234948014,692.7699913691666,1990,1990-01-01,2025-12-01
2021-03-01,167.5337,240.2064930167738,18700.7,10274.668266475646,278.0702590934115,3972.889893,1.256895652173913,4993.508033077383,2743.567809004551,711.3322510768094,1990,1990-01-01,2025-12-01
2021-04-01,167.5337,240.2064930167738,19108.3,10446.233856022807,282.71345405597333,4181.169922,1.2494454545454545,5224.143753725073,2855.9645467620317,740.4736574675366,1990,1990-01-01,2025-12-01
2021-05-01,167.5337,240.2064930167738,19731.0,10733.10425531915,290.4772206506418,4204.109863,1.21248,5097.399126690239,2772.8405178520666,718.9218655238365,1990,1990-01-01,2025-12-01
2021-06-01,176.1755,252.59693429128967,20165.6,10938.483168316832,296.03552833206135,4297.5,1.2220409090909092,5251.720806818183,2848.7056993136816,738.5916364441409,1990,1990-01-01,2025-12-01
2021-07-01,176.1755,252.59693429128967,20287.8,10935.16697118763,295.94577985833877,4395.259766,1.2530428571428571,5507.448855073686,2968.5265438099204,769.6579110817484,1990,1990-01-01,2025-12-01
2021-08-01,176.1755,252.59693429128967,20582.9,11070.886605890606,299.6188516312793,4522.680176,1.2598954545454546,5698.104196105236,3064.828834791526,794.6264666986237,1990,1990-01-01,2025-12-01
2021-09-01,177.8443,254.9896266006363,20070.3,10772.512316305108,291.54374751501655,4307.540039,1.2671095238095238,5458.125007607749,2929.5884400525847,759.5623235378714,1990,1990-01-01,2025-12-01
2021-10-01,177.8443,254.9896266006363,21037.1,11212.964350243225,303.46399720278606,4605.379883,1.24336,5726.14513132688,3052.087085286808,791.322878820059,1990,1990-01-01,2025-12-01
2021-11-01,177.8443,254.9896266006363,20660.0,10989.056865464634,297.4042383190383,4567.0,1.2566950000000001,5739.326065,3052.748329996533,791.4943215255528,1990,1990-01-01,2025-12-01
2021-12-01,179.6678,257.60412469872693,21222.8,11304.088611111112,305.9301543741962,4766.180176,1.2800380952380952,6100.892194048609,3249.572439468947,842.5254410764122,1990,1990-01-01,2025-12-01
2022-01-01,179.6678,257.60412469872693,21098.3,11137.230626290431,301.4143644851659,4515.549805,1.262235,5699.685008114175,3008.711907242651,780.0768790172684,1990,1990-01-01,2025-12-01
2022-02-01,179.6678,257.60412469872693,21126.4,11038.112261580383,298.7318575038196,4373.939941,1.2711,5559.715059005099,2904.8375001750073,753.1450803694687,1990,1990-01-01,2025-12-01
2022-03-01,198.607,284.75877365916466,21890.2,11275.87871054399,305.16669085827,4530.410156,1.2660347826086957,5735.656836979687,2954.4988542400406,766.0209140422,1990,1990-01-01,2025-12-01
2022-04-01,198.607,284.75877365916466,20762.0,10630.476635514018,287.69974033797166,4131.930176,1.2628190476190477,5217.880129684724,2671.6382239440477,692.6828728867828,1990,1990-01-01,2025-12-01
2022-05-01,198.607,284.75877365916466,20729.3,10467.000065832784,283.27546396154753,4132.149902,1.2859142857142858,5313.590589694686,2683.0309297536696,695.6366905554463,1990,1990-01-01,2025-12-01
2022-06-01,187.6682,269.0749393869443,18861.4,9461.539437540878,256.0640066019361,3785.379883,1.2804238095238094,4846.890530285652,2431.3702006076487,630.3879322110984,1990,1990-01-01,2025-12-01
2022-07-01,187.6682,269.0749393869443,19692.9,9865.744154147616,267.0032707570959,4130.290039,1.293625,5343.046451701376,2676.758085208985,694.0103131734182,1990,1990-01-01,2025-12-01
2022-08-01,187.6682,269.0749393869443,19330.8,9716.070511140237,262.95255227051325,3955.0,1.2917478260869566,5108.862652173913,2567.8228402473082,665.7663773880992,1990,1990-01-01,2025-12-01
2022-09-01,169.2519,242.67001406538324,18444.2,9264.37550753111,250.72802653136029,3585.620117,1.333852380952381,4782.687930251205,2402.306249183153,622.852442866122,1990,1990-01-01,2025-12-01
2022-10-01,169.2519,242.67001406538324,19426.1,9687.788491547462,262.1871369488811,3871.97998,1.368935,5300.4889139213,2643.351753561533,685.3489631557482,1990,1990-01-01,2025-12-01
2022-11-01,169.2519,242.67001406538324,20453.3,10186.80590909091,275.69238101025746,4080.110107,1.34571,5490.6449720909695,2734.6264244115414,709.0139940942722,1990,1990-01-01,2025-12-01
2022-12-01,160.5654,230.2154828182956,19384.9,9711.442390594384,262.82729833083135,3839.5,1.358542857142857,5216.1253,2613.17315813194,677.5244770428799,1990,1990-01-01,2025-12-01
2023-01-01,160.5654,230.2154828182956,20767.4,10349.964782326188,280.1080593540493,4076.600098,1.34222,5471.69418353756,2726.9586996577705,707.025962345308,1990,1990-01-01,2025-12-01
2023-02-01,160.5654,230.2154828182956,20221.2,10038.615145631069,271.681794690407,3970.149902,1.345442105263158,5341.606842357201,2651.78799228995,687.5362496028375,1990,1990-01-01,2025-12-01
2023-03-01,159.7024,228.97813055141754,20099.9,9926.995041854476,268.6609447347483,4109.310059,1.3682739130434782,5622.661754336857,2776.9359726827875,719.9837051818025,1990,1990-01-01,2025-12-01
2023-04-01,159.7024,228.97813055141754,20636.5,10120.329603580563,273.89328803543617,4169.47998,1.3484450000000001,5622.314431631101,2757.234762826761,714.8757191827583,1990,1990-01-01,2025-12-01
2023-05-01,159.7024,228.97813055141754,19572.2,9561.70535031847,258.77486408132285,4179.830078,1.3517181818181818,5649.952313343109,2760.199633333863,715.6444291833079,1990,1990-01-01,2025-12-01
2023-06-01,165.2839,236.98077444200857,20155.3,9834.042684478372,266.1453125577707,4450.379883,1.3286047619047618,5912.795904838957,2884.9328619665907,747.9843509509385,1990,1990-01-01,2025-12-01
2023-07-01,165.2839,236.98077444200857,20626.6,10006.706008855155,270.8182162564758,4588.959961,1.3211249999999999,6062.589728476124,2941.1804691595116,762.5678202972789,1990,1990-01-01,2025-12-01
2023-08-01,165.2839,236.98077444200857,20292.6,9807.45066162571,265.42563475478175,4507.660156,1.3478391304347825,6075.600744958556,2936.3489422704556,761.315137244631,1990,1990-01-01,2025-12-01
2023-09-01,162.7144,233.29667635424124,19541.3,9456.263154574133,255.92121100663695,4288.049805,1.35309,5802.117310647449,2807.7122884962737,727.9631638762829,1990,1990-01-01,2025-12-01
2023-10-01,162.7144,233.29667635424124,18873.5,9127.348360655738,247.01956867693116,4193.799805,1.3712190476190476,5750.618174517047,2781.0366581680805,721.0469010057358,1990,1990-01-01,2025-12-01
2023-11-01,162.7144,233.29667635424124,20236.3,9774.08192695214,264.52255424107074,4567.799805,1.370665,6260.923319720325,3024.0101928372096,784.0433069268968,1990,1990-01-01,2025-12-01
2023-12-01,156.2966,224.09496212669745,20958.4,10154.828048010108,274.826942644232,4769.830078,1.34162,6399.29942924636,3100.6081252254944,803.9030601630878,1990,1990-01-01,2025-12-01
2024-01-01,156.2966,224.09496212669745,21021.9,10185.595262160456,275.659616457973,4845.649902,1.3422714285714286,6504.177416314543,3151.4239281827254,817.0782109245184,1990,1990-01-01,2025-12-01
2024-02-01,156.2966,224.09496212669745,21363.6,10318.56498740554,279.2582655813829,5096.27002,1.349995,6879.9390456499,3322.9932292276285,861.5614479443559,1990,1990-01-01,2025-12-01
2024-03-01,156.4211,224.27346775500138,22167.0,10639.605131414266,287.9467909632845,5254.350098,1.353557142857143,7112.063106220029,3413.6122668778235,885.0564910887481,1990,1990-01-01,2025-12-01
2024-04-01,156.4211,224.27346775500138,21714.5,10370.49906600249,280.6637924866506,5035.689941,1.3673545454545455,6885.573530326082,3288.440160498197,852.6027802998934,1990,1990-01-01,2025-12-01
2024-05-01,156.4211,224.27346775500138,22269.1,10576.098885448915,286.22807870789677,5277.509766,1.366659090909091,7212.55669906541,3425.406184633541,888.1143320645224,1990,1990-01-01,2025-12-01
2024-06-01,156.3798,224.21425263492947,21875.8,10395.748822800497,281.34714364045635,5460.47998,1.370536842105263,7483.78898816821,3556.4226480328484,922.0833251151319,1990,1990-01-01,2025-12-01
2024-07-01,156.3798,224.21425263492947,23110.8,10935.215052436768,295.94708111352855,5522.299805,1.3714272727272727,7573.432560753499,3583.4810450943455,929.0988289525488,1990,1990-01-01,2025-12-01
2024-08-01,156.3798,224.21425263492947,23346.2,11067.079975278122,299.5158302262827,5648.399902,1.3655,7712.890066180999,3656.2340424974204,947.9616954891304,1990,1990-01-01,2025-12-01
2024-09-01,153.045,219.43288260064776,24000.4,11426.633643699568,309.2466730275202,5762.47998,1.3546200000000002,7805.970630507601,3716.436668900888,963.5705933701173,1990,1990-01-01,2025-12-01
2024-10-01,153.045,219.43288260064776,24156.9,11451.38584672435,309.91655854885533,5705.450195,1.375668181818182,7848.806296209842,3720.6640477088686,964.6666373147086,1990,1990-01-01,2025-12-01
2024-11-01,153.045,219.43288260064776,25648.0,12158.229913473424,329.04635502324567,6032.379883,1.397278947368421,8428.917413044679,3995.6610975310687,1035.9658666785645,1990,1990-01-01,2025-12-01
2024-12-01,150.5615,215.87208960552405,24727.9,11765.694354838713,318.4229011401577,5881.629883,1.424704761904762,8379.586102071447,3987.061129211415,1033.7361296172348,1990,1990-01-01,2025-12-01
2025-01-01,150.5615,215.87208960552405,25533.1,12141.281897086175,328.58767945478,6040.529785,1.438861904761905,8691.48819221612,4132.902320787207,1071.5487700640451,1990,1990-01-01,2025-12-01
2025-02-01,150.5615,215.87208960552405,25393.5,11948.965950920247,323.3829036322222,5954.5,1.429863157894737,8514.12017368421,4006.3375295802393,1038.733974110821,1990,1990-01-01,2025-12-01
2025-03-01,150.6479,215.99596821022655,24917.5,11689.126911314985,316.3507049089439,5611.850098,1.4355761904761903,8056.238385210275,3779.2873648050645,979.8660633973309,1990,1990-01-01,2025-12-01
2025-04-01,150.6479,215.99596821022655,24841.7,11660.700061199512,315.5813699414481,5569.060059,1.3981409090909092,7786.330693672133,3654.9055336882043,947.6172494146672,1990,1990-01-01,2025-12-01
2025-05-01,150.6479,215.99596821022655,26175.1,12219.29500912964,330.6990007856487,5911.689941,1.386695238095238,8197.712290280218,3826.92959625376,992.2183936847382,1990,1990-01-01,2025-12-01
2025-06-01,149.181,213.89275611256323,26857.1,12530.04604622871,339.10906514574356,6204.950195,1.36683,8481.11207503185,3956.82053622228,1025.895569229313,1990,1990-01-01,2025-12-01
2025-07-01,149.181,213.89275611256323,27259.8,12679.361188599152,343.1500812884244,6339.390137,1.3691090909090908,8679.316667386127,4037.0138774318734,1046.687513841277,1990,1990-01-01,2025-12-01
2025-08-01,149.181,213.89275611256323,28564.5,13294.278822815533,359.79201088001685,6460.259766,1.3797190476190475,8913.343451717172,4148.382540938756,1075.562368638655,1990,1990-01-01,2025-12-01
2025-09-01,145.2817,208.30201718528883,30022.8,13964.516434202547,377.93110222767984,6688.459961,1.3834285714285715,9253.006608903428,4303.854499107902,1115.8720040049864,1990,1990-01-01,2025-12-01
2025-10-01,145.2817,208.30201718528883,30260.7,14041.111252268603,380.0040393145477,6840.200195,1.3987681818181819,9567.854390032524,4439.530742380487,1151.049150794644,1990,1990-01-01,2025-12-01
2025-11-01,145.2817,208.30201718528883,31382.8,14552.967110036276,393.8567387201664,6849.089844,1.4056166666666667,9627.1948362238,4464.36423179181,1157.4877968040744,1990,1990-01-01,2025-12-01
2025-12-01,142.2693,203.9828978704063,31712.8,14741.64703030303,398.96311032785013,6845.5,1.379490909090909,9443.305018181818,4389.706029663912,1138.130962682211,1990,1990-01-01,2025-12-01
1995-01-01,64.1443,100.0,4017.5,4017.5,100.0,470.4200134,1.4132250000000002,664.8093234372151,664.8093234372151,100.0,1995,1995-01-01,2025-12-01
1995-02-01,64.1443,100.0,4124.8,4105.835402298851,102.19876545858992,487.3900146,1.4004894736842106,682.5845850260937,679.4462650949392,102.20167514830385,1995,1995-01-01,2025-12-01
1995-03-01,61.7928,96.3340468287907,4313.6,4283.919266055046,106.63146897461222,500.7099915,1.4076956521739132,704.847278034587,699.9974114426058,105.29295946444617,1995,1995-01-01,2025-12-01
1995-04-01,61.7928,96.3340468287907,4279.5,4235.482285714285,105.42581918392746,514.710022,1.3762,708.3439322764,701.0581089729855,105.4525086002639,1995,1995-01-01,2025-12-01
1995-05-01,61.7928,96.3340468287907,4448.6,4392.802280501711,109.34168713134314,533.4000244,1.3608727272727272,725.8895459325672,716.784888001828,107.81811607212236,1995,1995-01-01,2025-12-01
1995-06-01,59.7398,93.13345067293587,4527.2,4470.416419612314,111.2735885404434,544.75,1.3775090909090908,750.3980772727272,740.9860147299678,111.45842704174211,1995,1995-01-01,2025-12-01
1995-07-01,59.7398,93.13345067293587,4615.1,4546.844823663253,113.17597569790301,562.0599976,1.36117,765.059206933192,753.744338116205,113.37752217721251,1995,1995-01-01,2025-12-01
1995-08-01,59.7398,93.13345067293587,4516.7,4460.048118586088,111.01551010793,561.8800049,1.355217391304348,761.4695544666523,751.9186250491686,113.10290011601802,1995,1995-01-01,2025-12-01
1995-09-01,60.1995,93.85011606643147,4529.8,4467.889293849658,111.21068559675564,584.4099731,1.350935,789.4998870098485,778.7094557523108,117.13275194851451,1995,1995-01-01,2025-12-01
1995-10-01,60.1995,93.85011606643147,4459.2,4403.269327251995,109.60222345368997,581.5,1.3458190476190477,782.5937761904762,772.7778907422489,116.24053145747293,1995,1995-01-01,2025-12-01
1995-11-01,60.1995,93.85011606643147,4661.2,4587.044545454545,114.1765910505176,605.3699951,1.3533714285714287,819.2904550827658,806.2562887519035,121.27632094318044,1995,1995-01-01,2025-12-01
1995-12-01,60.2732,93.96501325916724,4713.5,4649.078587699317,115.72068668822195,615.9299927,1.3693,843.39293900411,831.8659284482451,125.1284991232237,1995,1995-01-01,2025-12-01
1996-01-01,60.2732,93.96501325916724,4968.4,4889.357272727272,121.70148780901735,636.0200195,1.3668666666666667,869.3545639872333,855.5239231965273,128.68711268567571,1995,1995-01-01,2025-12-01
1996-02-01,60.2732,93.96501325916724,4933.7,4849.69829738933,120.71433223122166,640.4299927,1.37522,880.732134560894,865.7366952664406,130.22330836011525,1995,1995-01-01,2025-12-01
1996-03-01,59.296,92.44157314055964,4970.8,4864.082259887005,121.07236490073443,645.5,1.3656,881.4947999999999,862.5700528813559,129.74698495828443,1995,1995-01-01,2025-12-01
1996-04-01,59.296,92.44157314055964,5146.5,5024.655016910935,125.06919768291066,654.1699829,1.3591863636363637,889.1389202579132,868.0882806576695,130.57703164712794,1995,1995-01-01,2025-12-01
1996-05-01,59.296,92.44157314055964,5246.4,5104.924044943819,127.06718220146406,669.1199951,1.36925,916.192553290675,891.4862372468815,134.0965305115902,1995,1995-01-01,2025-12-01
1996-06-01,60.0922,93.68283697850003,5044.1,4908.079325842697,122.16750033211441,670.6300049,1.3658,915.9464606924199,891.2467808535231,134.06051170365285,1995,1995-01-01,2025-12-01
1996-07-01,60.0922,93.68283697850003,4929.2,4796.277752808988,119.38463603756037,639.9500122,1.369731818181818,876.5598937561826,852.9223235874765,128.2957824925912,1995,1995-01-01,2025-12-01
1996-08-01,60.0922,93.68283697850003,5143.4,5004.701573033707,124.57253448746005,651.9899902,1.3722409090909091,894.6873368702209,870.5609367748441,130.9489662801127,1995,1995-01-01,2025-12-01
1996-09-01,59.1753,92.25340365394898,5291.1,5142.640404040405,128.00598392135421,687.3300171,1.3693849999999999,941.2194154664834,914.8103409584452,137.6049204948974,1995,1995-01-01,2025-12-01
1996-10-01,59.1753,92.25340365394898,5598.8,5429.519372900336,135.1467174337358,705.2700195,1.3508363636363636,952.7043885231272,923.8992166416889,138.97206072034612,1995,1995-01-01,2025-12-01
1996-11-01,59.1753,92.25340365394898,6016.7,5808.764994425864,144.58655866648073,757.0200195,1.3380578947368422,1012.9366135658132,977.9298855607516,147.09930367772702,1995,1995-01-01,2025-12-01
1996-12-01,59.16,92.22955118381523,5927.0,5722.164994425863,142.43098928253548,740.7399902,1.3621571428571428,1009.0042686508599,974.1334410832159,146.52824603101607,1995,1995-01-01,2025-12-01
1997-01-01,59.16,92.22955118381523,6109.6,5885.33214682981,146.49239942326847,786.1599731,1.3494380952380953,1060.8742166524962,1021.9322264972876,153.71809486871607,1995,1995-01-01,2025-12-01
1997-02-01,59.16,92.22955118381523,6157.8,5918.59578246393,147.3203679518091,790.8200073,1.3555842105263158,1072.023115264186,1030.3795980230689,154.98874063555132,1995,1995-01-01,2025-12-01
1997-03-01,59.5255,92.79936019256583,5850.2,5616.71086474501,139.8061198443064,757.1199951,1.3724761904761904,1039.1291666082,997.6561621759436,150.06651185603636,1995,1995-01-01,2025-12-01
1997-04-01,59.5255,92.79936019256583,5976.6,5738.066075388027,142.82678470163103,801.3400269,1.394159090909091,1117.1954834119706,1072.6067501494085,161.34050957706012,1995,1995-01-01,2025-12-01
1997-05-01,59.5255,92.79936019256583,6382.1,6120.596456256922,152.34838721236892,848.2800293,1.3803999999999998,1170.96575244572,1122.9859818582431,168.9185067459871,1995,1995-01-01,2025-12-01
1997-06-01,60.8449,94.85628496998174,6437.7,6160.274254143646,153.33601130413555,885.1400146,1.3842714285714286,1225.274032496077,1172.472168112268,176.3621728483471,1995,1995-01-01,2025-12-01
1997-07-01,60.8449,94.85628496998174,6877.7,6581.312928176795,163.81612764596875,954.3099976,1.3775318181818184,1314.5923861030146,1257.9414434974703,189.2183817449532,1995,1995-01-01,2025-12-01
1997-08-01,60.8449,94.85628496998174,6611.8,6319.888300220751,157.30898071489113,899.4699707,1.3905333333333334,1250.7429765907068,1195.522536123126,179.8293877621937,1995,1995-01-01,2025-12-01
1997-09-01,59.6296,92.96165052857386,7040.2,6729.3743929359825,167.5015405833474,947.2800293,1.3871619047619048,1314.030769786701,1256.0161662641094,188.92878333447865,1995,1995-01-01,2025-12-01
1997-10-01,59.6296,92.96165052857386,6842.4,6540.3072847682115,162.79545201663254,914.6199951,1.3869045454545454,1268.4906285678042,1212.4866273065325,182.3811105773459,1995,1995-01-01,2025-12-01
1997-11-01,59.6296,92.96165052857386,6512.8,6232.137900552486,155.12477661611663,955.4000244,1.4128222222222222,1349.8103855839734,1291.6417612328407,194.2875521893646,1995,1995-01-01,2025-12-01
1997-12-01,59.5975,92.91160711084227,6699.4,6417.788053097344,159.7458133938356,970.4299927,1.4270909090909092,1384.8918204913273,1326.677341311382,199.55757155332284,1995,1995-01-01,2025-12-01
1998-01-01,59.5975,92.91160711084227,6700.2,6383.248844884488,158.8860944588547,980.2800293,1.440945,1412.5296068196885,1345.7102744838835,202.42048765595766,1995,1995-01-01,2025-12-01
1998-02-01,59.5975,92.91160711084227,7092.5,6749.565934065933,168.00413028166602,1049.339966,1.4334105263157895,1504.1349529482527,1431.4075486298755,215.31099191406847,1995,1995-01-01,2025-12-01
1998-03-01,58.7171,91.53907673791748,7558.5,7185.138309549945,178.846006460484,1101.75,1.4165772727272727,1560.7140102272726,1483.6205629602832,223.1648249590767,1995,1995-01-01,2025-12-01
1998-04-01,58.7171,91.53907673791748,7665.0,7294.384615384614,181.56526734000283,1111.75,1.4297727272727274,1589.5498295454547,1512.6924751498502,227.53779494681075,1995,1995-01-01,2025-12-01
1998-05-01,58.7171,91.53907673791748,7589.8,7199.087404162103,179.19321478934918,1090.819946,1.44522,1576.47480235812,1495.3200206376036,224.9246464996098,1995,1995-01-01,2025-12-01
1998-06-01,59.072,92.09236050592182,7366.9,6980.016849015316,173.7403073805928,1133.839966,1.4655090909090909,1661.6527778090544,1574.388736961314,236.81808925623469,1995,1995-01-01,2025-12-01
1998-07-01,59.072,92.09236050592182,6931.4,6567.387746170677,163.46951452820602,1120.670044,1.486895652173913,1666.3194159451477,1578.8103000092974,237.48317665680284,1995,1995-01-01,2025-12-01
1998-08-01,59.072,92.09236050592182,5530.7,5240.2474835886205,130.43553163879577,957.2800293,1.5346380952380954,1469.07840077442,1391.9276751319996,209.37246606822805,1995,1995-01-01,2025-12-01
1998-09-01,57.8359,90.16529917701183,5614.1,5330.932675438597,132.69278594744486,1017.01001,1.5217619047619049,1547.6470899795238,1469.5859428972233,221.05375046473932,1995,1995-01-01,2025-12-01
1998-10-01,57.8359,90.16529917701183,6208.3,5869.418995633188,146.0963035627427,1098.670044,1.5451761904761905,1697.6387931782285,1604.9729201881505,241.4185336466216,1995,1995-01-01,2025-12-01
1998-11-01,57.8359,90.16529917701183,6343.9,5997.6172489082965,149.287299288321,1163.630005,1.5403947368421052,1792.4495353335524,1694.6084034922012,254.90141966281269,1995,1995-01-01,2025-12-01
1998-12-01,58.5525,91.28246781085771,6485.9,6152.014676889376,153.13042132892036,1229.22998,1.5432727272727271,1897.03710368,1799.3802100623,270.6610973442875,1995,1995-01-01,2025-12-01
1999-01-01,58.5525,91.28246781085771,6729.6,6369.217049180328,158.53682760872005,1279.640015,1.519442105263158,1944.338918370579,1840.2158506108428,276.8035564087022,1995,1995-01-01,2025-12-01
1999-02-01,58.5525,91.28246781085771,6312.7,5968.120305676856,148.55308788243576,1238.329956,1.4977421052631579,1854.6989153098737,1753.4598915484178,263.75380575029124,1995,1995-01-01,2025-12-01
1999-03-01,58.7194,91.54266240336241,6597.8,6210.537826086957,154.58712697167286,1286.369995,1.5175695652173913,1952.1559540208477,1837.5728871544068,276.4060043041722,1995,1995-01-01,2025-12-01
1999-04-01,58.7194,91.54266240336241,7014.7,6567.275891891891,163.46673035200723,1335.180054,1.4881,1986.8814383574,1860.150622289198,279.8021262204623,1995,1995-01-01,2025-12-01
1999-05-01,58.7194,91.54266240336241,6841.8,6391.584466019417,159.0935772500166,1301.839966,1.4611100000000001,1902.1313927222602,1776.9641705474403,267.289297532732,1995,1995-01-01,2025-12-01
1999-06-01,60.36,94.10033315508937,7010.1,6534.711087190527,162.65615649509712,1372.709961,1.4694863636363635,2017.1785689173043,1880.3838973976162,282.84559664049306,1995,1995-01-01,2025-12-01
1999-07-01,60.36,94.10033315508937,7081.0,6586.622986036519,163.94830083476091,1328.719971,1.489047619047619,1978.5273091985712,1840.3916753662327,276.8300038048489,1995,1995-01-01,2025-12-01
1999-08-01,60.36,94.10033315508937,6970.8,6470.217363344052,161.05083667315623,1320.410034,1.4931954545454544,1971.630260905009,1830.044808085464,275.27363765353306,1995,1995-01-01,2025-12-01
1999-09-01,59.4283,92.6478268528926,6957.7,6437.359188034188,160.232960498673,1282.709961,1.477052380952381,1894.629801966386,1752.9374022466777,263.67521339556333,1995,1995-01-01,2025-12-01
1999-10-01,59.4283,92.6478268528926,7256.2,6706.3705442902865,166.92894945339853,1362.930054,1.4776099999999999,2013.8790770909397,1861.2799154330348,279.97199344464593,1995,1995-01-01,2025-12-01
1999-11-01,59.4283,92.6478268528926,7523.2,6960.56752136752,173.25619219334214,1388.910034,1.46743,2038.12825119262,1885.7041298427446,283.64586105580264,1995,1995-01-01,2025-12-01
1999-12-01,60.0764,93.65820501587827,8413.8,7776.254855923158,193.55954837394296,1469.25,1.4722086956521738,2163.0426260869563,1999.140783555287,300.7088969840669,1995,1995-01-01,2025-12-01
2000-01-01,60.0764,93.65820501587827,8481.1,7855.222032085562,195.5251283655398,1394.459961,1.4486,2020.0146995046002,1870.9440960117472,281.42567049730013,1995,1995-01-01,2025-12-01
2000-02-01,60.0764,93.65820501587827,9129.0,8401.39638682253,209.12000962843882,1366.420044,1.45121,1982.96243205324,1824.9154794453834,274.50208881099263,1995,1995-01-01,2025-12-01
2000-03-01,60.0711,93.64994239550514,9462.4,8643.922362869198,215.1567482979265,1498.579956,1.4607739130434783,2189.0865063346437,1999.7351418626595,300.7982998077667,1995,1995-01-01,2025-12-01
2000-04-01,60.0711,93.64994239550514,9347.6,8566.160423280424,213.22116797213252,1452.430054,1.4688750000000002,2133.43819556925,1955.087277632773,294.08240960348274,1995,1995-01-01,2025-12-01
2000-05-01,60.0711,93.64994239550514,9252.0,8442.81559536354,210.15097934943472,1420.599976,1.4957363636363636,2124.843042284145,1939.003239850442,291.6630636022604,1995,1995-01-01,2025-12-01
2000-06-01,60.7041,94.63677988535224,10195.5,9245.343455497381,230.1267817174208,1454.599976,1.4770454545454543,2148.510282732727,1948.2826228759595,293.0588597649167,1995,1995-01-01,2025-12-01
2000-07-01,60.7041,94.63677988535224,10406.3,9406.947599164927,234.1492868491581,1430.829956,1.4777850000000001,2114.45904652746,1911.4003489486224,287.5110624300888,1995,1995-01-01,2025-12-01
2000-08-01,60.7041,94.63677988535224,11247.9,10178.350470219435,253.35035395692432,1517.680054,1.482813043478261,2250.4357798979913,2036.4444988418604,306.32008713611,1995,1995-01-01,2025-12-01
2000-09-01,60.0071,93.55016735703718,10377.9,9351.9889698231,232.78130603168887,1436.51001,1.48643,2135.2715741642996,1924.1885361355708,289.4346496506817,1995,1995-01-01,2025-12-01
2000-10-01,60.0071,93.55016735703718,9639.6,8668.633021806854,215.77182381597643,1429.400024,1.5124761904761905,2161.933502966095,1944.168653757672,292.44004035711754,1995,1995-01-01,2025-12-01
2000-11-01,60.0071,93.55016735703718,8819.9,7906.866873706003,196.81062535671444,1314.949951,1.5426380952380954,2028.4918877440668,1818.5030794889874,273.53754157461475,1995,1995-01-01,2025-12-01
2000-12-01,60.2182,93.87926908548383,8933.7,8000.604136504654,199.1438490729223,1320.280029,1.521875,2009.3011691343752,1799.4362073116533,270.66952039844443,1995,1995-01-01,2025-12-01
2001-01-01,60.2182,93.87926908548383,9321.9,8382.933956386292,208.66045939978326,1366.01001,1.5032,2053.386247032,1846.5550258875514,277.75708925687786,1995,1995-01-01,2025-12-01
2001-02-01,60.2182,93.87926908548383,8078.7,7227.432024793388,179.89874361651246,1239.939941,1.5215631578947368,1886.6469322277737,1687.8473587905496,253.88442960817633,1995,1995-01-01,2025-12-01
2001-03-01,59.9294,93.42903422439718,7608.0,6785.301750772399,168.89363412003482,1160.329956,1.558740909090909,1808.6537704608545,1613.0732906478886,242.6369838358965,1995,1995-01-01,2025-12-01
2001-04-01,59.9294,93.42903422439718,7946.6,7036.559918200409,175.14772665091246,1249.459961,1.5577666666666665,1946.3670785804331,1723.4702352256186,259.2427895437576,1995,1995-01-01,2025-12-01
2001-05-01,59.9294,93.42903422439718,8161.9,7168.565314401622,178.43348635722768,1255.819946,1.54105,1935.2813277833002,1699.7501317041965,255.67483363742593,1995,1995-01-01,2025-12-01
2001-06-01,61.4651,95.82316745213527,7736.4,6787.965957446808,168.95994915860132,1224.380005,1.5245380952380954,1866.6139606703096,1637.7788145293698,246.35316575611208,1995,1995-01-01,2025-12-01
2001-07-01,61.4651,95.82316745213527,7689.7,6767.561178861788,168.45205174515962,1211.22998,1.5307904761904763,1854.1393178603812,1631.7933427511075,245.4528366591439,1995,1995-01-01,2025-12-01
2001-08-01,61.4651,95.82316745213527,7399.2,6511.897560975609,162.08830270007738,1133.579956,1.5398565217391305,1745.5504881593565,1536.2263442540677,231.07773764534903,1995,1995-01-01,2025-12-01
2001-09-01,61.5748,95.99418810400925,6838.6,6006.316024340771,149.5038213899383,1040.939941,1.5679388888888888,1632.1302144916056,1433.4936772309638,215.62478543764644,1995,1995-01-01,2025-12-01
2001-10-01,61.5748,95.99418810400925,6885.7,6078.507849133536,151.30075542336118,1059.780029,1.5716772727272728,1665.6321856695502,1470.3745899998273,221.1723780282829,1995,1995-01-01,2025-12-01
2001-11-01,61.5748,95.99418810400925,7425.7,6615.901440329218,164.67707381031033,1139.449951,1.592245,1814.283487229995,1616.4295266884521,243.14182573901712,1995,1995-01-01,2025-12-01
2001-12-01,62.9571,98.14917303641944,7688.4,6835.887474332648,170.15276849614557,1148.079956,1.578755,1812.53697093478,1611.5575121452969,242.40898184357266,1995,1995-01-01,2025-12-01
2002-01-01,62.9571,98.14917303641944,7648.5,6786.47643442623,168.92287329001198,1130.199951,1.5997142857142859,1807.997007328286,1604.2268528138275,241.30631088619677,1995,1995-01-01,2025-12-01
2002-02-01,62.9571,98.14917303641944,7637.5,6735.310590631363,167.64929908229902,1106.72998,1.5964,1766.7837400720002,1558.0801618150226,234.36496855359889,1995,1995-01-01,2025-12-01
2002-03-01,65.2743,101.76165302294982,7851.5,6875.024266936299,171.12692637053638,1147.390015,1.5877428571428571,1821.7603006732857,1595.1915271820678,239.94722560967793,1995,1995-01-01,2025-12-01
2002-04-01,65.2743,101.76165302294982,7663.4,6669.853668341708,166.02000419021053,1076.920044,1.5814863636363639,1703.134364312673,1482.3259894419846,222.97009641471678,1995,1995-01-01,2025-12-01
2002-05-01,65.2743,101.76165302294982,7656.1,6650.132998996991,165.52913500925925,1067.140015,1.5501545454545456,1654.231944888682,1436.8754907458358,216.1334746806593,1995,1995-01-01,2025-12-01
2002-06-01,66.8429,104.20707685640033,7145.6,6194.283883883883,154.18254844763865,989.8200073,1.53184,1516.2458799824321,1314.3833153801663,197.7083156091293,1995,1995-01-01,2025-12-01
2002-07-01,66.8429,104.20707685640033,6605.4,5691.817313432834,141.67560207673515,911.6199951,1.54555,1408.954283426805,1214.0839895001125,182.62138431257594,1995,1995-01-01,2025-12-01
2002-08-01,66.8429,104.20707685640033,6612.0,5674.917740336966,141.25495308866124,916.0700073,1.5694181818181818,1437.6969252749345,1233.9400765987048,185.60811846304358,1995,1995-01-01,2025-12-01
2002-09-01,65.5781,102.2352726586774,6180.4,5304.486025768087,132.03449970797976,815.2800293,1.576135,1284.9913889807556,1102.8766529805096,165.8936802026763,1995,1995-01-01,2025-12-01
2002-10-01,65.5781,102.2352726586774,6248.8,5347.293280632411,133.10001943080053,885.7600098,1.578009090909091,1397.7373478281256,1196.0874932995619,179.9143680951281,1995,1995-01-01,2025-12-01
2002-11-01,65.5781,102.2352726586774,6570.4,5605.878226600984,139.53648354949556,936.3099976,1.5714526315789474,1471.366809702198,1255.3730612828604,188.83204808144035,1995,1995-01-01,2025-12-01
2002-12-01,67.3256,104.95959890434534,6614.5,5665.832838773492,141.028819882352,879.8200073,1.5592190476190477,1371.8321138584897,1175.080722652277,176.7545491956766,1995,1995-01-01,2025-12-01
2003-01-01,67.3256,104.95959890434534,6569.5,5577.63431372549,138.83346144929658,855.7000122,1.5414476190476192,1319.0167464247086,1119.8710807880368,168.44996622460846,1995,1995-01-01,2025-12-01
2003-02-01,67.3256,104.95959890434534,6555.1,5522.097859922179,137.4510979445471,841.1500244,1.5121473684210525,1271.942795843764,1071.500448638813,161.1741007329609,1995,1995-01-01,2025-12-01
2003-03-01,67.8586,105.79053789658627,6343.3,5328.125897187197,132.62292214529424,848.1799927,1.4760809523809524,1251.9823314150851,1051.6165848743588,158.18318844225323,1995,1995-01-01,2025-12-01
2003-04-01,67.8586,105.79053789658627,6586.1,5569.8853515625,138.64058124611077,916.9199829,1.4582045454545456,1337.0568868828843,1130.7531875396267,170.0868425992247,1995,1995-01-01,2025-12-01
2003-05-01,67.8586,105.79053789658627,6859.8,5795.69443902439,144.26121814622005,963.5900269,1.3839571428571429,1333.5673005141614,1126.701738775867,169.4774274449948,1995,1995-01-01,2025-12-01
2003-06-01,70.2072,109.45197001136499,6983.1,5899.867902439024,146.8542103905171,974.5,1.3525095238095237,1318.0205309523808,1113.56661444367,167.501654261748,1995,1995-01-01,2025-12-01
2003-07-01,70.2072,109.45197001136499,7257.9,6126.0637426900585,152.48447399352978,990.3099976,1.382090909090909,1368.6984448648,1155.2561922543048,173.77256177476093,1995,1995-01-01,2025-12-01
2003-08-01,70.2072,109.45197001136499,7510.3,6320.621768707483,157.327237553391,1008.01001,1.3962714285714286,1407.455576677,1184.5058594774362,178.1722695092891,1995,1995-01-01,2025-12-01
2003-09-01,71.4171,111.33818593390217,7421.1,6233.436081474298,155.15708976911756,995.9699707,1.3633714285714287,1357.8770017675029,1140.5639995447696,171.56257581464033,1995,1995-01-01,2025-12-01
2003-10-01,71.4171,111.33818593390217,7772.7,6547.819260700388,162.98243337150936,1050.709961,1.3220954545454544,1389.1388634837317,1170.2278752693692,176.0245884066465,1995,1995-01-01,2025-12-01
2003-11-01,71.4171,111.33818593390217,7859.4,6601.591076624635,164.32087309582167,1058.199951,1.3130444444444445,1389.4635667719335,1167.0954886755524,175.55341772907212,1995,1995-01-01,2025-12-01
2003-12-01,73.3939,114.4199874345811,8220.9,6898.545930232557,171.71240647747496,1111.920044,1.3127545454545455,1459.6780919430182,1224.8849104870676,184.24604879999796,1995,1995-01-01,2025-12-01
2004-01-01,73.3939,114.4199874345811,8521.4,7143.787415295256,177.81673715731813,1131.130005,1.295755,1465.6673596287749,1228.7201678978886,184.8229446520284,1995,1995-01-01,2025-12-01
2004-02-01,73.3939,114.4199874345811,8788.5,7353.469565217391,183.03595681935013,1144.939941,1.3298947368421052,1522.6496015362106,1274.0237245703945,191.63746350358065,1995,1995-01-01,2025-12-01
2004-03-01,74.2536,115.76024681850141,8585.9,7156.293936477381,178.12803824461434,1126.209961,1.3285782608695653,1496.258071359361,1247.1217418644915,187.59089229022678,1995,1995-01-01,2025-12-01
2004-04-01,74.2536,115.76024681850141,8244.0,6858.121037463977,170.7061863712253,1107.300049,1.3419727272727273,1485.9664666657545,1236.1642268324144,185.94267307220736,1995,1995-01-01,2025-12-01
2004-05-01,74.2536,115.76024681850141,8417.3,6942.2683809523805,172.8007064331644,1120.680054,1.37886,1545.2608992584398,1274.4723226264846,191.7049412058744,1995,1995-01-01,2025-12-01
2004-06-01,76.8199,119.76106996256877,8545.6,7041.379257849667,175.26768532295375,1140.839966,1.357840909090909,1549.0791765606816,1276.4058676513323,191.9957832498534,1995,1995-01-01,2025-12-01
2004-07-01,76.8199,119.76106996256877,8458.1,6975.918666666667,173.63829910806888,1101.719971,1.3225047619047618,1457.0299079330762,1201.7027621619466,180.75901161386705,1995,1995-01-01,2025-12-01
2004-08-01,76.8199,119.76106996256877,8377.0,6922.215648854962,172.30157184455413,1104.23999,1.3126772727272729,1449.5107385095912,1197.782728577582,180.16936380867426,1995,1995-01-01,2025-12-01
2004-09-01,74.8714,116.72338773671238,8668.3,7149.283619047617,177.9535437224049,1114.579956,1.2880952380952382,1435.6851338000001,1184.0984055912381,178.1109806747566,1995,1995-01-01,2025-12-01
2004-10-01,74.8714,116.72338773671238,8871.0,7302.553231939163,181.768593203215,1130.199951,1.2469350000000001,1409.2858759001851,1160.1155594387453,174.5035032662726,1995,1995-01-01,2025-12-01
2004-11-01,74.8714,116.72338773671238,9030.1,7405.366098484848,184.32771869284005,1173.819946,1.1967700000000001,1404.7924967744202,1152.0362710290226,173.28822421934964,1995,1995-01-01,2025-12-01
2004-12-01,77.3993,120.66434585769896,9246.7,7597.383491461101,189.10724309797388,1211.920044,1.2188826086956523,1477.1882647612697,1213.7049689594492,182.56437239542896,1995,1995-01-01,2025-12-01
2005-01-01,77.3993,120.66434585769896,9204.1,7569.563722697056,188.41477841187444,1181.27002,1.2248350000000001,1446.8608649467,1189.9159630045986,178.98605224915664,1995,1995-01-01,2025-12-01
2005-02-01,77.3993,120.66434585769896,9668.3,7921.237275307472,197.16832048058427,1203.599976,1.2400526315789473,1492.5273176071578,1222.827490111446,183.93657354098923,1995,1995-01-01,2025-12-01
2005-03-01,79.9412,124.62712976835041,9612.4,7830.986265286923,194.92187343589106,1180.589966,1.2160260869565216,1435.6281966551128,1169.5710426183703,175.92578825029446,1995,1995-01-01,2025-12-01
2005-04-01,79.9412,124.62712976835041,9369.3,7611.4575984990615,189.45756312380988,1156.849976,1.2359,1429.7508853384,1161.504940622002,174.7124926914018,1995,1995-01-01,2025-12-01
2005-05-01,79.9412,124.62712976835041,9607.3,7797.489971883784,194.08811379922298,1191.5,1.2555285714285713,1495.9622928571428,1214.1549630874279,182.63206009355753,1995,1995-01-01,2025-12-01
2005-06-01,81.2524,126.67127086896261,9902.8,8022.286997193637,199.6835593576512,1191.329956,1.2401681818181818,1477.4495054780546,1196.886128853129,180.0344981121739,1995,1995-01-01,2025-12-01
2005-07-01,81.2524,126.67127086896261,10422.9,8427.853781512606,209.77856332327582,1234.180054,1.222855,1509.2232499341699,1220.3429826731942,183.5628562433126,1995,1995-01-01,2025-12-01
2005-08-01,81.2524,126.67127086896261,10668.9,8594.667348837209,213.93073674765924,1220.329956,1.2042826086956522,1469.6221428811305,1183.9002564977293,178.08117527243695,1995,1995-01-01,2025-12-01
2005-09-01,81.9448,127.75071206638782,11011.8,8797.249815498153,218.97323747350725,1228.810059,1.1776809523809524,1447.1462005784142,1156.1149535986224,173.90173585732006,1995,1995-01-01,2025-12-01
2005-10-01,81.9448,127.75071206638782,10383.3,8333.584615384612,207.43209994734565,1207.01001,1.177415,1421.15169092415,1140.6092347917645,171.56938005841374,1995,1995-01-01,2025-12-01
2005-11-01,81.9448,127.75071206638782,10824.1,8703.501021355616,216.63972672944905,1249.47998,1.181545,1476.3168229691003,1187.0848362964166,178.56019680333583,1995,1995-01-01,2025-12-01
2005-12-01,82.9798,129.36426151661175,11272.3,9072.315799256505,225.8199327755197,1248.290039,1.1614809523809524,1449.8651033453762,1166.8988657036207,175.52384188454047,1995,1995-01-01,2025-12-01
2006-01-01,82.9798,129.36426151661175,11945.6,9560.896118299444,237.98123505412428,1280.079956,1.157165,1481.26372228474,1185.5585799432392,178.33061874247375,1995,1995-01-01,2025-12-01
2006-02-01,82.9798,129.36426151661175,11688.3,9372.284999999998,233.2864965774735,1280.660034,1.1488947368421052,1471.3435727466315,1179.7995685172064,177.46435360102575,1995,1995-01-01,2025-12-01
2006-03-01,85.6578,133.53922328250522,12110.6,9657.25561694291,240.3797291087221,1294.869995,1.1573086956521739,1498.564304952587,1194.9877422550094,179.7489445660376,1995,1995-01-01,2025-12-01
2006-04-01,85.6578,133.53922328250522,12204.2,9678.422344322344,240.90659226689093,1310.609985,1.1441050000000001,1499.4754368884253,1189.144439876718,178.8700004579616,1995,1995-01-01,2025-12-01
2006-05-01,85.6578,133.53922328250522,11744.5,9271.410209662716,230.7756119393333,1270.089966,1.109990909090909,1409.7883159875817,1112.9231373247453,167.40486303210673,1995,1995-01-01,2025-12-01
2006-06-01,88.764,138.38174241514832,11612.9,9184.26611872146,228.60649953258144,1270.199951,1.1137272727272727,1414.6563272455455,1118.8058259311802,168.2897315799815,1995,1995-01-01,2025-12-01
2006-07-01,88.764,138.38174241514832,11831.0,9348.217153284671,232.68742136365083,1276.660034,1.129445,1441.91729210113,1139.325159634652,171.37623066777738,1995,1995-01-01,2025-12-01
2006-08-01,88.764,138.38174241514832,12073.8,9522.687431693988,237.03017876027351,1303.819946,1.118213043478261,1457.948469964322,1149.8937841430807,172.96595333499067,1995,1995-01-01,2025-12-01
2006-09-01,90.9982,141.86482664866557,11761.3,9327.184798534796,232.16390288823385,1335.849976,1.11612,1490.9688752131199,1182.3983937129685,177.85526646944427,1995,1995-01-01,2025-12-01
2006-10-01,90.9982,141.86482664866557,12344.6,9807.728073394495,244.12515428486608,1377.939941,1.1285380952380952,1555.0577163686335,1235.4862223626023,185.84068827056427,1995,1995-01-01,2025-12-01
2006-11-01,90.9982,141.86482664866557,12752.4,10113.16703296703,251.72786640863796,1400.630005,1.1358809523809523,1590.948944012738,1261.6866167720063,189.78172722500344,1995,1995-01-01,2025-12-01
2006-12-01,91.8116,143.13290502819424,12908.4,10218.166727605118,254.34142445812364,1418.300049,1.153235,1635.6332570085149,1294.7517372663378,194.75535189130284,1995,1995-01-01,2025-12-01
2007-01-01,91.8116,143.13290502819424,13034.1,10317.669652650822,256.8181618581412,1438.23999,1.1762619047619047,1691.746910142143,1339.1707716481678,201.43682172270854,1995,1995-01-01,2025-12-01
2007-02-01,91.8116,143.13290502819424,13045.0,10251.33393829401,255.16699286357212,1406.819946,1.1709894736842106,1647.3713481349896,1294.5767581532675,194.72903169588716,1995,1995-01-01,2025-12-01
2007-03-01,93.7553,146.16310412616554,13165.5,10262.216921692168,255.43788230721017,1420.859985,1.1681590909090909,1659.7905083867045,1293.770099246522,194.6076948135199,1995,1995-01-01,2025-12-01
2007-04-01,93.7553,146.16310412616554,13416.7,10411.166845878137,259.1454099782984,1482.369995,1.1349857142857143,1682.4687676107858,1305.5716422499465,196.38287193384184,1995,1995-01-01,2025-12-01
2007-05-01,93.7553,146.16310412616554,14056.8,10859.222836752899,270.2980170940361,1530.619995,1.0950863636363637,1676.1610844336592,1294.8755567524968,194.77397670322918,1995,1995-01-01,2025-12-01
2007-06-01,96.4194,150.31639600089173,13906.6,10762.391063449508,267.8877676029747,1503.349976,1.065104761904762,1601.2252182470097,1239.1966389650672,186.39880568433358,1995,1995-01-01,2025-12-01
2007-07-01,96.4194,150.31639600089173,13868.6,10723.399642857143,266.91722819806205,1455.27002,1.0501857142857143,1528.3037854322856,1181.7063198074636,177.75116535637224,1995,1995-01-01,2025-12-01
2007-08-01,96.4194,150.31639600089173,13660.5,10590.86213070725,263.61822353969507,1473.98999,1.0578521739130435,1559.2635152475652,1208.8829043906817,181.83904192866652,1995,1995-01-01,2025-12-01
2007-09-01,98.4359,153.46008920512034,14098.9,10911.213047363715,271.59211069978136,1526.75,1.026745,1567.58292875,1213.1606937421805,182.48250302355333,1995,1995-01-01,2025-12-01
2007-10-01,98.4359,153.46008920512034,14625.0,11348.790322580646,282.4838910412109,1549.380005,0.9754130434782609,1511.285466181413,1172.7358545816342,176.40183632177775,1995,1995-01-01,2025-12-01
2007-11-01,98.4359,153.46008920512034,13689.1,10594.066666666666,263.6979879693009,1481.140015,0.9672380952380953,1432.615046889524,1108.7083383434563,166.77087689011077,1995,1995-01-01,2025-12-01
2007-12-01,98.7641,153.97174807426381,13833.1,10695.950535714284,266.2339896879722,1468.359985,1.00207,1471.39949016895,1137.7071057913488,171.1328445138442,1995,1995-01-01,2025-12-01
2008-01-01,98.7641,153.97174807426381,13155.1,10189.907513416816,253.63802149139553,1378.550049,1.0099428571428573,1392.2567752014859,1078.438611202582,162.21773269165504,1995,1995-01-01,2025-12-01
2008-02-01,98.7641,153.97174807426381,13582.7,10483.616934046346,260.9487724715954,1330.630005,0.998555,1328.7072446427749,1025.544094349949,154.26138867121378,1995,1995-01-01,2025-12-01
2008-03-01,99.9306,155.79030404883986,13350.1,10267.483658969804,255.56897719899948,1322.699951,1.0029428571428571,1326.5924679986572,1020.2744913737453,153.46873989352235,1995,1995-01-01,2025-12-01
2008-04-01,99.9306,155.79030404883986,13937.0,10633.869603524228,264.6887269078837,1385.589966,1.0137181818181817,1404.5977410790363,1071.7018887880577,161.20440117282286,1995,1995-01-01,2025-12-01
2008-05-01,99.9306,155.79030404883986,14714.7,11119.485340314137,276.77623746892687,1400.380005,0.9993047619047618,1399.4064074727141,1057.4921019819988,159.06697825995047,1995,1995-01-01,2025-12-01
2008-06-01,98.653,153.79854484342334,14467.0,10856.518197573656,270.23069564589065,1280.0,1.0166238095238096,1301.2784761904763,976.5226693075844,146.88763151797278,1995,1995-01-01,2025-12-01
2008-07-01,98.653,153.79854484342334,13592.9,10165.329360967184,253.0262442057793,1267.380005,1.0129636363636363,1283.8098585193636,960.0857836595585,144.41521046902548,1995,1995-01-01,2025-12-01
2008-08-01,98.653,153.79854484342334,13771.3,10316.562110726643,256.7905939197671,1282.829956,1.0534571428571429,1351.4063802193143,1012.3857485033963,152.2821225293791,1995,1995-01-01,2025-12-01
2008-09-01,95.68,149.16368250959167,11752.9,8796.898357821952,218.96448930484013,1166.359985,1.0582047619047619,1234.2476902221667,923.8189280314574,138.9599837822827,1995,1995-01-01,2025-12-01
2008-10-01,95.68,149.16368250959167,9762.8,7383.916855895196,183.79382341991777,968.75,1.1846954545454547,1147.6737215909093,868.0222208713776,130.5670949955253,1995,1995-01-01,2025-12-01
2008-11-01,95.68,149.16368250959167,9270.6,7036.231025416301,175.13954014726326,896.2399902,1.2170944444444443,1090.8087129613632,827.9056489259777,124.53279756148991,1995,1995-01-01,2025-12-01
2008-12-01,93.3232,145.48946671800925,8987.7,6869.680670785526,170.9939183767399,903.25,1.2336954545454546,1114.335419318182,851.733868605071,128.11701619968468,1995,1995-01-01,2025-12-01
2009-01-01,93.3232,145.48946671800925,8694.9,6663.5251327433625,165.8624799687209,825.8800049,1.22482,1011.554347601618,775.2266062150452,116.6088649610008,1995,1995-01-01,2025-12-01
2009-02-01,93.3232,145.48946671800925,8123.0,6181.474516695957,153.86370918969402,735.0900269,1.2451999999999999,915.3341014958798,696.55477319458,104.7751210216538,1995,1995-01-01,2025-12-01
2009-03-01,90.6825,141.3726550917229,8720.4,6624.444210526314,164.88971276979004,797.8699951,1.2645181818181819,1008.9211155311336,766.4260403947033,115.28509203693274,1995,1995-01-01,2025-12-01
2009-04-01,90.6825,141.3726550917229,9324.8,7089.79525899912,176.47281291845974,872.8099976,1.224181818181818,1068.4781297892362,812.381089023247,122.1976077024691,1995,1995-01-01,2025-12-01
2009-05-01,90.6825,141.3726550917229,10370.1,7829.561115954664,194.88639989930715,919.1400146,1.1527850000000002,1059.5708217306612,799.9898270433762,120.33372560228956,1995,1995-01-01,2025-12-01
2009-06-01,91.9593,143.36316710915858,10374.9,7805.9629887054725,194.29901652036023,919.3200073,1.1263545454545456,1035.4802689496612,779.0841988795886,117.18912046111907,1995,1995-01-01,2025-12-01
2009-07-01,91.9593,143.36316710915858,10787.2,8144.477070619007,202.72500486917252,987.4799805,1.1228608695652174,1108.8026295824739,837.1604858050761,125.92490151563554,1995,1995-01-01,2025-12-01
2009-08-01,91.9593,143.36316710915858,10868.2,8205.633129904098,204.24724654397255,1020.619995,1.0872380952380953,1109.6569393257143,837.8055008335384,126.02192407619886,1995,1995-01-01,2025-12-01
2009-09-01,95.0574,148.1930584634956,11395.0,8603.37401918047,214.14745536230168,1057.079956,1.0816380952380953,1143.3779501222095,863.2653049745713,129.85156413139543,1995,1995-01-01,2025-12-01
2009-10-01,95.0574,148.1930584634956,10910.8,8244.984991273996,205.22675771683873,1036.189941,1.0546761904761905,1092.8448595836287,825.8321539261976,124.22090437246848,1995,1995-01-01,2025-12-01
2009-11-01,95.0574,148.1930584634956,11447.2,8605.27361111111,214.19473829772522,1095.630005,1.0593,1160.6008642964998,872.465580278445,131.23546098415108,1995,1995-01-01,2025-12-01
2009-12-01,97.6107,152.1736148028741,11746.1,8860.733972125436,220.55342805539354,1115.099976,1.053690909090909,1174.9707074386909,886.3454988169916,133.3232654190805,1995,1995-01-01,2025-12-01
2010-01-01,97.6107,152.1736148028741,11094.3,8347.231798436142,207.77179336493194,1073.869995,1.0438105263157895,1120.9168046756843,843.365727931488,126.85828826393345,1995,1995-01-01,2025-12-01
2010-02-01,97.6107,152.1736148028741,11629.6,8712.139792387545,216.85475525544607,1104.48999,1.0572105263157894,1167.678443638421,874.7487302689209,131.57889028184374,1995,1995-01-01,2025-12-01
2010-03-01,100.2438,156.27857814334243,12037.7,9017.861764705882,224.46451187818002,1169.430054,1.0229,1196.2100022365998,896.1227179384908,134.79394562418784,1995,1995-01-01,2025-12-01
2010-04-01,100.2438,156.27857814334243,12210.7,9115.919137931034,226.90526790120805,1186.689941,1.005209090909091,1192.8715167835728,890.5402875298051,133.95424163510668,1995,1995-01-01,2025-12-01
2010-05-01,100.2438,156.27857814334243,11763.0,8759.035253654341,218.0220349385026,1089.410034,1.0402799999999999,1133.29147016952,843.8782572371489,126.93538244531632,1995,1995-01-01,2025-12-01
2010-06-01,101.3371,157.9830164176708,11294.4,8417.341135972461,209.51689199682542,1030.709961,1.0376227272727272,1069.4880807599864,797.0539397058072,119.89211216004875,1995,1995-01-01,2025-12-01
2010-07-01,101.3371,157.9830164176708,11713.4,8684.76404109589,216.17334265328913,1101.599976,1.0422285714285715,1148.1189692722287,851.2594412583476,128.04565327952128,1995,1995-01-01,2025-12-01
2010-08-01,101.3371,157.9830164176708,11913.9,8840.991773778918,220.06202299387473,1049.329956,1.0403954545454546,1091.718116540782,810.1352947080694,121.85979741070507,1995,1995-01-01,2025-12-01
2010-09-01,99.7146,155.45356329401054,12368.7,9162.783746792129,228.0717796339049,1141.199951,1.032957142857143,1178.8106408136716,873.2677629979808,131.35612456260213,1995,1995-01-01,2025-12-01
2010-10-01,99.7146,155.45356329401054,12676.2,9350.587052810903,232.74641077314007,1183.26001,1.0179,1204.440364179,888.4543061150033,133.64047025115303,1995,1995-01-01,2025-12-01
2010-11-01,99.7146,155.45356329401054,12952.9,9546.562893617021,237.6244653047174,1180.550049,1.0129,1195.7791446320998,881.3146717033178,132.56653308451226,1995,1995-01-01,2025-12-01
2010-12-01,98.7219,153.90595890827402,13443.2,9907.924425531915,246.6191518489587,1257.640015,1.0080619047619048,1267.7789890256904,934.3800889329768,140.5485837806876,1995,1995-01-01,2025-12-01
2011-01-01,98.7219,153.90595890827402,13552.0,9962.67572156197,247.9819719119345,1286.119995,0.9939450000000001,1278.332538430275,939.7588949750577,141.35765878196338,1995,1995-01-01,2025-12-01
2011-02-01,98.7219,153.90595890827402,14136.5,10365.96867061812,258.0203776133944,1327.219971,0.9876368421052631,1310.811340937479,961.1876555900565,144.58095301980697,1995,1995-01-01,2025-12-01
2011-03-01,100.5969,156.82905573838985,14116.1,10238.31038525963,254.8428222839983,1325.829956,0.9765608695652174,1294.753654726974,939.0759338304517,141.2549284019087,1995,1995-01-01,2025-12-01
2011-04-01,100.5969,156.82905573838985,13944.8,10080.297829716192,250.90971573655736,1363.609985,0.957952380952381,1306.2734318211906,944.2677729191578,142.03588000798172,1995,1995-01-01,2025-12-01
2011-05-01,100.5969,156.82905573838985,13802.9,9911.535157545604,246.70902694575244,1345.199951,0.9680428571428572,1302.2112039944716,935.0869839628626,140.65491427350187,1995,1995-01-01,2025-12-01
2011-06-01,102.5685,159.90275051719328,13300.9,9614.840901502503,239.32398012451782,1320.640015,0.9766454545454546,1289.7970677405908,932.3574796856022,140.24434477920713,1995,1995-01-01,2025-12-01
2011-07-01,102.5685,159.90275051719328,12945.6,9342.408,232.54282514001244,1292.280029,0.955315,1234.5344959041352,890.9223945441507,134.01171781675382,1995,1995-01-01,2025-12-01
2011-08-01,102.5685,159.90275051719328,12768.7,9191.765752285952,228.79317367233236,1218.890015,0.9817086956521739,1196.5949267691087,861.3891991538222,129.56936203906477,1995,1995-01-01,2025-12-01
2011-09-01,103.7585,161.75794263870677,11623.8,8346.77512437811,207.76042624463247,1131.420044,1.0025,1134.2485941099999,814.4770169977279,122.512875238677,1995,1995-01-01,2025-12-01
2011-10-01,103.7585,161.75794263870677,12252.1,8783.37632450331,218.6279110019492,1253.300049,1.0198,1278.1153899701999,916.2648408230075,137.82370501149265,1995,1995-01-01,2025-12-01
2011-11-01,103.7585,161.75794263870677,12204.1,8741.729197684037,217.59126814397106,1246.959961,1.024755,1277.828454834555,915.3014407665215,137.67879127118817,1995,1995-01-01,2025-12-01
2011-12-01,103.6796,161.63493872409552,11955.1,8613.241763727121,214.3930743927099,1257.599976,1.0235238095238095,1287.1835182925713,927.3718193355795,139.4944063872114,1995,1995-01-01,2025-12-01
2012-01-01,103.6796,161.63493872409552,12452.2,8934.221375310688,222.38261046199597,1312.410034,1.012985,1329.45167829149,953.8567965206547,143.47825201803707,1995,1995-01-01,2025-12-01
2012-02-01,103.6796,161.63493872409552,12644.0,9034.409240924091,224.87639678715846,1365.680054,0.996745,1361.2347654242299,972.6314413014711,146.3023166210645,1995,1995-01-01,2025-12-01
2012-03-01,105.5386,164.53309179459436,12392.2,8818.114379622022,219.49257945543303,1408.469971,0.9937727272727273,1399.699044362409,996.0060578618292,149.81830470009834,1995,1995-01-01,2025-12-01
2012-04-01,105.5386,164.53309179459436,12292.7,8711.52062193126,216.83934342081542,1397.910034,0.9928238095238096,1387.8783653274381,983.5537351665804,147.94523790391273,1995,1995-01-01,2025-12-01
2012-05-01,105.5386,164.53309179459436,11513.2,8165.7913185913185,203.25553997738191,1310.329956,1.009731818181818,1323.0818488899815,938.4020320546471,141.15356072368172,1995,1995-01-01,2025-12-01
2012-06-01,106.9303,166.70273118577956,11596.6,8258.762828947369,205.5697032718698,1362.160034,1.028,1400.300514952,997.2534917339078,150.00594254272502,1995,1995-01-01,2025-12-01
2012-07-01,106.9303,166.70273118577956,11664.7,8314.098930041153,206.9470797770044,1379.319946,1.0142,1398.9062892332001,997.0805320789722,149.97992611232337,1995,1995-01-01,2025-12-01
2012-08-01,106.9303,166.70273118577956,11949.3,8495.971921182265,211.47409884710058,1406.579956,0.9923826086956522,1395.8654860742956,992.4626526603776,149.28530898590898,1995,1995-01-01,2025-12-01
2012-09-01,106.0767,165.37198161021323,12317.5,8743.405737704918,217.6329990716843,1440.670044,0.9783000000000001,1409.4075040452,1000.4482774615927,150.48649923996976,1995,1995-01-01,2025-12-01
2012-10-01,106.0767,165.37198161021323,12422.9,8803.79001636661,219.1360302767047,1412.160034,0.9871545454545455,1394.0201964723456,987.9062930810566,148.59994561648998,1995,1995-01-01,2025-12-01
2012-11-01,106.0767,165.37198161021323,12239.4,8695.094667760459,216.43048332944517,1416.180054,0.9969699999999999,1411.8890284363797,1003.0319102755575,150.87512688445085,1995,1995-01-01,2025-12-01
2012-12-01,104.7044,163.23258652756365,12433.5,8884.002475247524,221.13260672675855,1426.189941,0.9898199999999999,1411.67132740062,1008.6694468060534,151.72311988511285,1995,1995-01-01,2025-12-01
2013-01-01,104.7044,163.23258652756365,12685.2,9056.37526793075,225.42315539342255,1498.109985,0.9920571428571427,1486.210711404857,1061.0539786286943,159.60275243175056,1995,1995-01-01,2025-12-01
2013-02-01,104.7044,163.23258652756365,12821.8,9049.452974735124,225.25085189135345,1514.680054,1.0097842105263157,1529.5000025283473,1079.5004092824358,162.37744737110089,1995,1995-01-01,2025-12-01
2013-03-01,105.4775,164.437837812557,12749.9,8984.062978030917,223.6232228508007,1569.189941,1.0244238095238094,1607.5155372256618,1132.716399704982,170.38214714688132,1995,1995-01-01,2025-12-01
2013-04-01,105.4775,164.437837812557,12456.5,8791.629176854114,218.8333335869101,1597.569946,1.0186727272727272,1627.4009339007634,1148.597562150009,172.77097682858883,1995,1995-01-01,2025-12-01
2013-05-01,105.4775,164.437837812557,12650.4,8906.704390243902,221.6976823956167,1630.73999,1.0195590909090908,1662.6357817135,1170.6037292389358,176.08112401111478,1995,1995-01-01,2025-12-01
2013-06-01,107.0699,166.9203654884378,12129.1,8539.675284552844,212.56192369764392,1606.280029,1.0314,1656.7172219106,1166.4366781907152,175.45432006879398,1995,1995-01-01,2025-12-01
2013-07-01,107.0699,166.9203654884378,12486.6,8784.236880584891,218.64933119066313,1685.72998,1.0402136363636363,1753.519312423,1233.588728317074,185.55526898135847,1995,1995-01-01,2025-12-01
2013-08-01,107.0699,166.9203654884378,12653.9,8901.931275385865,221.57887430954239,1632.969971,1.0407181818181819,1699.4615391828092,1195.5594581091086,179.83494153297895,1995,1995-01-01,2025-12-01
2013-09-01,107.4486,167.51075309887239,12787.2,8981.115328467153,223.5498526065253,1681.550049,1.034235,1739.117914927515,1221.4729232175407,183.73282084887867,1995,1995-01-01,2025-12-01
2013-10-01,107.4486,167.51075309887239,13361.3,9407.224227642275,234.15617243664656,1756.540039,1.0362818181818183,1820.270505324082,1281.5888273257356,192.77539922268696,1995,1995-01-01,2025-12-01
2013-11-01,107.4486,167.51075309887239,13395.4,9431.232845528455,234.75377337967532,1805.810059,1.0486421052631578,1893.648461975147,1333.2516813581117,200.54647766744574,1995,1995-01-01,2025-12-01
2013-12-01,108.0217,168.4042073886534,13621.6,9613.940994295028,239.30158044293785,1848.359985,1.0639190476190477,1966.5053948983573,1387.9329030007964,208.7715761603445,1995,1995-01-01,2025-12-01
2014-01-01,108.0217,168.4042073886534,13694.9,9634.267587327375,239.8075317318575,1782.589966,1.0940095238095238,1950.170399851295,1371.931410455907,206.36464653695143,1995,1995-01-01,2025-12-01
2014-02-01,108.0217,168.4042073886534,14209.6,9915.804673650282,246.8152999041763,1859.449951,1.1054421052631578,2055.514268464916,1434.3878779134707,215.75929027248893,1995,1995-01-01,2025-12-01
2014-03-01,109.3543,170.48171076775333,14335.3,9947.411698717948,247.60203357107522,1872.339966,1.1106809523809524,2079.5723366178,1443.0365733261335,217.06021899110962,1995,1995-01-01,2025-12-01
2014-04-01,109.3543,170.48171076775333,14651.9,10134.620926517571,252.2618774490995,1883.949951,1.099209090909091,2070.8549129569365,1432.3964493775616,215.45974144462159,1995,1995-01-01,2025-12-01
2014-05-01,109.3543,170.48171076775333,14604.2,10053.447694753577,250.24138630376046,1923.569946,1.0893857142857142,2095.5096196017425,1442.5368287560484,216.98504787775926,1995,1995-01-01,2025-12-01
2014-06-01,110.5261,172.30852936270253,15146.0,10418.138204924542,259.318934783436,1960.22998,1.0830380952380954,2123.0037437678097,1460.3028134256738,219.65739076515604,1995,1995-01-01,2025-12-01
2014-07-01,110.5261,172.30852936270253,15330.7,10561.96197295147,262.8988667816172,1930.670044,1.0739181818181818,2073.381663343309,1428.4395548570449,214.86454905170228,1995,1995-01-01,2025-12-01
2014-08-01,110.5261,172.30852936270253,15625.7,10765.19984089101,267.9576811671689,2003.369995,1.0926333333333333,2188.9488355368335,1508.0586249601413,226.84077551186195,1995,1995-01-01,2025-12-01
2014-09-01,111.0363,173.10392349748923,14960.5,10298.722575516693,256.34654823937007,1972.290039,1.101052380952381,2171.594643369614,1494.9133236550758,224.86347151782326,1995,1995-01-01,2025-12-01
2014-10-01,111.0363,173.10392349748923,14613.3,10051.721842732326,250.1984279460442,2018.050049,1.1211545454545453,2262.545985391118,1556.2865951935728,234.09518193084565,1995,1995-01-01,2025-12-01
2014-11-01,111.0363,173.10392349748923,14744.7,10182.544019138755,253.454736008432,2067.560059,1.132538888888889,2341.592171930906,1617.0803994355376,243.23972941216664,1995,1995-01-01,2025-12-01
2014-12-01,111.8501,174.37262547100835,14632.4,10178.038875502007,253.3425980212074,2058.899902,1.1531619047619048,2374.244932704419,1651.4828206602624,248.41450961032274,1995,1995-01-01,2025-12-01
2015-01-01,111.8501,174.37262547100835,14673.5,10223.049879324215,254.46297148286786,1994.98999,1.21219,2418.3069159781003,1684.8381248890062,253.4317834440123,1995,1995-01-01,2025-12-01
2015-02-01,111.8501,174.37262547100835,15234.3,10520.656937799042,261.87073896201724,2104.5,1.2499052631578949,2630.42562631579,1816.545926945354,273.2431485096207,1995,1995-01-01,2025-12-01
2015-03-01,114.857,179.0603373955285,14902.4,10218.114330958035,254.34012024786648,2067.889893,1.2618318181818182,2609.3292634839954,1789.1362962606015,269.1202173595221,1995,1995-01-01,2025-12-01
2015-04-01,114.857,179.0603373955285,15224.5,10447.240095087162,260.0433128833145,2085.51001,1.233681818181818,2572.8557809731815,1765.5254408262876,265.56869444882636,1995,1995-01-01,2025-12-01
2015-05-01,114.857,179.0603373955285,15014.1,10246.028841607564,255.03494316384726,2107.389893,1.21764,2566.0422293125202,1751.1367774504668,263.40436508872835,1995,1995-01-01,2025-12-01
2015-06-01,117.4469,183.09795258503095,14553.3,9908.142924528302,246.62459052964033,2063.110107,1.2364954545454545,2551.0262695322863,1736.7836080306286,261.2453746964713,1995,1995-01-01,2025-12-01
2015-07-01,117.4469,183.09795258503095,14468.4,9842.60361351139,244.99324489138493,2103.840088,1.2863136363636363,2706.1981939228726,1840.9800753630855,276.918510385023,1995,1995-01-01,2025-12-01
2015-08-01,117.4469,183.09795258503095,13859.1,9428.107305577376,234.6759752477256,1972.180054,1.3147238095238096,2592.8720736617524,1763.8862653504145,265.32213119857016,1995,1995-01-01,2025-12-01
2015-09-01,119.1831,185.8046623004694,13307.0,9066.767899291895,225.68183943477024,1920.030029,1.3265809523809524,2547.0752644708477,1735.4580480186892,261.04598519256274,1995,1995-01-01,2025-12-01
2015-10-01,119.1831,185.8046623004694,13529.2,9210.917610062894,229.26988450685485,2079.360107,1.3072238095238096,2718.189040444376,1850.5909662144888,278.3641716464675,1995,1995-01-01,2025-12-01
2015-11-01,119.1831,185.8046623004694,13469.8,9177.692210857593,228.44286772514232,2080.409912,1.3278526315789474,2762.4777764121263,1882.2232528504337,283.1222707766661,1995,1995-01-01,2025-12-01
2015-12-01,120.847,188.3986574021386,13010.0,8906.450592885376,221.6913650998227,2043.939941,1.3712545454545455,2802.7619347323457,1918.7287236981908,288.6133897427804,1995,1995-01-01,2025-12-01
2016-01-01,120.847,188.3986574021386,12822.1,8757.049369085173,217.97260408426067,1940.23999,1.4208105263157895,2756.7134013708423,1882.739594311632,283.1999383789386,1995,1995-01-01,2025-12-01
2016-02-01,120.847,188.3986574021386,12860.4,8762.475531077891,218.10766723280378,1932.22998,1.37969,2665.8783811062003,1816.404939447655,273.2219413013688,1995,1995-01-01,2025-12-01
2016-03-01,126.8984,197.8326990862789,13494.4,9136.943236903831,227.42858088124035,2059.73999,1.3226391304347827,2724.292709295348,1844.5953762703448,277.4623205843997,1995,1995-01-01,2025-12-01
2016-04-01,126.8984,197.8326990862789,13951.5,9416.990646921276,234.39926936954015,2065.300049,1.2818142857142856,2647.331107094614,1786.8969125050157,268.78337133816854,1995,1995-01-01,2025-12-01
2016-05-01,126.8984,197.8326990862789,14065.8,9457.284782608695,235.40223478801977,2096.949951,1.2945285714285715,2714.561624425243,1825.1633282238042,274.53936999368415,1995,1995-01-01,2025-12-01
2016-06-01,133.3705,207.92260574984834,14064.5,9434.436096049574,234.83350581330615,2098.860107,1.2894045454545455,2706.279762239014,1815.3665949643578,273.06575449009955,1995,1995-01-01,2025-12-01
2016-07-01,133.3705,207.92260574984834,14582.7,9797.221256788207,243.86362804699954,2173.600098,1.3052350000000001,2837.05892391303,1906.0457937227957,286.70563521403494,1995,1995-01-01,2025-12-01
2016-08-01,133.3705,207.92260574984834,14598.0,9822.74125874126,244.49884900413838,2170.949951,1.299782608695652,2821.762990658478,1898.7154233956815,285.6030077284253,1995,1995-01-01,2025-12-01
2016-09-01,137.1935,213.88260531333262,14725.9,9901.109782608693,246.44952788073908,2168.27002,1.3107761904761905,2842.1167167393332,1910.9263017828123,287.43975669638473,1995,1995-01-01,2025-12-01
2016-10-01,137.1935,213.88260531333262,14787.3,9919.288768396591,246.90202285990267,2126.149902,1.325095,2817.35060439069,1889.872674982446,284.2728897379741,1995,1995-01-01,2025-12-01
2016-11-01,137.1935,213.88260531333262,15082.9,10156.91399688958,252.81677652494287,2198.810059,1.3434149999999998,2953.9144154114842,1989.183424375074,299.2111202789011,1995,1995-01-01,2025-12-01
2016-12-01,138.2738,215.56677678297214,15287.6,10310.795638629283,256.6470600778913,2238.830078,1.3339190476190477,2986.4180854266383,2014.204098114851,302.97470674763684,1995,1995-01-01,2025-12-01
2017-01-01,138.2738,215.56677678297214,15386.0,10289.016216216216,256.1049462654938,2278.870117,1.3183052631578946,3004.246469294347,2009.017330045486,302.1945179195759,1995,1995-01-01,2025-12-01
2017-02-01,138.2738,215.56677678297214,15399.2,10281.963916730918,255.92940676368184,2363.639893,1.3109157894736843,3098.5328563635894,2068.873904094733,311.1980881071561,1995,1995-01-01,2025-12-01
2017-03-01,146.4193,228.2654889054834,15547.8,10365.199999999999,258.00124455507154,2362.719971,1.3387,3162.9732251777,2108.648816785133,317.1809934738791,1995,1995-01-01,2025-12-01
2017-04-01,146.4193,228.2654889054834,15586.1,10350.891564417176,257.64509183365715,2384.199951,1.343705,3203.661395158455,2127.5849449441885,320.02934825644314,1995,1995-01-01,2025-12-01
2017-05-01,146.4193,228.2654889054834,15349.9,10186.217164750957,253.546164648437,2411.800049,1.3605727272727273,3281.4293703044273,2177.5615591445467,327.5467840742755,1995,1995-01-01,2025-12-01
2017-06-01,153.8374,239.83019535640736,15182.2,10082.65736196319,250.9684470930477,2423.409912,1.3294863636363636,3221.8904315052,2139.691038100846,321.85033552751,1995,1995-01-01,2025-12-01
2017-07-01,153.8374,239.83019535640736,15143.9,10057.221932515336,250.33533123871402,2470.300049,1.26904,3134.9095741829597,2081.9261435908306,313.16139383045953,1995,1995-01-01,2025-12-01
2017-08-01,153.8374,239.83019535640736,15211.9,10094.640153256703,251.26671196656386,2471.649902,1.2607695652173911,3116.1809723141478,2067.9024689839475,311.0519657414584,1995,1995-01-01,2025-12-01
2017-09-01,155.6623,242.6751870392225,15634.9,10351.546941896024,257.6614049009589,2519.360107,1.227875,3093.459291382625,2048.116014019383,308.07570559181664,1995,1995-01-01,2025-12-01
2017-10-01,155.6623,242.6751870392225,16025.6,10602.115813598166,263.89834010200786,2575.26001,1.2606904761904763,3246.6057683211907,2147.8690568114216,323.08046549444447,1995,1995-01-01,2025-12-01
2017-11-01,155.6623,242.6751870392225,16067.5,10597.452399086062,263.78226257837116,2647.580078,1.277335,3381.84669893213,2230.5249362339864,335.5134859874808,1995,1995-01-01,2025-12-01
2017-12-01,154.6915,241.1617244244617,16209.1,10731.712996941895,267.1241567378194,2673.610107,1.27687,3413.85253732509,2260.2418175256325,339.98347162757426,1995,1995-01-01,2025-12-01
2018-01-01,154.6915,241.1617244244617,15951.7,10489.120880789675,261.08577176825577,2823.810059,1.242904761904762,3509.726969045667,2307.8386903519727,347.14294896165455,1995,1995-01-01,2025-12-01
2018-02-01,154.6915,241.1617244244617,15442.7,10093.11562264151,251.22876472038604,2713.830078,1.258821052631579,3416.2264354512004,2232.79403252886,335.85480134135423,1995,1995-01-01,2025-12-01
2018-03-01,154.147,240.31285710499608,15367.3,10013.60556809631,249.24967188789822,2640.870117,1.2932545454545454,3415.317282765327,2225.4813896725154,334.754840405407,1995,1995-01-01,2025-12-01
2018-04-01,154.147,240.31285710499608,15607.9,10139.866016504124,252.3924335159707,2648.050049,1.2731619047619047,3371.396444289695,2190.2695579556453,329.45830943396743,1995,1995-01-01,2025-12-01
2018-05-01,154.147,240.31285710499608,16061.5,10426.73088455772,259.5328160437516,2705.27002,1.2866272727272727,3480.6741878234543,2259.568100940863,339.8821318056105,1995,1995-01-01,2025-12-01
2018-06-01,154.8542,241.41537128006695,16277.7,10551.263622754492,262.6325730617173,2718.370117,1.312452380952381,3567.731332366452,2312.616267836338,347.8615877225649,1995,1995-01-01,2025-12-01
2018-07-01,154.8542,241.41537128006695,16434.0,10597.054355919581,263.7723548455403,2816.290039,1.3133428571428571,3698.7544063632286,2385.0493789356333,358.7569089140307,1995,1995-01-01,2025-12-01
2018-08-01,154.8542,241.41537128006695,16262.9,10494.539046199703,261.220635873048,2901.52002,1.3042478260869566,3784.3011784327828,2442.0304176771906,367.3279437555627,1995,1995-01-01,2025-12-01
2018-09-01,154.4196,240.7378364094705,16073.1,10410.848616305162,259.137488893719,2913.97998,1.3034000000000001,3798.0815059320003,2460.0886941938015,370.0442529106819,1995,1995-01-01,2025-12-01
2018-10-01,154.4196,240.7378364094705,15027.3,9704.43087248322,241.55397317942055,2711.73999,1.300440909090909,3526.4576178137727,2277.339520527015,342.55529220809547,1995,1995-01-01,2025-12-01
2018-11-01,154.4196,240.7378364094705,15197.8,9858.647790262172,245.39260212226938,2760.169922,1.32048,3644.7491786025603,2364.3092049961174,355.6371912433632,1995,1995-01-01,2025-12-01
2018-12-01,154.286,240.52955601666866,14322.9,9298.074512743628,231.43931581191356,2506.850098,1.343611111111111,3368.2316455627774,2186.573167209419,328.9023017764461,1995,1995-01-01,2025-12-01
2019-01-01,154.286,240.52955601666866,15540.6,10073.472754491018,250.73983209685173,2704.100098,1.330045,3596.5748148444095,2331.3127168078286,350.6738901846943,1995,1995-01-01,2025-12-01
2019-02-01,154.286,240.52955601666866,15999.0,10301.214869888476,256.40858419137464,2784.48999,1.3208722222222222,3677.9554808468333,2368.111112574987,356.2090706446948,1995,1995-01-01,2025-12-01
2019-03-01,152.5901,237.8856733957655,16102.1,10298.68434268833,256.34559658216125,2834.399902,1.3370523809523809,3789.7411375402953,2423.866931395787,364.5958090454937,1995,1995-01-01,2025-12-01
2019-04-01,152.5901,237.8856733957655,16580.7,10558.00455882353,262.80036238515316,2945.830078,1.3378136363636364,3940.9716487585547,2509.4716528124322,377.4723916081523,1995,1995-01-01,2025-12-01
2019-05-01,152.5901,237.8856733957655,16037.5,10167.258418740848,253.0742605784903,2752.060059,1.3459772727272727,3704.2102925944773,2348.3500098000127,353.23662394782764,1995,1995-01-01,2025-12-01
2019-06-01,151.8894,236.79329262303898,16382.2,10408.646515040351,259.08267616777476,2941.76001,1.32887,3909.2166244887,2483.7722647154906,373.6067135571782,1995,1995-01-01,2025-12-01
2019-07-01,151.8894,236.79329262303898,16406.6,10370.88729927007,258.1428076980727,2980.379883,1.3105227272727271,3905.8555725779315,2468.956880184298,371.3781971978417,1995,1995-01-01,2025-12-01
2019-08-01,151.8894,236.79329262303898,16442.1,10408.52236842105,259.0795860216814,2926.459961,1.3273136363636364,3884.3302125074956,2458.9400321867624,369.87147224011306,1995,1995-01-01,2025-12-01
2019-09-01,151.7732,236.6121385688206,16658.6,10592.03201174743,263.64734316732864,2976.73999,1.3240500000000002,3941.3525837595007,2506.028882184822,376.95453325294596,1995,1995-01-01,2025-12-01
2019-10-01,151.7732,236.6121385688206,16483.2,10449.817862371889,260.1074763502648,3037.560059,1.3189227272727273,4006.3069972709864,2539.8695897779457,382.0448210091645,1995,1995-01-01,2025-12-01
2019-11-01,151.7732,236.6121385688206,17040.2,10818.7780058651,269.2913007060386,3140.97998,1.323657894736842,4157.582947737368,2639.638440425631,397.0519587147336,1995,1995-01-01,2025-12-01
2019-12-01,153.6002,239.46040412008549,17063.4,10833.507624633432,269.6579371408446,3230.780029,1.3168952380952381,4254.598835523296,2701.2335715272534,406.31704103685894,1995,1995-01-01,2025-12-01
2020-01-01,153.6002,239.46040412008549,17318.5,10963.319444444443,272.8890963147341,3225.52002,1.3089095238095239,4221.913873416286,2672.6443087562157,402.01667072568085,1995,1995-01-01,2025-12-01
2020-02-01,153.6002,239.46040412008549,16263.1,10250.25080058224,255.14003237292445,2954.219971,1.3286368421052632,3925.0854931537424,2473.889401070699,372.12014240115184,1995,1995-01-01,2025-12-01
2020-03-01,156.2749,243.63022123555794,13378.8,8481.728257686676,211.11955837427945,2584.590088,1.3960227272727272,3608.146503531818,2287.4486618291025,344.0758998388401,1995,1995-01-01,2025-12-01
2020-04-01,156.2749,243.63022123555794,14780.7,9432.635372144436,234.7886838119337,2912.429932,1.4047954545454546,4091.3683301557276,2610.998506937996,392.7439665615008,1995,1995-01-01,2025-12-01
2020-05-01,156.2749,243.63022123555794,15192.8,9667.130639235855,240.62552929025154,3044.310059,1.3972,4253.5100144348,2706.4949834684326,407.10845772668154,1995,1995-01-01,2025-12-01
2020-06-01,160.4669,250.16548625520895,15515.2,9793.121865889214,243.76158969232642,3100.290039,1.3551772727272728,4201.44259971555,2651.930970374393,398.9009896346381,1995,1995-01-01,2025-12-01
2020-07-01,160.4669,250.16548625520895,16169.2,10205.92361516035,254.0366799044269,3271.120117,1.3496954545454545,4415.015953187095,2786.737474825091,419.17845863187137,1995,1995-01-01,2025-12-01
2020-08-01,160.4669,250.16548625520895,16514.4,10439.029489051094,259.83894185565885,3500.310059,1.322890476190476,4630.526840764824,2927.033754819224,440.2816945595461,1995,1995-01-01,2025-12-01
2020-09-01,161.8262,252.28461453316973,16121.4,10198.05142439737,253.84073240565948,3363.0,1.3229761904761905,4449.168928571428,2814.4487159553373,423.3467577446114,1995,1995-01-01,2025-12-01
2020-10-01,161.8262,252.28461453316973,15580.6,9812.945163636363,244.25501340725236,3269.959961,1.3217714285714286,4322.139649022343,2722.1621353115265,409.46509613272724,1995,1995-01-01,2025-12-01
2020-11-01,161.8262,252.28461453316973,17190.3,10811.03834422658,269.0986520031507,3621.629883,1.307261111111111,4734.415904883783,2977.4903221709196,447.8713244839316,1995,1995-01-01,2025-12-01
2020-12-01,165.1458,257.45982105970444,17433.4,10987.863464337699,273.5000240034275,3756.070068,1.2809190476190477,4811.221694292972,3032.400281846953,456.1308295390257,1995,1995-01-01,2025-12-01
2021-01-01,165.1458,257.45982105970444,17337.0,10863.850940665703,270.413215697964,3714.23999,1.272461111111111,4726.225944608722,2961.585866882166,445.47899111433867,1995,1995-01-01,2025-12-01
2021-02-01,165.1458,257.45982105970444,18060.3,11260.057451403887,280.2752321444651,3811.149902,1.2696473684210527,4838.816443732453,3016.857480397627,453.792895803535,1995,1995-01-01,2025-12-01
2021-03-01,167.5337,261.1825212840424,18700.7,11600.864040114613,288.7582835124981,3972.889893,1.256895652173913,4993.508033077383,3097.6919460207832,465.9519409272139,1995,1995-01-01,2025-12-01
2021-04-01,167.5337,261.1825212840424,19108.3,11794.5743406985,293.57994625260733,4181.169922,1.2494454545454545,5224.143753725073,3224.5962157704294,485.04076313168036,1995,1995-01-01,2025-12-01
2021-05-01,167.5337,261.1825212840424,19731.0,12118.47234042553,301.642124217188,4204.109863,1.21248,5097.399126690239,3130.7430097260617,470.92345118438016,1995,1995-01-01,2025-12-01
2021-06-01,176.1755,274.6549576501731,20165.6,12350.360396039603,307.4140733301706,4297.5,1.2220409090909092,5251.720806818183,3216.4004375562554,483.80796179673524,1995,1995-01-01,2025-12-01
2021-07-01,176.1755,274.6549576501731,20287.8,12346.616163035837,307.3208752466916,4395.259766,1.2530428571428571,5507.448855073686,3351.687075540275,504.157652033412,1995,1995-01-01,2025-12-01
2021-08-01,176.1755,274.6549576501731,20582.9,12499.853716690044,311.1351267377733,4522.680176,1.2598954545454546,5698.104196105236,3460.419518812857,520.5130850033364,1995,1995-01-01,2025-12-01
2021-09-01,177.8443,277.256591778225,20070.3,12162.966969909026,302.7496445528071,4307.540039,1.2671095238095238,5458.125007607749,3307.723062693009,497.5446261179567,1995,1995-01-01,2025-12-01
2021-10-01,177.8443,277.256591778225,21037.1,12660.27004864489,315.1280659276886,4605.379883,1.24336,5726.14513132688,3446.033136712354,518.3490987905495,1995,1995-01-01,2025-12-01
2021-11-01,177.8443,277.256591778225,20660.0,12407.461858529821,308.83539162488665,4567.0,1.2566950000000001,5739.326065,3446.7797311303743,518.461400828397,1995,1995-01-01,2025-12-01
2021-12-01,179.6678,280.09940088207367,21222.8,12763.156111111111,317.6890133443961,4766.180176,1.2800380952380952,6100.892194048609,3669.008777809788,551.8888873038333,1995,1995-01-01,2025-12-01
2022-01-01,179.6678,280.09940088207367,21098.3,12574.761046111491,312.99965267234575,4515.549805,1.262235,5699.685008114175,3397.059337251806,510.9825054330223,1995,1995-01-01,2025-12-01
2022-02-01,179.6678,280.09940088207367,21126.4,12462.849046321526,310.21403973420104,4373.939941,1.2711,5559.715059005099,3279.777412192381,493.3410673657805,1995,1995-01-01,2025-12-01
2022-03-01,198.607,309.62532914070306,21890.2,12731.305036937541,316.89620502644783,4530.410156,1.2660347826086957,5735.656836979687,3335.8487715409055,501.77526907923163,1995,1995-01-01,2025-12-01
2022-04-01,198.607,309.62532914070306,20762.0,12002.59813084112,298.7578875131579,4131.930176,1.2628190476190477,5217.880129684724,3016.478099003318,453.73582960711826,1995,1995-01-01,2025-12-01
2022-05-01,198.607,309.62532914070306,20729.3,11818.020934825543,294.16355780524066,4132.149902,1.2859142857142858,5313.590589694686,3029.341310517181,455.67070191717505,1995,1995-01-01,2025-12-01
2022-06-01,187.6682,292.57190428455846,18861.4,10682.781164159582,265.9061895248185,3785.379883,1.2804238095238094,4846.890530285652,2745.197645014633,412.93007607374375,1995,1995-01-01,2025-12-01
2022-07-01,187.6682,292.57190428455846,19692.9,11139.158327890267,277.26591979813986,4130.290039,1.293625,5343.046451701376,3022.2588028565588,454.6053577032877,1995,1995-01-01,2025-12-01
2022-08-01,187.6682,292.57190428455846,19330.8,10970.165661861074,273.0595062068718,3955.0,1.2917478260869566,5108.862652173913,2899.2628157159957,436.10441573324346,1995,1995-01-01,2025-12-01
2022-09-01,169.2519,263.8611692699118,18444.2,10460.168434839556,260.3651134994289,3585.620117,1.333852380952381,4782.687930251205,2712.3822839538598,407.99401998910423,1995,1995-01-01,2025-12-01
2022-10-01,169.2519,263.8611692699118,19426.1,10938.233159947982,272.2646710627998,3871.97998,1.368935,5300.4889139213,2984.540571817845,448.9318164774063,1995,1995-01-01,2025-12-01
2022-11-01,169.2519,263.8611692699118,20453.3,11501.660909090908,286.28900831589067,4080.110107,1.34571,5490.6449720909695,3087.596458331675,464.4333870602327,1995,1995-01-01,2025-12-01
2022-12-01,160.5654,250.31904627535107,19384.9,10964.940169823645,272.92943795454005,3839.5,1.358542857142857,5216.1253,2950.4666948399736,443.80645559923727,1995,1995-01-01,2025-12-01
2023-01-01,160.5654,250.31904627535107,20767.4,11685.879402209228,290.87440951360867,4076.600098,1.34222,5471.69418353756,3078.9390272537535,463.13114433096996,1995,1995-01-01,2025-12-01
2023-02-01,160.5654,250.31904627535107,20221.2,11334.342524271844,282.1242694280484,3970.149902,1.345442105263158,5341.606842357201,2994.065712285654,450.36457924591895,1995,1995-01-01,2025-12-01
2023-03-01,159.7024,248.97364224100974,20099.9,11208.315132002575,278.98730882395955,4109.310059,1.3682739130434782,5622.661754336857,3135.3670825857803,471.618999922447,1995,1995-01-01,2025-12-01
2023-04-01,159.7024,248.97364224100974,20636.5,11426.604219948847,284.42076465336277,4169.47998,1.3484450000000001,5622.314431631101,3113.12295255277,468.2730585752345,1995,1995-01-01,2025-12-01
2023-05-01,159.7024,248.97364224100974,19572.2,10795.875923566879,268.721242652567,4179.830078,1.3517181818181818,5649.952313343109,3116.470511691167,468.7765953068027,1995,1995-01-01,2025-12-01
2023-06-01,165.2839,257.67511688489856,20155.3,11103.365012722646,276.3749847597423,4450.379883,1.3286047619047618,5912.795904838957,3257.303596431639,489.96057690506507,1995,1995-01-01,2025-12-01
2023-07-01,165.2839,257.67511688489856,20626.6,11298.314737507906,281.2274981333642,4588.959961,1.3211249999999999,6062.589728476124,3320.8113250223428,499.5133503623256,1995,1995-01-01,2025-12-01
2023-08-01,165.2839,257.67511688489856,20292.6,11073.340642722116,275.6276451206501,4507.660156,1.3478391304347825,6075.600744958556,3315.3561721071896,498.6927913354232,1995,1995-01-01,2025-12-01
2023-09-01,162.7144,253.66930498890784,19541.3,10676.823848580441,265.7579053784802,4288.049805,1.35309,5802.117310647449,3170.1158302969657,476.84587422853025,1995,1995-01-01,2025-12-01
2023-10-01,162.7144,253.66930498890784,18873.5,10305.454602774274,256.51411581267644,4193.799805,1.3712190476190476,5750.618174517047,3139.99706124323,472.3154370051149,1995,1995-01-01,2025-12-01
2023-11-01,162.7144,253.66930498890784,20236.3,11035.664861460955,274.68985342777734,4567.799805,1.370665,6260.923319720325,3414.332238588035,513.5806791840948,1995,1995-01-01,2025-12-01
2023-12-01,156.2966,243.66405120953848,20958.4,11465.555527479468,285.3903055999868,4769.830078,1.34162,6399.29942924636,3500.816996669202,526.5896360431866,1995,1995-01-01,2025-12-01
2024-01-01,156.2966,243.66405120953848,21021.9,11500.293998736575,286.2549844116136,4845.649902,1.3422714285714286,6504.177416314543,3558.191814610482,535.2199027856323,1995,1995-01-01,2025-12-01
2024-02-01,156.2966,243.66405120953848,21363.6,11650.426700251886,289.991952713177,5096.27002,1.349995,6879.9390456499,3751.906305751142,564.358256342275,1995,1995-01-01,2025-12-01
2024-03-01,156.4211,243.85814483905816,22167.0,12012.904881101374,299.0144338793124,5254.350098,1.353557142857143,7112.063106220029,3854.221933658663,579.7484779141575,1995,1995-01-01,2025-12-01
2024-04-01,156.4211,243.85814483905816,21714.5,11709.06413449564,291.45150303660586,5035.689941,1.3673545454545455,6885.573530326082,3712.893323326517,558.4899598173528,1995,1995-01-01,2025-12-01
2024-05-01,156.4211,243.85814483905816,22269.1,11941.201609907119,297.22966048306455,5277.509766,1.366659090909091,7212.55669906541,3867.538143275941,581.7514897775337,1995,1995-01-01,2025-12-01
2024-06-01,156.3798,243.79375875954682,21875.8,11737.572986369269,292.1611197602805,5460.47998,1.370536842105263,7483.78898816821,4015.465467009709,604.0025802058312,1995,1995-01-01,2025-12-01
2024-07-01,156.3798,243.79375875954682,23110.8,12346.670450339296,307.3222265174685,5522.299805,1.3714272727272727,7573.432560753499,4046.0164081508515,608.5980243526111,1995,1995-01-01,2025-12-01
2024-08-01,156.3798,243.79375875954682,23346.2,12495.555747836836,311.0281455590998,5648.399902,1.3655,7712.890066180999,4128.1599488953925,620.9539793382964,1995,1995-01-01,2025-12-01
2024-09-01,153.045,238.59485566137596,24000.4,12901.518559900684,321.13300709149183,5762.47998,1.3546200000000002,7805.970630507601,4196.133188094092,631.1784507472204,1995,1995-01-01,2025-12-01
2024-10-01,153.045,238.59485566137596,24156.9,12929.465636588378,321.82864061203185,5705.450195,1.375668181818182,7848.806296209842,4200.906212928136,631.8964047027043,1995,1995-01-01,2025-12-01
2024-11-01,153.045,238.59485566137596,25648.0,13727.545117428923,341.6937179198238,6032.379883,1.397278947368421,8428.917413044679,4511.398318724779,678.6003384248322,1995,1995-01-01,2025-12-01
2024-12-01,150.5615,234.72311647332654,24727.9,13284.343300248142,330.6619365338679,5881.629883,1.424704761904762,8379.586102071447,4501.688315380815,677.139768754455,1995,1995-01-01,2025-12-01
2025-01-01,150.5615,234.72311647332654,25533.1,13708.409547427153,341.2174125059652,6040.529785,1.438861904761905,8691.48819221612,4666.353858933143,701.9086066373188,1995,1995-01-01,2025-12-01
2025-02-01,150.5615,234.72311647332654,25393.5,13491.270552147238,335.8125837497757,5954.5,1.429863157894737,8514.12017368421,4523.452803932838,680.4135628762787,1995,1995-01-01,2025-12-01
2025-03-01,150.6479,234.85781277525825,24917.5,13197.892966360856,328.510092504315,5611.850098,1.4355761904761903,8056.238385210275,4267.096294551741,641.8526552079452,1995,1995-01-01,2025-12-01
2025-04-01,150.6479,234.85781277525825,24841.7,13165.79694002448,327.7111870572366,5569.060059,1.3981409090909092,7786.330693672133,4126.659963720971,620.7283529637043,1995,1995-01-01,2025-12-01
2025-05-01,150.6479,234.85781277525825,26175.1,13796.492148508823,343.4098854638164,5911.689941,1.386695238095238,8197.712290280218,4320.887914414284,649.943940628617,1995,1995-01-01,2025-12-01
2025-06-01,149.181,232.57093771387326,26857.1,14147.353163017031,352.14320256420734,6204.950195,1.36683,8481.11207503185,4467.54443855084,672.0038785636491,1995,1995-01-01,2025-12-01
2025-07-01,149.181,232.57093771387326,27259.8,14315.94105518496,356.33954088823793,6339.390137,1.3691090909090908,8679.316667386127,4558.088680385922,685.6234591927155,1995,1995-01-01,2025-12-01
2025-08-01,149.181,232.57093771387326,28564.5,15010.228762135921,373.6211266244162,6460.259766,1.3797190476190475,8913.343451717172,4683.832177904776,704.5376791180214,1995,1995-01-01,2025-12-01
2025-09-01,145.2817,226.49198759671552,30022.8,15766.976834445117,392.45741965015844,6688.459961,1.3834285714285715,9253.006608903428,4859.371572656379,730.942151583002,1995,1995-01-01,2025-12-01
2025-10-01,145.2817,226.49198759671552,30260.7,15853.458076225044,394.6100330112021,6840.200195,1.3987681818181819,9567.854390032524,5012.560134161019,753.9846325025867,1995,1995-01-01,2025-12-01
2025-11-01,145.2817,226.49198759671552,31382.8,16431.381378476417,408.99518054701724,6849.089844,1.4056166666666667,9627.1948362238,5040.598989219958,758.2022109977214,1995,1995-01-01,2025-12-01
2025-12-01,142.2693,221.79570125482698,31712.8,16644.41503030303,414.2978227829006,6845.5,1.379490909090909,9443.305018181818,4956.3043307548205,745.5226868855572,1995,1995-01-01,2025-12-01
2000-01-01,60.0764,100.0,8481.1,8481.1,100.0,1394.459961,1.4486,2020.0146995046002,2020.0146995046002,100.0,2000,2000-01-01,2025-12-01
2000-02-01,60.0764,100.0,9129.0,9070.791710945803,106.95300976224549,1366.420044,1.45121,1982.96243205324,1970.3186758446116,97.53981871160758,2000,2000-01-01,2025-12-01
2000-03-01,60.0711,99.9911779001405,9462.4,9332.64135021097,110.04045878731496,1498.579956,1.4607739130434783,2189.0865063346437,2159.06738757689,106.88374634632073,2000,2000-01-01,2025-12-01
2000-04-01,60.0711,99.9911779001405,9347.6,9248.683597883599,109.05051936521912,1452.430054,1.4688750000000002,2133.43819556925,2110.8621300076707,104.49736482241197,2000,2000-01-01,2025-12-01
2000-05-01,60.0711,99.9911779001405,9252.0,9115.511064278186,107.48029222952428,1420.599976,1.4957363636363636,2124.843042284145,2093.4965695844844,103.63768986918289,2000,2000-01-01,2025-12-01
2000-06-01,60.7041,101.04483624185204,10195.5,9981.98167539267,117.69678078778307,1454.599976,1.4770454545454543,2148.510282732727,2103.5153029896333,104.13366316123893,2000,2000-01-01,2025-12-01
2000-07-01,60.7041,101.04483624185204,10406.3,10156.461899791231,119.75406373927002,1430.829956,1.4777850000000001,2114.45904652746,2063.6943721327507,102.16234429575502,2000,2000-01-01,2025-12-01
2000-08-01,60.7041,101.04483624185204,11247.9,10989.327586206897,129.57431920631635,1517.680054,1.482813043478261,2250.4357798979913,2198.7016240382673,108.845822982253,2000,2000-01-01,2025-12-01
2000-09-01,60.0071,99.88464688296902,10377.9,10097.124349635797,119.05441923377624,1436.51001,1.48643,2135.2715741642996,2077.501479545911,102.84585949079525,2000,2000-01-01,2025-12-01
2000-10-01,60.0071,99.88464688296902,9639.6,9359.320872274144,110.35503498690198,1429.400024,1.5124761904761905,2161.933502966095,2099.0735464935606,103.91377582590609,2000,2000-01-01,2025-12-01
2000-11-01,60.0071,99.88464688296902,8819.9,8536.85973084886,100.65745871229983,1314.949951,1.5426380952380954,2028.4918877440668,1963.3953571849922,97.19708265818592,2000,2000-01-01,2025-12-01
2000-12-01,60.2182,100.23603278492055,8933.7,8638.065667011377,101.8507701478744,1320.280029,1.521875,2009.3011691343752,1942.8093000420279,96.17797833443952,2000,2000-01-01,2025-12-01
2001-01-01,60.2182,100.23603278492055,9321.9,9050.858255451712,106.7179759164697,1366.01001,1.5032,2053.386247032,1993.682389382056,98.69642977702082,2000,2000-01-01,2025-12-01
2001-02-01,60.2182,100.23603278492055,8078.7,7803.289772727273,92.0079915662741,1239.939941,1.5215631578947368,1886.6469322277737,1822.3294231745542,90.21367139662264,2000,2000-01-01,2025-12-01
2001-03-01,59.9294,99.75531156993429,7608.0,7325.932028836251,86.37950299885924,1160.329956,1.558740909090909,1808.6537704608545,1741.597605953552,86.21707586487717,2000,2000-01-01,2025-12-01
2001-04-01,59.9294,99.75531156993429,7946.6,7597.209611451944,89.57811618129656,1249.459961,1.5577666666666665,1946.3670785804331,1860.790611935281,92.11767678678932,2000,2000-01-01,2025-12-01
2001-05-01,59.9294,99.75531156993429,8161.9,7739.73275862069,91.25859568476601,1255.819946,1.54105,1935.2813277833002,1835.1805694496811,90.84986212722863,2000,2000-01-01,2025-12-01
2001-06-01,61.4651,102.31155661790655,7736.4,7328.808510638298,86.41341937529681,1224.380005,1.5245380952380954,1866.6139606703096,1768.271583816352,87.5375602093397,2000,2000-01-01,2025-12-01
2001-07-01,61.4651,102.31155661790655,7689.7,7306.777947154471,86.15365868996322,1211.22998,1.5307904761904763,1854.1393178603812,1761.809209552293,87.21764301934877,2000,2000-01-01,2025-12-01
2001-08-01,61.4651,102.31155661790655,7399.2,7030.743902439024,82.89896242750379,1133.579956,1.5398565217391305,1745.5504881593565,1658.627750435974,82.10968716429366,2000,2000-01-01,2025-12-01
2001-09-01,61.5748,102.49415743952702,6838.6,6484.879310344828,76.46271486416653,1040.939941,1.5679388888888888,1632.1302144916056,1547.709686155833,76.61873384066968,2000,2000-01-01,2025-12-01
2001-10-01,61.5748,102.49415743952702,6885.7,6562.823139653415,77.3817445809319,1059.780029,1.5716772727272728,1665.6321856695502,1587.529147401661,78.58997995366052,2000,2000-01-01,2025-12-01
2001-11-01,61.5748,102.49415743952702,7425.7,7143.034465020576,84.22297184351766,1139.449951,1.592245,1814.283487229995,1745.2212557202113,86.39646316178883,2000,2000-01-01,2025-12-01
2001-12-01,62.9571,104.79506095571638,7688.4,7380.548254620122,87.02347873059063,1148.079956,1.578755,1812.53697093478,1739.9610552607999,86.13605909340747,2000,2000-01-01,2025-12-01
2002-01-01,62.9571,104.79506095571638,7648.5,7327.20030737705,86.3944571739167,1130.199951,1.5997142857142859,1807.997007328286,1732.046313372897,85.74424303930431,2000,2000-01-01,2025-12-01
2002-02-01,62.9571,104.79506095571638,7637.5,7271.957739307535,85.74309628830618,1106.72998,1.5964,1766.7837400720002,1682.2228075023627,83.27775079631452,2000,2000-01-01,2025-12-01
2002-03-01,65.2743,108.65214959618086,7851.5,7422.8033367037415,87.52170516446853,1147.390015,1.5877428571428571,1821.7603006732857,1722.2910830429948,85.26131435901824,2000,2000-01-01,2025-12-01
2002-04-01,65.2743,108.65214959618086,7663.4,7201.285427135677,84.90980447271788,1076.920044,1.5814863636363639,1703.134364312673,1600.432794605376,79.22876972122407,2000,2000-01-01,2025-12-01
2002-05-01,65.2743,108.65214959618086,7656.1,7179.993480441324,84.65875276133194,1067.140015,1.5501545454545456,1654.231944888682,1551.360951324892,76.79948822676175,2000,2000-01-01,2025-12-01
2002-06-01,66.8429,111.26315824516782,7145.6,6687.823823823824,78.85561806633365,989.8200073,1.53184,1516.2458799824321,1419.1090067903644,70.25240990268014,2000,2000-01-01,2025-12-01
2002-07-01,66.8429,111.26315824516782,6605.4,6145.322388059701,72.45902522148896,911.6199951,1.54555,1408.954283426805,1310.818164183147,64.89151611147282,2000,2000-01-01,2025-12-01
2002-08-01,66.8429,111.26315824516782,6612.0,6127.076313181367,72.24388715121113,916.0700073,1.5694181818181818,1437.6969252749345,1332.2563182676547,65.95280314516447,2000,2000-01-01,2025-12-01
2002-09-01,65.5781,109.15783901831668,6180.4,5727.129831516352,67.52814884291368,815.2800293,1.576135,1284.9913889807556,1190.7501969246841,58.94760059007048,2000,2000-01-01,2025-12-01
2002-10-01,65.5781,109.15783901831668,6248.8,5773.347826086957,68.07310167415733,885.7600098,1.578009090909091,1397.7373478281256,1291.387767015116,63.92962226125499,2000,2000-01-01,2025-12-01
2002-11-01,65.5781,109.15783901831668,6570.4,6052.535960591132,71.36498756754585,936.3099976,1.5714526315789474,1471.366809702198,1355.3970118931577,67.09837370121924,2000,2000-01-01,2025-12-01
2002-12-01,67.3256,112.06663515124073,6614.5,6117.267556874382,72.12823285746403,879.8200073,1.5592190476190477,1371.8321138584897,1268.7072467435094,62.80683239852929,2000,2000-01-01,2025-12-01
2003-01-01,67.3256,112.06663515124073,6569.5,6022.041666666667,71.00543168535528,855.7000122,1.5414476190476192,1319.0167464247086,1209.0986842226496,59.85593493548219,2000,2000-01-01,2025-12-01
2003-02-01,67.3256,112.06663515124073,6555.1,5962.080252918288,70.29843125205797,841.1500244,1.5121473684210525,1271.942795843764,1156.8740409668478,57.270575370098356,2000,2000-01-01,2025-12-01
2003-03-01,67.8586,112.95383877862189,6343.3,5752.653249272551,67.82909350523578,848.1799927,1.4760809523809524,1251.9823314150851,1135.4058970641172,56.207803702743874,2000,2000-01-01,2025-12-01
2003-04-01,67.8586,112.95383877862189,6586.1,6013.67529296875,70.90678441438905,916.9199829,1.4582045454545456,1337.0568868828843,1220.8478410502898,60.43757213002942,2000,2000-01-01,2025-12-01
2003-05-01,67.8586,112.95383877862189,6859.8,6257.476097560975,73.78142101332344,963.5900269,1.3839571428571429,1333.5673005141614,1216.473586322674,60.22102644208523,2000,2000-01-01,2025-12-01
2003-06-01,70.2072,116.86319419938611,6983.1,6369.949756097561,75.1075892997083,974.5,1.3525095238095237,1318.0205309523808,1202.291898966318,59.518967820440864,2000,2000-01-01,2025-12-01
2003-07-01,70.2072,116.86319419938611,7257.9,6614.168128654971,77.98714941051244,990.3099976,1.382090909090909,1368.6984448648,1247.303163692581,61.747232037394404,2000,2000-01-01,2025-12-01
2003-08-01,70.2072,116.86319419938611,7510.3,6824.227891156463,80.46394796850011,1008.01001,1.3962714285714286,1407.455576677,1278.8833471263313,63.31059607833407,2000,2000-01-01,2025-12-01
2003-09-01,71.4171,118.87712978806985,7421.1,6730.095538312319,79.35404061162254,995.9699707,1.3633714285714287,1357.8770017675029,1231.440345928822,60.96194974377301,2000,2000-01-01,2025-12-01
2003-10-01,71.4171,118.87712978806985,7772.7,7069.5277237354085,83.35625949152124,1050.709961,1.3220954545454544,1389.1388634837317,1263.4677406199312,62.54745279476388,2000,2000-01-01,2025-12-01
2003-11-01,71.4171,118.87712978806985,7859.4,7127.58389912706,84.04079540539622,1058.199951,1.3130444444444445,1389.4635667719335,1260.0857758794937,62.38003001604514,2000,2000-01-01,2025-12-01
2003-12-01,73.3939,122.16760658095357,8220.9,7448.199127906976,87.82114499188755,1111.920044,1.3127545454545455,1459.6780919430182,1322.4796666344205,65.46881401203431,2000,2000-01-01,2025-12-01
2004-01-01,73.3939,122.16760658095357,8521.4,7712.980638915779,90.94316349195009,1131.130005,1.295755,1465.6673596287749,1326.6205046010691,65.67380449886909,2000,2000-01-01,2025-12-01
2004-02-01,73.3939,122.16760658095357,8788.5,7939.369565217392,93.61249796862897,1144.939941,1.3298947368421052,1522.6496015362106,1375.533698006142,68.09523209625581,2000,2000-01-01,2025-12-01
2004-03-01,74.2536,123.5986177600522,8585.9,7726.48363811357,91.10237632044864,1126.209961,1.3285782608695653,1496.258071359361,1346.4882547844106,66.6573493309049,2000,2000-01-01,2025-12-01
2004-04-01,74.2536,123.5986177600522,8244.0,7404.553314121037,87.30652054711106,1107.300049,1.3419727272727273,1485.9664666657545,1334.6576813952743,66.07168164284117,2000,2000-01-01,2025-12-01
2004-05-01,74.2536,123.5986177600522,8417.3,7495.405238095238,88.37774861863717,1120.680054,1.37886,1545.2608992584398,1376.0180388634678,68.11920919193956,2000,2000-01-01,2025-12-01
2004-06-01,76.8199,127.87034509391376,8545.6,7602.412940057089,89.63946823003018,1140.839966,1.357840909090909,1549.0791765606816,1378.1056423256302,68.2225551459405,2000,2000-01-01,2025-12-01
2004-07-01,76.8199,127.87034509391376,8458.1,7531.736666666668,88.80612970801745,1101.719971,1.3225047619047618,1457.0299079330762,1297.4504418261201,64.2297524935989,2000,2000-01-01,2025-12-01
2004-08-01,76.8199,127.87034509391376,8377.0,7473.7547709923665,88.122469620596,1104.23999,1.3126772727272729,1449.5107385095912,1293.2180730023547,64.02023080918721,2000,2000-01-01,2025-12-01
2004-09-01,74.8714,124.62697498518551,8668.3,7718.914761904761,91.01313228124607,1114.579956,1.2880952380952382,1435.6851338000001,1278.4434286695239,63.28881809538597,2000,2000-01-01,2025-12-01
2004-10-01,74.8714,124.62697498518551,8871.0,7884.3963878326995,92.96431344793363,1130.199951,1.2469350000000001,1409.2858759001851,1252.5497090937956,62.00696011771488,2000,2000-01-01,2025-12-01
2004-11-01,74.8714,124.62697498518551,9030.1,7995.401041666667,94.27316081247322,1173.819946,1.1967700000000001,1404.7924967744202,1243.8266898523514,61.57513062441547,2000,2000-01-01,2025-12-01
2004-12-01,77.3993,128.8347837087442,9246.7,8202.717741935485,96.7176161339388,1211.920044,1.2188826086956523,1477.1882647612697,1310.4089445462876,64.87125786102743,2000,2000-01-01,2025-12-01
2005-01-01,77.3993,128.8347837087442,9204.1,8172.68138651472,96.3634597695431,1181.27002,1.2248350000000001,1446.8608649467,1284.7245097105078,63.599760438653284,2000,2000-01-01,2025-12-01
2005-02-01,77.3993,128.8347837087442,9668.3,8552.375118259222,100.84039945595762,1203.599976,1.2400526315789473,1492.5273176071578,1320.258317845499,65.35884705043416,2000,2000-01-01,2025-12-01
2005-03-01,79.9412,133.06589609230912,9612.4,8454.933207902164,99.6914693601321,1180.589966,1.2160260869565216,1435.6281966551128,1262.7585737276863,62.512345778343715,2000,2000-01-01,2025-12-01
2005-04-01,79.9412,133.06589609230912,9369.3,8217.913227016885,96.89678493375723,1156.849976,1.2359,1429.7508853384,1254.0497915491594,62.081221085010405,2000,2000-01-01,2025-12-01
2005-05-01,79.9412,133.06589609230912,9607.3,8418.768041237112,99.2650486521455,1191.5,1.2555285714285713,1495.9622928571428,1310.8947927098673,64.89530957528964,2000,2000-01-01,2025-12-01
2005-06-01,81.2524,135.24845030660956,9902.8,8661.476145930776,102.12680131033444,1191.329956,1.2401681818181818,1477.4495054780546,1292.2500351936212,63.97230849411838,2000,2000-01-01,2025-12-01
2005-07-01,81.2524,135.24845030660956,10422.9,9099.357142857143,107.28982258029198,1234.180054,1.222855,1509.2232499341699,1317.5758531171325,65.22605273319358,2000,2000-01-01,2025-12-01
2005-08-01,81.2524,135.24845030660956,10668.9,9279.461860465117,109.41342350007801,1220.329956,1.2042826086956522,1469.6221428811305,1278.2294917152158,63.2782272341234,2000,2000-01-01,2025-12-01
2005-09-01,81.9448,136.40098274863342,11011.8,9498.185424354242,111.99237627612268,1228.810059,1.1776809523809524,1447.1462005784142,1248.2303482848868,61.79313193072357,2000,2000-01-01,2025-12-01
2005-10-01,81.9448,136.40098274863342,10383.3,8997.576923076922,106.08973981060149,1207.01001,1.177415,1421.15169092415,1231.4891853698612,60.964367520289755,2000,2000-01-01,2025-12-01
2005-11-01,81.9448,136.40098274863342,10824.1,9396.96703806871,110.79891804210196,1249.47998,1.181545,1476.3168229691003,1281.6678082415124,63.448439684910994,2000,2000-01-01,2025-12-01
2005-12-01,82.9798,138.12378904195324,11272.3,9795.167750929368,115.49407212424529,1248.290039,1.1614809523809524,1449.8651033453762,1259.8734866430545,62.36952072438052,2000,2000-01-01,2025-12-01
2006-01-01,82.9798,138.12378904195324,11945.6,10322.67652495379,121.71388764374656,1280.079956,1.157165,1481.26372228474,1280.0199448578853,63.36686288331489,2000,2000-01-01,2025-12-01
2006-02-01,82.9798,138.12378904195324,11688.3,10119.0375,119.31279551001639,1280.660034,1.1488947368421052,1471.3435727466315,1273.8020745537967,63.05904976167703,2000,2000-01-01,2025-12-01
2006-03-01,85.6578,142.58144629172187,12110.6,10426.713627992634,122.94058115094309,1294.869995,1.1573086956521739,1498.564304952587,1290.2003914647044,63.87084172115779,2000,2000-01-01,2025-12-01
2006-04-01,85.6578,142.58144629172187,12204.2,10449.56684981685,123.21004173770915,1310.609985,1.1441050000000001,1499.4754368884253,1283.891514185602,63.5585233365119,2000,2000-01-01,2025-12-01
2006-05-01,85.6578,142.58144629172187,11744.5,10010.125341841385,118.02862060158922,1270.089966,1.109990909090909,1409.7883159875817,1201.5971517305277,59.48457464320502,2000,2000-01-01,2025-12-01
2006-06-01,88.764,147.75186262825335,11612.9,9916.037899543378,116.91924278151863,1270.199951,1.1137272727272727,1414.6563272455455,1207.9485534014475,59.79899818044352,2000,2000-01-01,2025-12-01
2006-07-01,88.764,147.75186262825335,11831.0,10093.052007299271,119.00640255744268,1276.660034,1.129445,1441.91729210113,1230.1027993745954,60.89573504966438,2000,2000-01-01,2025-12-01
2006-08-01,88.764,147.75186262825335,12073.8,10281.423497267759,121.22747635646034,1303.819946,1.118213043478261,1457.948469964322,1241.5134967364672,61.46061694704217,2000,2000-01-01,2025-12-01
2006-09-01,90.9982,151.4707938558236,11761.3,10070.343864468863,118.73865258597189,1335.849976,1.11612,1490.9688752131199,1276.607965498413,63.197954243179296,2000,2000-01-01,2025-12-01
2006-10-01,90.9982,151.4707938558236,12344.6,10589.1752293578,124.8561534395043,1377.939941,1.1285380952380952,1555.0577163686335,1333.9256557841031,66.0354430149069,2000,2000-01-01,2025-12-01
2006-11-01,90.9982,151.4707938558236,12752.4,10918.950549450548,128.74450896051866,1400.630005,1.1358809523809523,1590.948944012738,1362.213610487097,67.43582662151785,2000,2000-01-01,2025-12-01
2006-12-01,91.8116,152.82473650218722,12908.4,11032.316270566727,130.0811954884004,1418.300049,1.153235,1635.6332570085149,1397.9132498198915,69.20312263879681,2000,2000-01-01,2025-12-01
2007-01-01,91.8116,152.82473650218722,13034.1,11139.747257769654,131.34790602362492,1438.23999,1.1762619047619047,1691.746910142143,1445.8714451397657,71.57727344728528,2000,2000-01-01,2025-12-01
2007-02-01,91.8116,152.82473650218722,13045.0,11068.12613430127,130.50342684676835,1406.819946,1.1709894736842106,1647.3713481349896,1397.7243289530084,69.1937701886919,2000,2000-01-01,2025-12-01
2007-03-01,93.7553,156.06011678462758,13165.5,11079.876237623763,130.64197141436563,1420.859985,1.1681590909090909,1659.7905083867045,1396.8533981472267,69.15065511601469,2000,2000-01-01,2025-12-01
2007-04-01,93.7553,156.06011678462758,13416.7,11240.693996415772,132.53816128115187,1482.369995,1.1349857142857143,1682.4687676107858,1409.5952488495384,69.78143521407223,2000,2000-01-01,2025-12-01
2007-05-01,93.7553,156.06011678462758,14056.8,11724.449598572703,138.24208650496638,1530.619995,1.0950863636363637,1676.1610844336592,1398.046934830929,69.20974066049094,2000,2000-01-01,2025-12-01
2007-06-01,96.4194,160.49463682910428,13906.6,11619.902591599643,137.00938075956705,1503.349976,1.065104761904762,1601.2252182470097,1337.9317060419608,66.23376089144712,2000,2000-01-01,2025-12-01
2007-07-01,96.4194,160.49463682910428,13868.6,11577.804464285715,136.51300496734757,1455.27002,1.0501857142857143,1528.3037854322856,1275.8607494457028,63.1609636186609,2000,2000-01-01,2025-12-01
2007-08-01,96.4194,160.49463682910428,13660.5,11434.706803939123,134.8257514230362,1473.98999,1.0578521739130435,1559.2635152475652,1305.202673909108,64.61352356639797,2000,2000-01-01,2025-12-01
2007-09-01,98.4359,163.8511961435772,14098.9,11780.58221626452,138.90394189744868,1526.75,1.026745,1567.58292875,1309.8213032897677,64.84216692140882,2000,2000-01-01,2025-12-01
2007-10-01,98.4359,163.8511961435772,14625.0,12253.024193548388,144.47446903760584,1549.380005,0.9754130434782609,1511.285466181413,1266.1755473831734,62.681501659057105,2000,2000-01-01,2025-12-01
2007-11-01,98.4359,163.8511961435772,13689.1,11438.166666666666,134.8665463992485,1481.140015,0.9672380952380953,1432.615046889524,1197.046531583293,59.25929805742817,2000,2000-01-01,2025-12-01
2007-12-01,98.7641,164.39750051600961,13833.1,11548.168303571429,136.1635672680599,1468.359985,1.00207,1471.39949016895,1228.3558243821146,60.80925176848285,2000,2000-01-01,2025-12-01
2008-01-01,98.7641,164.39750051600961,13155.1,11001.805456171736,129.7214448146082,1378.550049,1.0099428571428573,1392.2567752014859,1164.365013249901,57.641412883552604,2000,2000-01-01,2025-12-01
2008-02-01,98.7641,164.39750051600961,13582.7,11318.916666666668,133.46047879009407,1330.630005,0.998555,1328.7072446427749,1107.2560372023124,54.814256424661764,2000,2000-01-01,2025-12-01
2008-03-01,99.9306,166.33919475867395,13350.1,11085.562611012434,130.70901900711505,1322.699951,1.0029428571428571,1326.5924679986572,1101.5665697857412,54.53260167145791,2000,2000-01-01,2025-12-01
2008-04-01,99.9306,166.33919475867395,13937.0,11481.140969162994,135.3732531058824,1385.589966,1.0137181818181817,1404.5977410790363,1157.0915311972678,57.281342134838894,2000,2000-01-01,2025-12-01
2008-05-01,99.9306,166.33919475867395,14714.7,12005.448952879584,141.55532835221356,1400.380005,0.9993047619047618,1399.4064074727141,1141.749555835068,56.52184393089203,2000,2000-01-01,2025-12-01
2008-06-01,98.653,164.21256932838853,14467.0,11721.529462738301,138.2076554071795,1280.0,1.0166238095238096,1301.2784761904763,1054.328748039944,52.19411266158179,2000,2000-01-01,2025-12-01
2008-07-01,98.653,164.21256932838853,13592.9,10975.268998272884,129.40855547361645,1267.380005,1.0129636363636363,1283.8098585193636,1036.5822260065672,51.31557835993888,2000,2000-01-01,2025-12-01
2008-08-01,98.653,164.21256932838853,13771.3,11138.551470588236,131.33380658862924,1282.829956,1.0534571428571429,1351.4063802193143,1093.049278118563,54.110956637425886,2000,2000-01-01,2025-12-01
2008-09-01,95.68,159.2638706713452,11752.9,9497.805963699222,111.98790208462609,1166.359985,1.0582047619047619,1234.2476902221667,997.4257479323472,49.37715295720182,2000,2000-01-01,2025-12-01
2008-10-01,95.68,159.2638706713452,9762.8,7972.242794759825,94.00010369833896,968.75,1.1846954545454547,1147.6737215909093,937.1833447052403,46.39487746970754,2000,2000-01-01,2025-12-01
2008-11-01,95.68,159.2638706713452,9270.6,7596.854513584575,89.57392924956167,896.2399902,1.2170944444444443,1090.8087129613632,893.8704177203109,44.250688766746535,2000,2000-01-01,2025-12-01
2008-12-01,93.3232,155.34086596400581,8987.7,7417.033980582525,87.45367912868053,903.25,1.2336954545454546,1114.335419318182,919.5971906994705,45.52428212156068,2000,2000-01-01,2025-12-01
2009-01-01,93.3232,155.34086596400581,8694.9,7194.452654867257,84.82923977865202,825.8800049,1.22482,1011.554347601618,836.9940840774449,41.4350491747765,2000,2000-01-01,2025-12-01
2009-02-01,93.3232,155.34086596400581,8123.0,6673.993848857645,78.69254989161365,735.0900269,1.2451999999999999,915.3341014958798,752.0539410357186,37.23012219763334,2000,2000-01-01,2025-12-01
2009-03-01,90.6825,150.94529632268245,8720.4,7152.257894736841,84.33172459630049,797.8699951,1.2645181818181819,1008.9211155311336,827.4923184400087,40.96466816023406,2000,2000-01-01,2025-12-01
2009-04-01,90.6825,150.94529632268245,9324.8,7654.686567164178,90.25582256033036,872.8099976,1.224181818181818,1068.4781297892362,877.108912513552,43.4209173194957,2000,2000-01-01,2025-12-01
2009-05-01,90.6825,150.94529632268245,10370.1,8453.394507410638,99.6733266605822,919.1400146,1.1527850000000002,1059.5708217306612,863.7303559879408,42.758617360545294,2000,2000-01-01,2025-12-01
2009-06-01,91.9593,153.07059011525322,10374.9,8427.91615986099,99.3729134176108,919.3200073,1.1263545454545456,1035.4802689496612,841.1590368965536,41.641233457501286,2000,2000-01-01,2025-12-01
2009-07-01,91.9593,153.07059011525322,10787.2,8793.40191804708,103.68232797687895,987.4799805,1.1228608695652174,1108.8026295824739,903.8626492237254,44.74535009301634,2000,2000-01-01,2025-12-01
2009-08-01,91.9593,153.07059011525322,10868.2,8859.43068875327,104.46086815098595,1020.619995,1.0872380952380953,1109.6569393257143,904.559056904571,44.77982546990426,2000,2000-01-01,2025-12-01
2009-09-01,95.0574,158.22752361992397,11395.0,9288.862249346119,109.52426276480784,1057.079956,1.0816380952380953,1143.3779501222095,932.0474135695431,46.140625303277425,2000,2000-01-01,2025-12-01
2009-10-01,95.0574,158.22752361992397,10910.8,8901.91797556719,104.9618324930397,1036.189941,1.0546761904761905,1092.8448595836287,891.6317135346361,44.13986263334147,2000,2000-01-01,2025-12-01
2009-11-01,95.0574,158.22752361992397,11447.2,9290.913194444445,109.54844530125155,1095.630005,1.0593,1160.6008642964998,941.9807362128709,46.63237037056649,2000,2000-01-01,2025-12-01
2009-12-01,97.6107,162.47761184092255,11746.1,9566.727787456446,112.80055402549722,1115.099976,1.053690909090909,1174.9707074386909,956.9665605010244,47.37423746152522,2000,2000-01-01,2025-12-01
2010-01-01,97.6107,162.47761184092255,11094.3,9012.311468288444,106.26347370374648,1073.869995,1.0438105263157895,1120.9168046756843,910.5623044063987,45.07701377765766,2000,2000-01-01,2025-12-01
2010-02-01,97.6107,162.47761184092255,11629.6,9406.29411764706,110.90889292246358,1104.48999,1.0572105263157894,1167.678443638421,944.445800001664,46.7544023433733,2000,2000-01-01,2025-12-01
2010-03-01,100.2438,166.86053092395682,12037.7,9736.375,114.80085130466566,1169.430054,1.0229,1196.2100022365998,967.5227959266616,47.89681957086462,2000,2000-01-01,2025-12-01
2010-04-01,100.2438,166.86053092395682,12210.7,9842.24525862069,116.04915940881122,1186.689941,1.005209090909091,1192.8715167835728,961.4955760281384,47.59844451943548,2000,2000-01-01,2025-12-01
2010-05-01,100.2438,166.86053092395682,11763.0,9456.926053310404,111.50589019479082,1089.410034,1.0402799999999999,1133.29147016952,911.1156703426493,45.104407931590615,2000,2000-01-01,2025-12-01
2010-06-01,101.3371,168.68038031573133,11294.4,9088.006884681583,107.15599255617295,1030.709961,1.0376227272727272,1069.4880807599864,860.5605469110045,42.60169726101762,2000,2000-01-01,2025-12-01
2010-07-01,101.3371,168.68038031573133,11713.4,9376.737157534248,110.56038907139695,1101.599976,1.0422285714285715,1148.1189692722287,919.0849625595324,45.49892447737801,2000,2000-01-01,2025-12-01
2010-08-01,101.3371,168.68038031573133,11913.9,9545.412596401027,112.54922824163171,1049.329956,1.0403954545454546,1091.718116540782,874.6841807760335,43.30088196836122,2000,2000-01-01,2025-12-01
2010-09-01,99.7146,165.97965257572025,12368.7,9892.843883661248,116.64576391813854,1141.199951,1.032957142857143,1178.8106408136716,942.8468341837322,46.67524619573121,2000,2000-01-01,2025-12-01
2010-10-01,99.7146,165.97965257572025,12676.2,10095.610732538331,119.036572290603,1183.26001,1.0179,1204.440364179,959.2433905514182,47.486951000241156,2000,2000-01-01,2025-12-01
2010-11-01,99.7146,165.97965257572025,12952.9,10307.201276595744,121.53142017657785,1180.550049,1.0129,1195.7791446320998,951.5348938136284,47.1053450277856,2000,2000-01-01,2025-12-01
2010-12-01,98.7219,164.3272566265622,13443.2,10697.354893617023,126.13169156851143,1257.640015,1.0080619047619048,1267.7789890256904,1008.8283870119324,49.94163593261688,2000,2000-01-01,2025-12-01
2011-01-01,98.7219,164.3272566265622,13552.0,10756.468590831919,126.82869664114229,1286.119995,0.9939450000000001,1278.332538430275,1014.6357584315001,50.22912747517804,2000,2000-01-01,2025-12-01
2011-02-01,98.7219,164.3272566265622,14136.5,11191.894580863674,131.96277111298858,1327.219971,0.9876368421052631,1310.811340937479,1037.7718914280633,51.37447225916585,2000,2000-01-01,2025-12-01
2011-03-01,100.5969,167.44828252025755,14116.1,11054.064907872696,130.3376320037813,1325.829956,0.9765608695652174,1294.753654726974,1013.8983812141714,50.19262391817374,2000,2000-01-01,2025-12-01
2011-04-01,100.5969,167.44828252025755,13944.8,10883.46243739566,128.32607135154234,1363.609985,0.957952380952381,1306.2734318211906,1019.5038887753032,50.47012227313653,2000,2000-01-01,2025-12-01
2011-05-01,100.5969,167.44828252025755,13802.9,10701.253316749586,126.17765757684245,1345.199951,0.9680428571428572,1302.2112039944716,1009.5916050869246,49.979418730691535,2000,2000-01-01,2025-12-01
2011-06-01,102.5685,170.73010366799608,13300.9,10380.919449081803,122.40062549765717,1320.640015,0.9766454545454546,1289.7970677405908,1006.6446229861873,49.833529589317465,2000,2000-01-01,2025-12-01
2011-07-01,102.5685,170.73010366799608,12945.6,10086.78,118.93244980014386,1292.280029,0.955315,1234.5344959041352,961.9081280586386,47.618867738662615,2000,2000-01-01,2025-12-01
2011-08-01,102.5685,170.73010366799608,12768.7,9924.135078969244,117.01471600345761,1218.890015,0.9817086956521739,1196.5949267691087,930.02182587624,46.04034941450296,2000,2000-01-01,2025-12-01
2011-09-01,103.7585,172.71091476852806,11623.8,9011.8184079602,106.25766006721062,1131.420044,1.0025,1134.2485941099999,879.3718370587478,43.53294247187458,2000,2000-01-01,2025-12-01
2011-10-01,103.7585,172.71091476852806,12252.1,9483.2065397351,111.81576139575174,1253.300049,1.0198,1278.1153899701999,989.2697761772657,48.97339491736767,2000,2000-01-01,2025-12-01
2011-11-01,103.7585,172.71091476852806,12204.1,9438.241108354012,111.2855774410632,1246.959961,1.024755,1277.828454834555,988.2296156081959,48.921902194600605,2000,2000-01-01,2025-12-01
2011-12-01,103.6796,172.57958199892136,11955.1,9299.51622296173,109.64988295105269,1257.599976,1.0235238095238095,1287.1835182925713,1001.2617217999618,49.567051271731685,2000,2000-01-01,2025-12-01
2012-01-01,103.6796,172.57958199892136,12452.2,9646.070422535211,113.73607695387639,1312.410034,1.012985,1329.45167829149,1029.856933887774,50.98264552927966,2000,2000-01-01,2025-12-01
2012-02-01,103.6796,172.57958199892136,12644.0,9754.240924092408,115.01150704616627,1365.680054,0.996745,1361.2347654242299,1050.127479927108,51.9861306051212,2000,2000-01-01,2025-12-01
2012-03-01,105.5386,175.67397513832387,12392.2,9520.712407559573,112.25799020834057,1408.469971,0.9937727272727273,1399.699044362409,1075.36450819955,53.23547934890169,2000,2000-01-01,2025-12-01
2012-04-01,105.5386,175.67397513832387,12292.7,9405.625613747954,110.90101064423192,1397.910034,0.9928238095238096,1387.8783653274381,1061.9200258438254,52.56991575874456,2000,2000-01-01,2025-12-01
2012-05-01,105.5386,175.67397513832387,11513.2,8816.414414414416,103.95366655757408,1310.329956,1.009731818181818,1323.0818488899815,1013.1707851860219,50.15660457493194,2000,2000-01-01,2025-12-01
2012-06-01,106.9303,177.99052539766032,11596.6,8916.793585526317,105.13722966981072,1362.160034,1.028,1400.300514952,1076.711333454046,53.302153381265235,2000,2000-01-01,2025-12-01
2012-07-01,106.9303,177.99052539766032,11664.7,8976.538683127574,105.84167953599855,1379.319946,1.0142,1398.9062892332001,1076.5245929490059,53.29290886907996,2000,2000-01-01,2025-12-01
2012-08-01,106.9303,177.99052539766032,11949.3,9172.902709359605,108.15699271744946,1406.579956,0.9923826086956522,1395.8654860742956,1071.5387762557195,53.04608805661215,2000,2000-01-01,2025-12-01
2012-09-01,106.0767,176.56966795613587,12317.5,9440.051229508197,111.30692044084137,1440.670044,0.9783000000000001,1409.4075040452,1080.1606690838214,53.47291132825549,2000,2000-01-01,2025-12-01
2012-10-01,106.0767,176.56966795613587,12422.9,9505.246726677577,112.07563555054858,1412.160034,0.9871545454545455,1394.0201964723456,1066.6193810979075,52.80255541504184,2000,2000-01-01,2025-12-01
2012-11-01,106.0767,176.56966795613587,12239.4,9387.890894175553,110.69190192516952,1416.180054,0.9969699999999999,1411.8890284363797,1082.9501571681828,53.61100379288188,2000,2000-01-01,2025-12-01
2012-12-01,104.7044,174.28540991137953,12433.5,9591.850247524751,113.0967710264559,1426.189941,0.9898199999999999,1411.67132740062,1089.0368738610393,53.912324208735754,2000,2000-01-01,2025-12-01
2013-01-01,104.7044,174.28540991137953,12685.2,9777.957131079967,115.2911430248431,1498.109985,0.9920571428571427,1486.210711404857,1145.5952309674701,56.71222250256012,2000,2000-01-01,2025-12-01
2013-02-01,104.7044,174.28540991137953,12821.8,9770.483292583536,115.20301956802226,1514.680054,1.0097842105263157,1529.5000025283473,1165.5114118696044,57.69816487748535,2000,2000-01-01,2025-12-01
2013-03-01,105.4775,175.572271307868,12749.9,9699.883238405206,114.37057974089689,1569.189941,1.0244238095238094,1607.5155372256618,1222.9674754320533,60.542503761580576,2000,2000-01-01,2025-12-01
2013-04-01,105.4775,175.572271307868,12456.5,9492.11695191524,111.92082338275979,1597.569946,1.0186727272727272,1627.4009339007634,1240.1139960857488,61.39133524077233,2000,2000-01-01,2025-12-01
2013-05-01,105.4775,175.572271307868,12650.4,9616.360975609756,113.38577514249042,1630.73999,1.0195590909090908,1662.6357817135,1263.8735413838394,62.567541795304706,2000,2000-01-01,2025-12-01
2013-06-01,107.0699,178.22289617886557,12129.1,9220.088211382114,108.71335335489634,1606.280029,1.0314,1656.7172219106,1259.3744735661878,62.344817286480335,2000,2000-01-01,2025-12-01
2013-07-01,107.0699,178.22289617886557,12486.6,9484.135662063363,111.82671660590447,1685.72998,1.0402136363636363,1753.519312423,1331.8769757233997,65.93402394794636,2000,2000-01-01,2025-12-01
2013-08-01,107.0699,178.22289617886557,12653.9,9611.207554833469,113.32501155314132,1632.969971,1.0407181818181819,1699.4615391828092,1290.8176597367399,63.90139933403985,2000,2000-01-01,2025-12-01
2013-09-01,107.4486,178.85326018203486,12787.2,9696.700729927008,114.3330550273786,1681.550049,1.034235,1739.117914927515,1318.7958235662825,65.2864468703971,2000,2000-01-01,2025-12-01
2013-10-01,107.4486,178.85326018203486,13361.3,10156.76056910569,119.757585326263,1756.540039,1.0362818181818183,1820.270505324082,1383.7015629902573,68.49957890552005,2000,2000-01-01,2025-12-01
2013-11-01,107.4486,178.85326018203486,13395.4,10182.682113821138,120.06322427304403,1805.810059,1.0486421052631578,1893.648461975147,1439.480741420132,71.26090427822919,2000,2000-01-01,2025-12-01
2013-12-01,108.0217,179.8072121498625,13621.6,10379.947840260798,122.38916933252524,1848.359985,1.0639190476190477,1966.5053948983573,1498.518780953516,74.1835582345525,2000,2000-01-01,2025-12-01
2014-01-01,108.0217,179.8072121498625,13694.9,10401.893988627133,122.64793468567912,1782.589966,1.0940095238095238,1950.170399851295,1481.242342697775,73.3282952377051,2000,2000-01-01,2025-12-01
2014-02-01,108.0217,179.8072121498625,14209.6,10705.86301369863,126.2320101602225,1859.449951,1.1054421052631578,2055.514268464916,1548.6751337749365,76.66652792946222,2000,2000-01-01,2025-12-01
2014-03-01,109.3543,182.02538767302968,14335.3,10739.988381410256,126.63437975510554,1872.339966,1.1106809523809524,2079.5723366178,1558.0129284756754,77.12879162997038,2000,2000-01-01,2025-12-01
2014-04-01,109.3543,182.02538767302968,14651.9,10942.113817891373,129.01762528317522,1883.949951,1.099209090909091,2070.8549129569365,1546.525034836051,76.56008816249354,2000,2000-01-01,2025-12-01
2014-05-01,109.3543,182.02538767302968,14604.2,10854.472972972973,127.98425879865786,1923.569946,1.0893857142857142,2095.5096196017425,1557.473365920214,77.10208080674748,2000,2000-01-01,2025-12-01
2014-06-01,110.5261,183.97590401555354,15146.0,11248.220810166798,132.6269093651389,1960.22998,1.0830380952380954,2123.0037437678097,1576.6548851651328,78.05165405735912,2000,2000-01-01,2025-12-01
2014-07-01,110.5261,183.97590401555354,15330.7,11403.503977724742,134.45784129092618,1930.670044,1.0739181818181818,2073.381663343309,1542.2528681193269,76.3485962996981,2000,2000-01-01,2025-12-01
2014-08-01,110.5261,183.97590401555354,15625.7,11622.935163086715,137.04513757751607,2003.369995,1.0926333333333333,2188.9488355368335,1628.2157209442635,80.60415210560478,2000,2000-01-01,2025-12-01
2014-09-01,111.0363,184.82515596806732,14960.5,11119.29054054054,131.10670243884095,1972.290039,1.101052380952381,2171.594643369614,1614.023045747686,79.9015495354325,2000,2000-01-01,2025-12-01
2014-10-01,111.0363,184.82515596806732,14613.3,10852.609610802223,127.96228803813447,2018.050049,1.1211545454545453,2262.545985391118,1680.286335457264,83.18188654118937,2000,2000-01-01,2025-12-01
2014-11-01,111.0363,184.82515596806732,14744.7,10993.855263157895,129.6277046981865,2067.560059,1.132538888888889,2341.592171930906,1745.9239878432193,86.43125162759456,2000,2000-01-01,2025-12-01
2014-12-01,111.8501,186.17976443328828,14632.4,10988.991164658633,129.57035248562843,2058.899902,1.1531619047619048,2374.244932704419,1783.0674795812304,88.27002496657673,2000,2000-01-01,2025-12-01
2015-01-01,111.8501,186.17976443328828,14673.5,11037.58849557522,130.14335988934477,1994.98999,1.21219,2418.3069159781003,1819.0804235233497,90.05283100016406,2000,2000-01-01,2025-12-01
2015-02-01,111.8501,186.17976443328828,15234.3,11358.907894736842,133.93201229483017,2104.5,1.2499052631578949,2630.42562631579,1961.2822652354573,97.09247490706147,2000,2000-01-01,2025-12-01
2015-03-01,114.857,191.18489123848966,14902.4,11032.259699129057,130.0805284589152,2067.889893,1.2618318181818182,2609.3292634839954,1931.688726332174,95.627458889577,2000,2000-01-01,2025-12-01
2015-04-01,114.857,191.18489123848966,15224.5,11279.641442155309,132.99738762843626,2085.51001,1.233681818181818,2572.8557809731815,1906.1966364579434,94.3654834257112,2000,2000-01-01,2025-12-01
2015-05-01,114.857,191.18489123848966,15014.1,11062.398345153664,130.43589092397997,2107.389893,1.21764,2566.0422293125202,1890.6615322357811,93.59642445668625,2000,2000-01-01,2025-12-01
2015-06-01,117.4469,195.49590188493318,14553.3,10697.590801886792,126.13447314483726,2063.110107,1.2364954545454545,2551.0262695322863,1875.1647500099746,92.82926260238852,2000,2000-01-01,2025-12-01
2015-07-01,117.4469,195.49590188493318,14468.4,10626.829536527886,125.300132489039,2103.840088,1.2863136363636363,2706.1981939228726,1987.663245340052,98.39845451755959,2000,2000-01-01,2025-12-01
2015-08-01,117.4469,195.49590188493318,13859.1,10179.307541241164,120.02343494642396,1972.180054,1.3147238095238096,2592.8720736617524,1904.4268569314522,94.27787121541762,2000,2000-01-01,2025-12-01
2015-09-01,119.1831,198.38588863513792,13307.0,9789.17781274587,115.42344522226915,1920.030029,1.3265809523809524,2547.0752644708477,1873.7335737846126,92.75841280977498,2000,2000-01-01,2025-12-01
2015-10-01,119.1831,198.38588863513792,13529.2,9944.812893081762,117.25852652464613,2079.360107,1.3072238095238096,2718.189040444376,1998.039900012179,98.9121465552795,2000,2000-01-01,2025-12-01
2015-11-01,119.1831,198.38588863513792,13469.8,9908.940204563336,116.8355544040671,2080.409912,1.3278526315789474,2762.4777764121263,2032.1925420498333,100.60285910534313,2000,2000-01-01,2025-12-01
2015-12-01,120.847,201.15552862688176,13010.0,9616.08695652174,113.38254420442794,2043.939941,1.3712545454545455,2802.7619347323457,2071.6066474108643,102.55403824135125,2000,2000-01-01,2025-12-01
2016-01-01,120.847,201.15552862688176,12822.1,9454.781940063092,111.48060911984403,1940.23999,1.4208105263157895,2756.7134013708423,2032.7500238814966,100.630457014992,2000,2000-01-01,2025-12-01
2016-02-01,120.847,201.15552862688176,12860.4,9460.640440597956,111.54968625058017,1932.22998,1.37969,2665.8783811062003,1961.1300443228147,97.08493927315347,2000,2000-01-01,2025-12-01
2016-03-01,126.8984,211.22836920987274,13494.4,9864.944487881157,116.31680428106208,2059.73999,1.3226391304347827,2724.292709295348,1991.5666014004303,98.59168855993242,2000,2000-01-01,2025-12-01
2016-04-01,126.8984,211.22836920987274,13951.5,10167.305144193295,119.8819156028498,2065.300049,1.2818142857142856,2647.331107094614,1929.270915926316,95.50776617613037,2000,2000-01-01,2025-12-01
2016-05-01,126.8984,211.22836920987274,14065.8,10210.809782608694,120.39487545965375,2096.949951,1.2945285714285715,2714.561624425243,1970.5862723894425,97.55306596891201,2000,2000-01-01,2025-12-01
2016-06-01,133.3705,222.00148477605183,14064.5,10186.140588690938,120.10400288513208,2098.860107,1.2894045454545455,2706.279762239014,1960.0089680042431,97.02944084936247,2000,2000-01-01,2025-12-01
2016-07-01,133.3705,222.00148477605183,14582.7,10577.831264546161,124.72239761995685,2173.600098,1.3052350000000001,2837.05892391303,2057.913183753827,101.87614893389248,2000,2000-01-01,2025-12-01
2016-08-01,133.3705,222.00148477605183,14598.0,10605.384615384617,125.04727706765179,2170.949951,1.299782608695652,2821.762990658478,2049.998753897185,101.48434832676902,2000,2000-01-01,2025-12-01
2016-09-01,137.1935,228.36504850490377,14725.9,10689.997282608694,126.04493854109364,2168.27002,1.3107761904761905,2842.1167167393332,2063.1825544652766,102.13700697184348,2000,2000-01-01,2025-12-01
2016-10-01,137.1935,228.36504850490377,14787.3,10709.624709527498,126.27636402739617,2126.149902,1.325095,2817.35060439069,2040.4514446981373,101.01171269687043,2000,2000-01-01,2025-12-01
2016-11-01,137.1935,228.36504850490377,15082.9,10966.183125972006,129.30142464977425,2198.810059,1.3434149999999998,2953.9144154114842,2147.674944331056,106.31976811147779,2000,2000-01-01,2025-12-01
2016-12-01,138.2738,230.16325878381525,15287.6,11132.32554517134,131.2603971792732,2238.830078,1.3339190476190477,2986.4180854266383,2174.689182144787,107.65709688539,2000,2000-01-01,2025-12-01
2017-01-01,138.2738,230.16325878381525,15386.0,11108.81081081081,130.98313674889826,2278.870117,1.3183052631578946,3004.246469294347,2169.0891496449535,107.37986957109338,2000,2000-01-01,2025-12-01
2017-02-01,138.2738,230.16325878381525,15399.2,11101.1966075559,130.89335826196955,2363.639893,1.3109157894736843,3098.5328563635894,2233.7148964533203,110.57914068650734,2000,2000-01-01,2025-12-01
2017-03-01,146.4193,243.72182753959953,15547.8,11191.06466512702,131.95298564015303,2362.719971,1.3387,3162.9732251777,2276.658941910046,112.70506806056346,2000,2000-01-01,2025-12-01
2017-04-01,146.4193,243.72182753959953,15586.1,11175.616180981595,131.7708337477638,2384.199951,1.343705,3203.661395158455,2297.103837786162,113.71718425363522,2000,2000-01-01,2025-12-01
2017-05-01,146.4193,243.72182753959953,15349.9,10997.821072796934,129.67446525565003,2411.800049,1.3605727272727273,3281.4293703044273,2351.0624224020225,116.38838187556806,2000,2000-01-01,2025-12-01
2017-06-01,153.8374,256.06960470334445,15182.2,10886.009969325154,128.35610910524758,2423.409912,1.3294863636363636,3221.8904315052,2310.1745041850936,114.36424223802202,2000,2000-01-01,2025-12-01
2017-07-01,153.8374,256.06960470334445,15143.9,10858.547929447852,128.03230629809636,2470.300049,1.26904,3134.9095741829597,2247.807094985481,111.2767692005779,2000,2000-01-01,2025-12-01
2017-08-01,153.8374,256.06960470334445,15211.9,10898.947509578544,128.5086546506767,2471.649902,1.2607695652173911,3116.1809723141478,2232.6660606235464,110.52721849851379,2000,2000-01-01,2025-12-01
2017-09-01,155.6623,259.10723678516024,15634.9,11176.323776758409,131.779176955329,2519.360107,1.227875,3093.459291382625,2211.3030867299344,109.46965322936744,2000,2000-01-01,2025-12-01
2017-10-01,155.6623,259.10723678516024,16025.6,11446.857142857143,134.96901513786113,2575.26001,1.2606904761904763,3246.6057683211907,2319.004120229422,114.80134876237027,2000,2000-01-01,2025-12-01
2017-11-01,155.6623,259.10723678516024,16067.5,11441.822162985529,134.90964807614023,2647.580078,1.277335,3381.84669893213,2408.2457452410827,119.21921884190716,2000,2000-01-01,2025-12-01
2017-12-01,154.6915,257.49129441844053,16209.1,11586.780198776758,136.61883716471635,2673.610107,1.27687,3413.85253732509,2440.3303688065434,120.80755498487332,2000,2000-01-01,2025-12-01
2018-01-01,154.6915,257.49129441844053,15951.7,11324.859149582386,133.53054615064536,2823.810059,1.242904761904762,3509.726969045667,2491.719602169855,123.35155792583778,2000,2000-01-01,2025-12-01
2018-02-01,154.6915,257.49129441844053,15442.7,10897.301509433963,128.48924678914247,2713.830078,1.258821052631579,3416.2264354512004,2410.695635582545,119.34049965942117,2000,2000-01-01,2025-12-01
2018-03-01,154.147,256.5849484989114,15367.3,10811.456358164032,127.4770531907893,2640.870117,1.2932545454545454,3415.317282765327,2402.800345662589,118.94964656702078,2000,2000-01-01,2025-12-01
2018-04-01,154.147,256.5849484989114,15607.9,10947.7768192048,129.08439729757697,2648.050049,1.2731619047619047,3371.396444289695,2364.7829522962224,117.0676110860072,2000,2000-01-01,2025-12-01
2018-05-01,154.147,256.5849484989114,16061.5,11257.49812593703,132.73629748425358,2705.27002,1.2866272727272727,3480.6741878234543,2439.6029727248347,120.77154553989813,2000,2000-01-01,2025-12-01
2018-06-01,154.8542,257.76211623865606,16277.7,11391.953218562874,134.32164717504656,2718.370117,1.312452380952381,3567.731332366452,2496.877841139695,123.60691443245653,2000,2000-01-01,2025-12-01
2018-07-01,154.8542,257.76211623865606,16434.0,11441.39240506329,134.90458083342125,2816.290039,1.3133428571428571,3698.7544063632286,2575.082181645286,127.47838826503657,2000,2000-01-01,2025-12-01
2018-08-01,154.8542,257.76211623865606,16262.9,11330.709016393444,133.59952148180594,2901.52002,1.3042478260869566,3784.3011784327828,2636.6032800556277,130.52396503363283,2000,2000-01-01,2025-12-01
2018-09-01,154.4196,257.03870405017614,16073.1,11240.350411368738,132.53411009619904,2913.97998,1.3034000000000001,3798.0815059320003,2656.1003799898435,131.48916097695925,2000,2000-01-01,2025-12-01
2018-10-01,154.4196,257.03870405017614,15027.3,10477.647651006711,123.54114031206696,2711.73999,1.300440909090909,3526.4576178137727,2458.7903599223546,121.72140928109891,2000,2000-01-01,2025-12-01
2018-11-01,154.4196,257.03870405017614,15197.8,10644.152059925093,125.50438103459565,2760.169922,1.32048,3644.7491786025603,2552.6894996205197,126.36984771677926,2000,2000-01-01,2025-12-01
2018-12-01,154.286,256.81632055183064,14322.9,10038.914167916042,118.3680674430916,2506.850098,1.343611111111111,3368.2316455627774,2360.7920454281834,116.87004287677499,2000,2000-01-01,2025-12-01
2019-01-01,154.286,256.81632055183064,15540.6,10876.093562874254,128.23918551690528,2704.100098,1.330045,3596.5748148444095,2517.063960987667,124.60622002428825,2000,2000-01-01,2025-12-01
2019-02-01,154.286,256.81632055183064,15999.0,11121.981412639405,131.1384303054958,2784.48999,1.3208722222222222,3677.9554808468333,2556.7943305515164,126.57305569006796,2000,2000-01-01,2025-12-01
2019-03-01,152.5901,253.99341505150107,16102.1,11119.249261447561,131.10621572021978,2834.399902,1.3370523809523809,3789.7411375402953,2616.992587592449,129.55314573870453,2000,2000-01-01,2025-12-01
2019-04-01,152.5901,253.99341505150107,16580.7,11399.23125,134.40746188584026,2945.830078,1.3378136363636364,3940.9716487585547,2709.418008521506,134.12862833057497,2000,2000-01-01,2025-12-01
2019-05-01,152.5901,253.99341505150107,16037.5,10977.351756954613,129.43311312158343,2752.060059,1.3459772727272727,3704.2102925944773,2535.458728825649,125.51684546887006,2000,2000-01-01,2025-12-01
2019-06-01,151.8894,252.82706686818784,16382.2,11237.972853998534,132.50607649949336,2941.76001,1.32887,3909.2166244887,2681.6709786477873,132.7550229859939,2000,2000-01-01,2025-12-01
2019-07-01,151.8894,252.82706686818784,16406.6,11197.20510948905,132.02538714894354,2980.379883,1.3105227272727271,3905.8555725779315,2665.6751535477124,131.9631562186878,2000,2000-01-01,2025-12-01
2019-08-01,151.8894,252.82706686818784,16442.1,11237.838815789471,132.50449606524472,2926.459961,1.3273136363636364,3884.3302125074956,2654.860196414114,131.42776619720672,2000,2000-01-01,2025-12-01
2019-09-01,151.7732,252.6336464901359,16658.6,11435.969897209985,134.84064445897332,2976.73999,1.3240500000000002,3941.3525837595007,2705.700929379687,133.9446158507286,2000,2000-01-01,2025-12-01
2019-10-01,151.7732,252.6336464901359,16483.2,11282.424597364568,133.03020359817202,3037.560059,1.3189227272727273,4006.3069972709864,2742.2379520119853,135.75336618513256,2000,2000-01-01,2025-12-01
2019-11-01,151.7732,252.6336464901359,17040.2,11680.782258064515,137.72720824025794,3140.97998,1.323657894736842,4157.582947737368,2849.9560528844863,141.08590663144312,2000,2000-01-01,2025-12-01
2019-12-01,153.6002,255.67477412095266,17063.4,11696.685483870968,137.9147219567151,3230.780029,1.3168952380952381,4254.598835523296,2916.4588791893557,144.37810179820002,2000,2000-01-01,2025-12-01
2020-01-01,153.6002,255.67477412095266,17318.5,11836.840277777777,139.56727638841397,3225.52002,1.3089095238095239,4221.913873416286,2885.591719038178,142.85003568270355,2000,2000-01-01,2025-12-01
2020-02-01,153.6002,255.67477412095266,16263.1,11066.956695778748,130.48963808679002,2954.219971,1.3286368421052632,3925.0854931537424,2671.000681294577,132.22679428766673,2000,2000-01-01,2025-12-01
2020-03-01,156.2749,260.12693836514836,13378.8,9157.524158125916,107.97566539866193,2584.590088,1.3960227272727272,3608.146503531818,2469.7049639840775,122.26173228292654,2000,2000-01-01,2025-12-01
2020-04-01,156.2749,260.12693836514836,14780.7,10184.19638909359,120.08107897670808,2912.429932,1.4047954545454546,4091.3683301557276,2819.0341847425243,139.5551322192794,2000,2000-01-01,2025-12-01
2020-05-01,156.2749,260.12693836514836,15192.8,10437.37545922116,123.0662939856995,3044.310059,1.3972,4253.5100144348,2922.1395029364717,144.65931874917118,2000,2000-01-01,2025-12-01
2020-06-01,160.4669,267.1047199898796,15515.2,10573.405247813413,124.67021079592755,3100.290039,1.3551772727272728,4201.44259971555,2863.228010739096,141.7429294668643,2000,2000-01-01,2025-12-01
2020-07-01,160.4669,267.1047199898796,16169.2,11019.097667638485,129.92533595451633,3271.120117,1.3496954545454545,4415.015953187095,3008.7754491471824,148.94819576734128,2000,2000-01-01,2025-12-01
2020-08-01,160.4669,267.1047199898796,16514.4,11270.776642335766,132.8928634532757,3500.310059,1.322890476190476,4630.526840764824,3160.250070157015,156.44688481386063,2000,2000-01-01,2025-12-01
2020-09-01,161.8262,269.36733892177296,16121.4,11010.598246895544,129.82511993604064,3363.0,1.3229761904761905,4449.168928571428,3038.6946298132107,150.42933254685906,2000,2000-01-01,2025-12-01
2020-10-01,161.8262,269.36733892177296,15580.6,10594.808,124.92256900637891,3269.959961,1.3217714285714286,4322.139649022343,2939.0549613351936,145.49671158610798,2000,2000-01-01,2025-12-01
2020-11-01,161.8262,269.36733892177296,17190.3,11672.425925925927,137.62867936854803,3621.629883,1.307261111111111,4734.415904883783,3214.7268489951616,159.1437354284382,2000,2000-01-01,2025-12-01
2020-12-01,165.1458,274.8929696186856,17433.4,11863.339883551675,139.8797312088252,3756.070068,1.2809190476190477,4811.221694292972,3274.011851647692,162.07861519278194,2000,2000-01-01,2025-12-01
2021-01-01,165.1458,274.8929696186856,17337.0,11729.446454413894,138.3010040491669,3714.23999,1.272461111111111,4726.225944608722,3197.555179601415,158.2936589711749,2000,2000-01-01,2025-12-01
2021-02-01,165.1458,274.8929696186856,18060.3,12157.221382289417,143.34486543360435,3811.149902,1.2696473684210527,4838.816443732453,3257.2306514685697,161.24786875399428,2000,2000-01-01,2025-12-01
2021-03-01,167.5337,278.86774174218164,18700.7,12525.182306590259,147.68346448680313,3972.889893,1.256895652173913,4993.508033077383,3344.5057384866427,165.56838617594556,2000,2000-01-01,2025-12-01
2021-04-01,167.5337,278.86774174218164,19108.3,12734.326799714896,150.14947117372623,4181.169922,1.2494454545454545,5224.143753725073,3481.5213184126465,172.35128631818742,2000,2000-01-01,2025-12-01
2021-05-01,167.5337,278.86774174218164,19731.0,13084.031914893616,154.27281738092483,4204.109863,1.21248,5097.399126690239,3380.19020103218,167.33493087259004,2000,2000-01-01,2025-12-01
2021-06-01,176.1755,293.2524252451878,20165.6,13334.39603960396,157.22484158427514,4297.5,1.2220409090909092,5251.720806818183,3472.6725278465346,171.91323056699503,2000,2000-01-01,2025-12-01
2021-07-01,176.1755,293.2524252451878,20287.8,13330.353478566407,157.17717605695495,4395.259766,1.2530428571428571,5507.448855073686,3618.7383552311285,179.14415950134463,2000,2000-01-01,2025-12-01
2021-08-01,176.1755,293.2524252451878,20582.9,13495.800490883594,159.12794909721137,4522.680176,1.2598954545454546,5698.104196105236,3736.1342379792395,184.95579457394592,2000,2000-01-01,2025-12-01
2021-09-01,177.8443,296.03022151793385,20070.3,13132.071728481455,154.83925114055316,4307.540039,1.2671095238095238,5458.125007607749,3571.271436048457,176.7943291167285,2000,2000-01-01,2025-12-01
2021-10-01,177.8443,296.03022151793385,21037.1,13668.998262682417,161.1701107483984,4605.379883,1.24336,5726.14513132688,3720.6015967968256,184.1868575366945,2000,2000-01-01,2025-12-01
2021-11-01,177.8443,296.03022151793385,20660.0,13396.04715672677,157.9517651805399,4567.0,1.2566950000000001,5739.326065,3721.4076773751735,184.22676222543492,2000,2000-01-01,2025-12-01
2021-12-01,179.6678,299.06552323374905,21222.8,13780.081944444444,162.47988992518003,4766.180176,1.2800380952380952,6100.892194048609,3961.3431954412845,196.10467173396248,2000,2000-01-01,2025-12-01
2022-01-01,179.6678,299.06552323374905,21098.3,13576.676187198897,160.0815482331171,4515.549805,1.262235,5699.685008114175,3667.7257278642483,181.56925931102094,2000,2000-01-01,2025-12-01
2022-02-01,179.6678,299.06552323374905,21126.4,13455.847411444143,158.65686540005592,4373.939941,1.2711,5559.715059005099,3541.099169052975,175.30066340217297,2000,2000-01-01,2025-12-01
2022-03-01,198.607,330.59071449021576,21890.2,13745.693082605776,162.07441349124258,4530.410156,1.2660347826086957,5735.656836979687,3601.6381078415093,178.29761876113056,2000,2000-01-01,2025-12-01
2022-04-01,198.607,330.59071449021576,20762.0,12958.925233644857,152.7976940920972,4131.930176,1.2628190476190477,5217.880129684724,3256.8210422264465,161.22759121629994,2000,2000-01-01,2025-12-01
2022-05-01,198.607,330.59071449021576,20729.3,12759.641540487162,150.44795534172647,4132.149902,1.2859142857142858,5313.590589694686,3270.709151655386,161.91511638294082,2000,2000-01-01,2025-12-01
2022-06-01,187.6682,312.3825661990399,18861.4,11533.94964028777,135.99591609918252,3785.379883,1.2804238095238094,4846.890530285652,2963.925863843744,146.72793542396667,2000,2000-01-01,2025-12-01
2022-07-01,187.6682,312.3825661990399,19692.9,12026.689418680602,141.80577305633233,4130.290039,1.293625,5343.046451701376,3263.062333338202,161.5365637754247,2000,2000-01-01,2025-12-01
2022-08-01,187.6682,312.3825661990399,19330.8,11844.231979030144,139.65443137128608,3955.0,1.2917478260869566,5108.862652173913,3130.2664349820507,154.96255724028813,2000,2000-01-01,2025-12-01
2022-09-01,169.2519,281.7277666438069,18444.2,11293.599869024232,133.16197036969535,3585.620117,1.333852380952381,4782.687930251205,2928.4958839455644,144.97398878650563,2000,2000-01-01,2025-12-01
2022-10-01,169.2519,281.7277666438069,19426.1,11809.755201560465,139.24791833088236,3871.97998,1.368935,5300.4889139213,3222.3388390873965,159.52056387894908,2000,2000-01-01,2025-12-01
2022-11-01,169.2519,281.7277666438069,20453.3,12418.075,146.42057044487154,4080.110107,1.34571,5490.6449720909695,3333.6058759123744,165.02879294541404,2000,2000-01-01,2025-12-01
2022-12-01,160.5654,267.26867788349506,19384.9,11838.590137165253,139.5879088463201,3839.5,1.358542857142857,5216.1253,3185.5500689092096,157.69935088543917,2000,2000-01-01,2025-12-01
2023-01-01,160.5654,267.26867788349506,20767.4,12616.9714100065,148.7657427692929,4076.600098,1.34222,5471.69418353756,3324.2586495176206,164.5660623327583,2000,2000-01-01,2025-12-01
2023-02-01,160.5654,267.26867788349506,20221.2,12237.425242718447,144.29054300407313,3970.149902,1.345442105263158,5341.606842357201,3232.622911070539,160.02967264858646,2000,2000-01-01,2025-12-01
2023-03-01,159.7024,265.8321736988235,20099.9,12101.356406954283,142.68616579163412,4109.310059,1.3682739130434782,5622.661754336857,3385.1827046393823,167.58208271799128,2000,2000-01-01,2025-12-01
2023-04-01,159.7024,265.8321736988235,20636.5,12337.03804347826,145.4650699022327,4169.47998,1.3484450000000001,5622.314431631101,3361.1662363012015,166.3931572936332,2000,2000-01-01,2025-12-01
2023-05-01,159.7024,265.8321736988235,19572.2,11656.055414012739,137.4356559174251,4179.830078,1.3517181818181818,5649.952313343109,3364.780517818985,166.5720808192229,2000,2000-01-01,2025-12-01
2023-06-01,165.2839,275.1228435791758,20155.3,11988.04421119593,141.35011037714364,4450.379883,1.3286047619047618,5912.795904838957,3516.834714392128,174.09946151652343,2000,2000-01-01,2025-12-01
2023-07-01,165.2839,275.1228435791758,20626.6,12198.52688172043,143.83189541121354,4588.959961,1.3211249999999999,6062.589728476124,3585.4025275934073,177.49388301346082,2000,2000-01-01,2025-12-01
2023-08-01,165.2839,275.1228435791758,20292.6,11955.627599243857,140.9678885904406,4507.660156,1.3478391304347825,6075.600744958556,3579.512726235823,177.20231081059376,2000,2000-01-01,2025-12-01
2023-09-01,162.7144,270.84578969445573,19541.3,11527.517665615142,135.9200771788464,4288.049805,1.35309,5802.117310647449,3422.7001170065396,169.43936684450574,2000,2000-01-01,2025-12-01
2023-10-01,162.7144,270.84578969445573,18873.5,11126.55895334174,131.19240373703576,4193.799805,1.3712190476190476,5750.618174517047,3390.1815845986375,167.82955022208824,2000,2000-01-01,2025-12-01
2023-11-01,162.7144,270.84578969445573,20236.3,11914.949937027706,140.48826139330637,4567.799805,1.370665,6260.923319720325,3686.3748765355813,182.49247777452553,2000,2000-01-01,2025-12-01
2023-12-01,156.2966,260.1630590381581,20958.4,12379.092861655085,145.9609350397364,4769.830078,1.34162,6399.29942924636,3779.750452523908,187.11499740328003,2000,2000-01-01,2025-12-01
2024-01-01,156.2966,260.1630590381581,21021.9,12416.599178774479,146.40316914992724,4845.649902,1.3422714285714286,6504.177416314543,3841.6967051510405,190.18162125717203,2000,2000-01-01,2025-12-01
2024-02-01,156.2966,260.1630590381581,21363.6,12578.693954659946,148.31441622737555,5096.27002,1.349995,6879.9390456499,4050.845722722076,200.53545767342823,2000,2000-01-01,2025-12-01
2024-03-01,156.4211,260.37029515749947,22167.0,12970.05319148936,152.9289029900527,5254.350098,1.353557142857143,7112.063106220029,4161.313519596825,206.00412069364492,2000,2000-01-01,2025-12-01
2024-04-01,156.4211,260.37029515749947,21714.5,12642.003424657534,149.0608933352694,5035.689941,1.3673545454545455,6885.573530326082,4008.7243156008008,198.45025467309335,2000,2000-01-01,2025-12-01
2024-05-01,156.4211,260.37029515749947,22269.1,12892.636842105261,152.01609274864416,5277.509766,1.366659090909091,7212.55669906541,4175.690720511553,206.715858133885,2000,2000-01-01,2025-12-01
2024-06-01,156.3798,260.301549360481,21875.8,12672.783767038414,149.42382199288315,5460.47998,1.370536842105263,7483.78898816821,4335.404401448127,214.62241846613125,2000,2000-01-01,2025-12-01
2024-07-01,156.3798,260.301549360481,23110.8,13330.412091301665,157.17786715522354,5522.299805,1.3714272727272727,7573.432560753499,4368.389539978113,216.25533423343114,2000,2000-01-01,2025-12-01
2024-08-01,156.3798,260.301549360481,23346.2,13491.160074165637,159.07323429939083,5648.399902,1.3655,7712.890066180999,4457.078004869737,220.6458203478824,2000,2000-01-01,2025-12-01
2024-09-01,153.045,254.75061754699016,24000.4,13929.468653010555,164.24129715497463,5762.47998,1.3546200000000002,7805.970630507601,4530.467125713599,224.27891870413993,2000,2000-01-01,2025-12-01
2024-10-01,153.045,254.75061754699016,24156.9,13959.642459826946,164.59707419824014,5705.450195,1.375668181818182,7848.806296209842,4535.620449293079,224.53403187637298,2000,2000-01-01,2025-12-01
2024-11-01,153.045,254.75061754699016,25648.0,14821.310259579726,174.75693317588195,6032.379883,1.397278947368421,8428.917413044679,4870.851533496152,241.12950933924924,2000,2000-01-01,2025-12-01
2024-12-01,150.5615,250.6167147165942,24727.9,14342.795595533502,169.11480345159828,5881.629883,1.424704761904762,8379.586102071447,4860.36786937767,240.6105198427345,2000,2000-01-01,2025-12-01
2025-01-01,150.5615,250.6167147165942,25533.1,14800.650030998138,174.51333000434067,6040.529785,1.438861904761905,8691.48819221612,5038.153415822736,249.41172047205006,2000,2000-01-01,2025-12-01
2025-02-01,150.5615,250.6167147165942,25393.5,14566.210122699387,171.7490670160638,5954.5,1.429863157894737,8514.12017368421,4883.866479996771,241.7738089329012,2000,2000-01-01,2025-12-01
2025-03-01,150.6479,250.76053158977567,24917.5,14249.457186544341,168.0142574258568,5611.850098,1.4355761904761903,8056.238385210275,4607.084336496396,228.07182233011787,2000,2000-01-01,2025-12-01
2025-04-01,150.6479,250.76053158977567,24841.7,14214.803855569156,167.605662656603,5569.060059,1.3981409090909092,7786.330693672133,4455.458505865021,220.56564771324202,2000,2000-01-01,2025-12-01
2025-05-01,150.6479,250.76053158977567,26175.1,14895.750760803407,175.6346554197381,5911.689941,1.386695238095238,8197.712290280218,4665.161893738286,230.94692800415743,2000,2000-01-01,2025-12-01
2025-06-01,149.181,248.31880738526277,26857.1,15274.567214111921,180.10125118335972,6204.950195,1.36683,8481.11207503185,4823.503521991958,238.7855654305338,2000,2000-01-01,2025-12-01
2025-07-01,149.181,248.31880738526277,27259.8,15456.58762886598,182.2474399413517,6339.390137,1.3691090909090908,8679.316667386127,4921.26202789935,243.62506020903055,2000,2000-01-01,2025-12-01
2025-08-01,149.181,248.31880738526277,28564.5,16206.193871359223,191.08598968717763,6460.259766,1.3797190476190475,8913.343451717172,5057.024349123516,250.34591829275942,2000,2000-01-01,2025-12-01
2025-09-01,145.2817,241.82823870937673,30022.8,17023.23711340206,200.7196839254585,6688.459961,1.3834285714285715,9253.006608903428,5246.550139068954,259.728314866008,2000,2000-01-01,2025-12-01
2025-10-01,145.2817,241.82823870937673,30260.7,17116.60889292196,201.82062342056994,6840.200195,1.3987681818181819,9567.854390032524,5411.944255705026,267.9160828400052,2000,2000-01-01,2025-12-01
2025-11-01,145.2817,241.82823870937673,31382.8,17740.579201934703,209.17780950507247,6849.089844,1.4056166666666667,9627.1948362238,5442.217153488061,269.41473024046513,2000,2000-01-01,2025-12-01
2025-12-01,142.2693,236.81395689488718,31712.8,17970.586666666666,211.88980989101256,6845.5,1.379490909090909,9443.305018181818,5351.206176969697,264.90926913957884,2000,2000-01-01,2025-12-01
2005-01-01,77.3993,100.0,9204.1,9204.1,100.0,1181.27002,1.2248350000000001,1446.8608649467,1446.8608649467,100.0,2005,2005-01-01,2025-12-01
2005-02-01,77.3993,100.0,9668.3,9631.712298959317,104.64588932062142,1203.599976,1.2400526315789473,1492.5273176071578,1486.8791536805459,102.76586987065409,2005,2005-01-01,2025-12-01
2005-03-01,79.9412,103.28413822864032,9612.4,9521.972906867357,103.4536011871596,1180.589966,1.2160260869565216,1435.6281966551128,1422.1227573639076,98.29022208132614,2005,2005-01-01,2025-12-01
2005-04-01,79.9412,103.28413822864032,9369.3,9255.040243902438,100.55345165635356,1156.849976,1.2359,1429.7508853384,1412.314898931834,97.61235051332052,2005,2005-01-01,2025-12-01
2005-05-01,79.9412,103.28413822864032,9607.3,9481.243580131208,103.01108832076147,1191.5,1.2555285714285713,1495.9622928571428,1476.3339216294012,102.03703461727032,2005,2005-01-01,2025-12-01
2005-06-01,81.2524,104.97821039725166,9902.8,9754.582226379793,105.9808370876,1191.329956,1.2401681818181818,1477.4495054780546,1455.3361358918535,100.58576958921795,2005,2005-01-01,2025-12-01
2005-07-01,81.2524,104.97821039725166,10422.9,10247.725210084034,111.33869916758871,1234.180054,1.222855,1509.2232499341699,1483.8581532966207,102.55707298789116,2005,2005-01-01,2025-12-01
2005-08-01,81.2524,104.97821039725166,10668.9,10450.559720930232,113.54244000967213,1220.329956,1.2042826086956522,1469.6221428811305,1439.5461548407725,99.49444274268922,2005,2005-01-01,2025-12-01
2005-09-01,81.9448,105.87279213119498,11011.8,10696.886900369002,116.21871666288939,1228.810059,1.1776809523809524,1447.1462005784142,1405.7610232555996,97.15937843874059,2005,2005-01-01,2025-12-01
2005-10-01,81.9448,105.87279213119498,10383.3,10133.099999999999,110.09332797340315,1207.01001,1.177415,1421.15169092415,1386.9070718657367,95.85628483474311,2005,2005-01-01,2025-12-01
2005-11-01,81.9448,105.87279213119498,10824.1,10582.894428969359,114.9802199994498,1249.47998,1.181545,1476.3168229691003,1443.4183979447191,99.76207339037346,2005,2005-01-01,2025-12-01
2005-12-01,82.9798,107.21001352725412,11272.3,11031.349349442378,119.85255863628576,1248.290039,1.1614809523809524,1449.8651033453762,1418.8735630322315,98.06565354053586,2005,2005-01-01,2025-12-01
2006-01-01,82.9798,107.21001352725412,11945.6,11625.431423290203,126.3070960038483,1280.079956,1.157165,1481.26372228474,1441.5625689148162,99.63380749592125,2005,2005-01-01,2025-12-01
2006-02-01,82.9798,107.21001352725412,11688.3,11396.092499999999,123.81539205354133,1280.660034,1.1488947368421052,1471.3435727466315,1434.5599834279656,99.14982277724488,2005,2005-01-01,2025-12-01
2006-03-01,85.6578,110.66999313947284,12110.6,11742.598342541438,127.58008216492038,1294.869995,1.1573086956521739,1498.564304952587,1453.0278205479503,100.42623003708636,2005,2005-01-01,2025-12-01
2006-04-01,85.6578,110.66999313947284,12204.2,11768.335714285715,127.8597115881587,1310.609985,1.1441050000000001,1499.4754368884253,1445.9227427138385,99.93516154485967,2005,2005-01-01,2025-12-01
2006-05-01,85.6578,110.66999313947284,11744.5,11273.435278030993,122.48275527244373,1270.089966,1.109990909090909,1409.7883159875817,1353.2425676708508,93.52955771049223,2005,2005-01-01,2025-12-01
2006-06-01,88.764,114.68320772926887,11612.9,11167.473698630136,121.33151202866262,1270.199951,1.1137272727272727,1414.6563272455455,1360.3955366114697,94.02393620353982,2005,2005-01-01,2025-12-01
2006-07-01,88.764,114.68320772926887,11831.0,11366.827554744526,123.4974365200783,1276.660034,1.129445,1441.91729210113,1385.3457195095712,95.74837173860563,2005,2005-01-01,2025-12-01
2006-08-01,88.764,114.68320772926887,12073.8,11578.97213114754,125.80232864861898,1303.819946,1.118213043478261,1457.948469964322,1398.1964834903742,96.63655416803893,2005,2005-01-01,2025-12-01
2006-09-01,90.9982,117.56979714286821,11761.3,11341.25357142857,123.21958226690897,1335.849976,1.11612,1490.9688752131199,1437.7199868126513,99.36822687270724,2005,2005-01-01,2025-12-01
2006-10-01,90.9982,117.56979714286821,12344.6,11925.563119266057,129.56794384313574,1377.939941,1.1285380952380952,1555.0577163686335,1502.271353519423,103.82970401060396,2005,2005-01-01,2025-12-01
2006-11-01,90.9982,117.56979714286821,12752.4,12296.957142857142,133.60303715580167,1400.630005,1.1358809523809523,1590.948944012738,1534.1293388694257,106.0315733210422,2005,2005-01-01,2025-12-01
2006-12-01,91.8116,118.62071104002231,12908.4,12424.629981718463,134.99016722676268,1418.300049,1.153235,1635.6332570085149,1574.3343872303162,108.81035111059639,2005,2005-01-01,2025-12-01
2007-01-01,91.8116,118.62071104002231,13034.1,12545.619104204754,136.30468056849395,1438.23999,1.1762619047619047,1691.746910142143,1628.345060676121,112.54330669425539,2005,2005-01-01,2025-12-01
2007-02-01,91.8116,118.62071104002231,13045.0,12464.959165154265,135.42833264691023,1406.819946,1.1709894736842106,1647.3713481349896,1574.1216239438693,108.79564594497877,2005,2005-01-01,2025-12-01
2007-03-01,93.7553,121.13197406178094,13165.5,12478.192169216922,135.57210557487338,1420.859985,1.1681590909090909,1659.7905083867045,1573.1407788759675,108.7278546948548,2005,2005-01-01,2025-12-01
2007-04-01,93.7553,121.13197406178094,13416.7,12659.305645161292,137.53985338231104,1482.369995,1.1349857142857143,1682.4687676107858,1587.4906920198544,109.71965103765073,2005,2005-01-01,2025-12-01
2007-05-01,93.7553,121.13197406178094,14056.8,13204.112756467439,143.459031914771,1530.619995,1.0950863636363637,1676.1610844336592,1574.4849437186826,108.82075684427915,2005,2005-01-01,2025-12-01
2007-06-01,96.4194,124.57399485525062,13906.6,13086.371581769437,142.17980662714916,1503.349976,1.065104761904762,1601.2252182470097,1506.7829801734595,104.14152574573691,2005,2005-01-01,2025-12-01
2007-07-01,96.4194,124.57399485525062,13868.6,13038.960535714286,141.6646987289826,1455.27002,1.0501857142857143,1528.3037854322856,1436.8784696966043,99.31006529432507,2005,2005-01-01,2025-12-01
2007-08-01,96.4194,124.57399485525062,13660.5,12877.803491495075,139.91377203088922,1473.98999,1.0578521739130435,1559.2635152475652,1469.9234391725033,101.5939731859879,2005,2005-01-01,2025-12-01
2007-09-01,98.4359,127.17931557520548,14098.9,13267.32949061662,144.14586424111667,1526.75,1.026745,1567.58292875,1475.1249544001341,101.95347667064554,2005,2005-01-01,2025-12-01
2007-10-01,98.4359,127.17931557520548,14625.0,13799.395161290324,149.9266105462818,1549.380005,0.9754130434782609,1511.285466181413,1425.970964058269,98.55619144905128,2005,2005-01-01,2025-12-01
2007-11-01,98.4359,127.17931557520548,13689.1,12881.699999999999,139.95610651774751,1481.140015,0.9672380952380953,1432.615046889524,1348.1176446601148,93.17534790809185,2005,2005-01-01,2025-12-01
2007-12-01,98.7641,127.60335041789783,13833.1,13005.584196428572,141.3020740368811,1468.359985,1.00207,1471.39949016895,1383.3782706677719,95.61239122455173,2005,2005-01-01,2025-12-01
2008-01-01,98.7641,127.60335041789783,13155.1,12390.268604651163,134.61684037169482,1378.550049,1.0099428571428573,1392.2567752014859,1311.3116138525622,90.6314937131753,2005,2005-01-01,2025-12-01
2008-02-01,98.7641,127.60335041789783,13582.7,12747.400267379679,138.4969770795589,1330.630005,0.998555,1328.7072446427749,1246.9953017904118,86.18626241137216,2005,2005-01-01,2025-12-01
2008-03-01,99.9306,129.11046999133066,13350.1,12484.596181172292,135.64168339296933,1322.699951,1.0029428571428571,1326.5924679986572,1240.5878053308934,85.74340735773475,2005,2005-01-01,2025-12-01
2008-04-01,99.9306,129.11046999133066,13937.0,12930.097797356828,140.48193519580218,1385.589966,1.0137181818181817,1404.5977410790363,1303.1201950275113,90.06534260469586,2005,2005-01-01,2025-12-01
2008-05-01,99.9306,129.11046999133066,14714.7,13520.575130890054,146.89730805717076,1400.380005,0.9993047619047618,1399.4064074727141,1285.8420131490122,88.87115854062309,2005,2005-01-01,2025-12-01
2008-06-01,98.653,127.45980906804068,14467.0,13200.824090121316,143.42330146479628,1280.0,1.0166238095238096,1301.2784761904763,1187.3884189155733,82.06652399567906,2005,2005-01-01,2025-12-01
2008-07-01,98.653,127.45980906804068,13592.9,12360.38316062176,134.29214329072653,1267.380005,1.0129636363636363,1283.8098585193636,1167.4022288608721,80.68517555099379,2005,2005-01-01,2025-12-01
2008-08-01,98.653,127.45980906804068,13771.3,12544.27240484429,136.29004905253407,1282.829956,1.0534571428571429,1351.4063802193143,1230.995604127109,85.08044097055986,2005,2005-01-01,2025-12-01
2008-09-01,95.68,123.61868905791138,11752.9,10696.459550561796,116.21407362546906,1166.359985,1.0582047619047619,1234.2476902221667,1123.3040776179269,77.63732538714477,2005,2005-01-01,2025-12-01
2008-10-01,95.68,123.61868905791138,9762.8,8978.365414847161,97.54745618634261,968.75,1.1846954545454547,1147.6737215909093,1055.4588898124257,72.948195322935,2005,2005-01-01,2025-12-01
2008-11-01,95.68,123.61868905791138,9270.6,8555.601928133216,92.95424786924539,896.2399902,1.2170944444444443,1090.8087129613632,1006.67973247004,69.57681673884547,2005,2005-01-01,2025-12-01
2008-12-01,93.3232,120.5737002789431,8987.7,8353.08746690203,90.75398427768093,903.25,1.2336954545454546,1114.335419318182,1035.6533067449652,71.57932955655117,2005,2005-01-01,2025-12-01
2009-01-01,93.3232,120.5737002789431,8694.9,8102.415663716814,88.03050448948636,825.8800049,1.22482,1011.554347601618,942.6254230305342,65.14969378657283,2005,2005-01-01,2025-12-01
2009-02-01,93.3232,120.5737002789431,8123.0,7516.273286467486,81.6622297287892,735.0900269,1.2451999999999999,915.3341014958798,846.9655614017237,58.53814847863236,2005,2005-01-01,2025-12-01
2009-03-01,90.6825,117.16191231703648,8720.4,8054.895789473683,87.51421420316689,797.8699951,1.2645181818181819,1008.9211155311336,931.924504082705,64.4100982105861,2005,2005-01-01,2025-12-01
2009-04-01,90.6825,117.16191231703648,9324.8,8620.732572431956,93.66187429984414,872.8099976,1.224181818181818,1068.4781297892362,987.8028715259575,68.2721397376621,2005,2005-01-01,2025-12-01
2009-05-01,90.6825,117.16191231703648,10370.1,9520.240017436792,103.43477382293533,919.1400146,1.1527850000000002,1059.5708217306612,972.7358982409644,67.23078367848441,2005,2005-01-01,2025-12-01
2009-06-01,91.9593,118.81153963924737,10374.9,9491.54622067767,103.12302365986538,919.3200073,1.1263545454545456,1035.4802689496612,947.3160062588994,65.47388413147776,2005,2005-01-01,2025-12-01
2009-07-01,91.9593,118.81153963924737,10787.2,9903.157454228422,107.5950658318404,987.4799805,1.1228608695652174,1108.8026295824739,1017.9330156498212,70.35458904939834,2005,2005-01-01,2025-12-01
2009-08-01,91.9593,118.81153963924737,10868.2,9977.51926765475,108.40298636102116,1020.619995,1.0872380952380953,1109.6569393257143,1018.7173122144527,70.40879582101218,2005,2005-01-01,2025-12-01
2009-09-01,95.0574,122.81428901811775,11395.0,10461.146469049694,113.65746209895258,1057.079956,1.0816380952380953,1143.3779501222095,1049.6747876884801,72.54842625984969,2005,2005-01-01,2025-12-01
2009-10-01,95.0574,122.81428901811775,10910.8,10025.368586387434,108.92285597057219,1036.189941,1.0546761904761905,1092.8448595836287,1004.1584966331249,69.40256115574157,2005,2005-01-01,2025-12-01
2009-11-01,95.0574,122.81428901811775,11447.2,10463.45625,113.68255722993013,1095.630005,1.0593,1160.6008642964998,1060.8617275210192,73.32161324026825,2005,2005-01-01,2025-12-01
2009-12-01,97.6107,126.11315606213493,11746.1,10774.079529616723,117.05739322276727,1115.099976,1.053690909090909,1174.9707074386909,1077.7388109171964,74.48807532415347,2005,2005-01-01,2025-12-01
2010-01-01,97.6107,126.11315606213493,11094.3,10149.69409209383,110.27361819291217,1073.869995,1.0438105263157895,1120.9168046756843,1025.4781888127677,70.87607479455494,2005,2005-01-01,2025-12-01
2010-02-01,97.6107,126.11315606213493,11629.6,10593.398615916956,115.09434508444014,1104.48999,1.0572105263157894,1167.678443638421,1063.6378902692536,73.51348813408096,2005,2005-01-01,2025-12-01
2010-03-01,100.2438,129.5151248137903,12037.7,10965.136764705883,119.13317722217145,1169.430054,1.0229,1196.2100022365998,1089.6272771238232,75.30974840237754,2005,2005-01-01,2025-12-01
2010-04-01,100.2438,129.5151248137903,12210.7,11084.368189655172,120.42859366646572,1186.689941,1.005209090909091,1192.8715167835728,1082.839402735433,74.84060347263059,2005,2005-01-01,2025-12-01
2010-05-01,100.2438,129.5151248137903,11763.0,10650.420464316423,115.71387169105532,1089.410034,1.0402799999999999,1133.29147016952,1026.1013913056788,70.91914752587346,2005,2005-01-01,2025-12-01
2010-06-01,101.3371,130.92766988848737,11294.4,10234.942512908778,111.19981869937068,1030.709961,1.0376227272727272,1069.4880807599864,969.1660490880082,66.9840530328886,2005,2005-01-01,2025-12-01
2010-07-01,101.3371,130.92766988848737,11713.4,10560.111472602739,114.7326894818911,1101.599976,1.0422285714285715,1148.1189692722287,1035.0764337702542,71.53945889664965,2005,2005-01-01,2025-12-01
2010-08-01,101.3371,130.92766988848737,11913.9,10750.074293059124,116.79658296910208,1049.329956,1.0403954545454546,1091.718116540782,985.0721308632761,68.08340419792643,2005,2005-01-01,2025-12-01
2010-09-01,99.7146,128.8313976999792,12368.7,11141.35252352438,121.04771268808878,1141.199951,1.032957142857143,1178.8106408136716,1061.8371298347272,73.38902831364116,2005,2005-01-01,2025-12-01
2010-10-01,99.7146,128.8313976999792,12676.2,11369.70919931857,123.52874479111016,1183.26001,1.0179,1204.440364179,1080.302984225287,74.66529853684885,2005,2005-01-01,2025-12-01
2010-11-01,99.7146,128.8313976999792,12952.9,11608.00314893617,126.11774262487555,1180.550049,1.0129,1195.7791446320998,1071.6216504660435,74.06528688613886,2005,2005-01-01,2025-12-01
2010-12-01,98.7219,127.5488279609764,13443.2,12047.39540425532,130.8916179121839,1257.640015,1.0080619047619048,1267.7789890256904,1136.1457663353633,78.524880578425,2005,2005-01-01,2025-12-01
2011-01-01,98.7219,127.5488279609764,13552.0,12113.969439728353,131.61492638854807,1286.119995,0.9939450000000001,1278.332538430275,1142.6860466613578,78.97691300838746,2005,2005-01-01,2025-12-01
2011-02-01,98.7219,127.5488279609764,14136.5,12604.347586790855,136.94274928337214,1327.219971,0.9876368421052631,1310.811340937479,1168.7420338756692,80.77777637027481,2005,2005-01-01,2025-12-01
2011-03-01,100.5969,129.97133049006905,14116.1,12449.12336683417,135.25628107945556,1325.829956,0.9765608695652174,1294.753654726974,1141.855610073286,78.91951726231466,2005,2005-01-01,2025-12-01
2011-04-01,100.5969,129.97133049006905,13944.8,12256.990317195325,133.16880865261487,1363.609985,0.957952380952381,1306.2734318211906,1148.1685506742185,79.35583707397568,2005,2005-01-01,2025-12-01
2011-05-01,100.5969,129.97133049006905,13802.9,12051.785820895522,130.93931857428237,1345.199951,0.9680428571428572,1302.2112039944716,1137.0053049802475,78.58428771740486,2005,2005-01-01,2025-12-01
2011-06-01,102.5685,132.51864034946053,13300.9,11691.024791318865,127.01974979975081,1320.640015,0.9766454545454546,1289.7970677405908,1133.6864042828397,78.3549014109662,2005,2005-01-01,2025-12-01
2011-07-01,102.5685,132.51864034946053,12945.6,11359.764000000001,123.42069295205398,1292.280029,0.955315,1234.5344959041352,1083.3040201558786,74.87271557350373,2005,2005-01-01,2025-12-01
2011-08-01,102.5685,132.51864034946053,12768.7,11176.592768079801,121.43058819525865,1218.890015,0.9817086956521739,1196.5949267691087,1047.3935643290702,72.39075917418323,2005,2005-01-01,2025-12-01
2011-09-01,103.7585,134.05612195459133,11623.8,10149.13880597015,110.2675851628095,1131.420044,1.0025,1134.2485941099999,990.3513844094774,68.448280577826,2005,2005-01-01,2025-12-01
2011-10-01,103.7585,134.05612195459133,12252.1,10680.01763245033,116.0354367341764,1253.300049,1.0198,1278.1153899701999,1114.1187960584607,77.00248331061901,2005,2005-01-01,2025-12-01
2011-11-01,103.7585,134.05612195459133,12204.1,10629.37741935484,115.48524482953076,1246.959961,1.024755,1277.828454834555,1112.9473638881607,76.92151960507687,2005,2005-01-01,2025-12-01
2011-12-01,103.6796,133.9541830481671,11955.1,10473.145008319469,113.78782290848066,1257.599976,1.0235238095238095,1287.1835182925713,1127.624163695572,77.93590876736525,2005,2005-01-01,2025-12-01
2012-01-01,103.6796,133.9541830481671,12452.2,10863.43545981773,118.02822068227997,1312.410034,1.012985,1329.45167829149,1159.8281832982095,80.16169428571389,2005,2005-01-01,2025-12-01
2012-02-01,103.6796,133.9541830481671,12644.0,10985.257425742573,119.35178263754818,1365.680054,0.996745,1361.2347654242299,1182.6569372868928,81.73950695186298,2005,2005-01-01,2025-12-01
2012-03-01,105.5386,136.35601355567817,12392.2,10722.256861133936,116.49435426748877,1408.469971,0.9937727272727273,1399.699044362409,1211.0789595017393,83.70389916838019,2005,2005-01-01,2025-12-01
2012-04-01,105.5386,136.35601355567817,12292.7,10592.64574468085,115.08616534675689,1397.910034,0.9928238095238096,1387.8783653274381,1195.9377403353456,82.65741159426562,2005,2005-01-01,2025-12-01
2012-05-01,105.5386,136.35601355567817,11513.2,9929.074201474203,107.87664412027469,1310.329956,1.009731818181818,1323.0818488899815,1141.0361890918514,78.86288286150342,2005,2005-01-01,2025-12-01
2012-06-01,106.9303,138.15409183287187,11596.6,10042.121546052633,109.1048722422902,1362.160034,1.028,1400.300514952,1212.5957584247171,83.80873294747572,2005,2005-01-01,2025-12-01
2012-07-01,106.9303,138.15409183287187,11664.7,10109.406666666668,109.83590646197527,1379.319946,1.0142,1398.9062892332001,1212.3854506687735,83.79419749620747,2005,2005-01-01,2025-12-01
2012-08-01,106.9303,138.15409183287187,11949.3,10330.552463054186,112.23859435527848,1406.579956,0.9923826086956522,1395.8654860742956,1206.7704079115215,83.4061129959429,2005,2005-01-01,2025-12-01
2012-09-01,106.0767,137.05123948149404,12317.5,10631.415983606557,115.50739326611573,1440.670044,0.9783000000000001,1409.4075040452,1216.480411278357,84.07722129682249,2005,2005-01-01,2025-12-01
2012-10-01,106.0767,137.05123948149404,12422.9,10704.839361702127,116.30511795506489,1412.160034,0.9871545454545455,1394.0201964723456,1201.2301693006382,83.02319859518002,2005,2005-01-01,2025-12-01
2012-11-01,106.0767,137.05123948149404,12239.4,10572.67284659557,114.8691653349656,1416.180054,0.9969699999999999,1411.8890284363797,1219.621941709194,84.29434863138155,2005,2005-01-01,2025-12-01
2012-12-01,104.7044,135.278226030468,12433.5,10802.372524752474,117.36478878708915,1426.189941,0.9898199999999999,1411.67132740062,1226.4768215782613,84.76812465471188,2005,2005-01-01,2025-12-01
2013-01-01,104.7044,135.278226030468,12685.2,11011.966694146744,119.64197144910142,1498.109985,0.9920571428571427,1486.210711404857,1290.1730248221884,89.17049704497441,2005,2005-01-01,2025-12-01
2013-02-01,104.7044,135.278226030468,12821.8,11003.549633251832,119.55052241122794,1514.680054,1.0097842105263157,1529.5000025283473,1312.6026916563567,90.7207267441511,2005,2005-01-01,2025-12-01
2013-03-01,105.4775,136.27707227326346,12749.9,10924.03962571196,118.68666817735529,1569.189941,1.0244238095238094,1607.5155372256618,1377.3098947913927,95.19297453954776,2005,2005-01-01,2025-12-01
2013-04-01,105.4775,136.27707227326346,12456.5,10690.052567237164,116.14446352426815,1597.569946,1.0186727272727272,1627.4009339007634,1396.620361367159,96.52762025729461,2005,2005-01-01,2025-12-01
2013-05-01,105.4775,136.27707227326346,12650.4,10829.976585365854,117.66469926843313,1630.73999,1.0195590909090908,1662.6357817135,1423.3784375157036,98.37700859841408,2005,2005-01-01,2025-12-01
2013-06-01,107.0699,138.33445522117128,12129.1,10383.692926829268,112.81595079181308,1606.280029,1.0314,1656.7172219106,1418.3115729039528,98.02681151073922,2005,2005-01-01,2025-12-01
2013-07-01,107.0699,138.33445522117128,12486.6,10681.064012997564,116.0468053693198,1685.72998,1.0402136363636363,1753.519312423,1499.9641234617538,103.67023946818894,2005,2005-01-01,2025-12-01
2013-08-01,107.0699,138.33445522117128,12653.9,10824.172786352558,117.60164259789178,1632.969971,1.0407181818181819,1699.4615391828092,1453.7229900564566,100.47427677919876,2005,2005-01-01,2025-12-01
2013-09-01,107.4486,138.82373613198052,12787.2,10920.455474452554,118.64772736554963,1681.550049,1.034235,1739.117914927515,1485.2320879307974,102.65203268080036,2005,2005-01-01,2025-12-01
2013-10-01,107.4486,138.82373613198052,13361.3,11438.576341463415,124.2769672370293,1756.540039,1.0362818181818183,1820.270505324082,1558.3291399237871,107.70414610538197,2005,2005-01-01,2025-12-01
2013-11-01,107.4486,138.82373613198052,13395.4,11467.769268292683,124.59414031021699,1805.810059,1.0486421052631578,1893.648461975147,1621.147829642138,112.04586902016031,2005,2005-01-01,2025-12-01
2013-12-01,108.0217,139.56418210500613,13621.6,11689.930562347188,127.00786130471407,1848.359985,1.0639190476190477,1966.5053948983573,1687.6366591914996,116.641254185396,2005,2005-01-01,2025-12-01
2014-01-01,108.0217,139.56418210500613,13694.9,11714.646385052802,127.27639188027946,1782.589966,1.0940095238095238,1950.170399851295,1668.179878995462,115.29649598041448,2005,2005-01-01,2025-12-01
2014-02-01,108.0217,139.56418210500613,14209.6,12056.97727639001,130.99572230190904,1859.449951,1.1054421052631578,2055.514268464916,1744.122904668458,120.54530929155433,2005,2005-01-01,2025-12-01
2014-03-01,109.3543,141.28590310248285,14335.3,12095.409375,131.41327642029094,1872.339966,1.1106809523809524,2079.5723366178,1754.6391590212686,121.27214174708544,2005,2005-01-01,2025-12-01
2014-04-01,109.3543,141.28590310248285,14651.9,12323.043690095845,133.88646027418048,1883.949951,1.099209090909091,2070.8549129569365,1741.7014563447717,120.37795053700158,2005,2005-01-01,2025-12-01
2014-05-01,109.3543,141.28590310248285,14604.2,12224.342289348171,132.81409686279127,1923.569946,1.0893857142857142,2095.5096196017425,1754.0315019400912,121.23014343916938,2005,2005-01-01,2025-12-01
2014-06-01,110.5261,142.7998702830646,15146.0,12667.782366957903,137.6319506193751,1960.22998,1.0830380952380954,2123.0037437678097,1775.6337904587003,122.7231887652246,2005,2005-01-01,2025-12-01
2014-07-01,110.5261,142.7998702830646,15330.7,12842.66276849642,139.53197779789897,1930.670044,1.0739181818181818,2073.381663343309,1736.8901284809103,120.04541490897913,2005,2005-01-01,2025-12-01
2014-08-01,110.5261,142.7998702830646,15625.7,13089.786873508354,142.21691282698313,2003.369995,1.0926333333333333,2188.9488355368335,1833.7017691489941,126.73656559344045,2005,2005-01-01,2025-12-01
2014-09-01,111.0363,143.45904937124754,14960.5,12522.580683624801,136.05437450293672,1972.290039,1.101052380952381,2171.594643369614,1817.7179328046132,125.63184041000201,2005,2005-01-01,2025-12-01
2014-10-01,111.0363,143.45904937124754,14613.3,12222.24376489277,132.79129697518246,2018.050049,1.1211545454545453,2262.545985391118,1892.3438622850256,130.78962242542488,2005,2005-01-01,2025-12-01
2014-11-01,111.0363,143.45904937124754,14744.7,12381.315071770336,134.51956271412018,2067.560059,1.132538888888889,2341.592171930906,1966.2651970041816,135.8987062710149,2005,2005-01-01,2025-12-01
2014-12-01,111.8501,144.5104800689412,14632.4,12375.837108433734,134.4600461580571,2058.899902,1.1531619047619048,2374.244932704419,2008.0963165765086,138.78987020984104,2005,2005-01-01,2025-12-01
2015-01-01,111.8501,144.5104800689412,14673.5,12430.56757843926,135.05467757237818,1994.98999,1.21219,2418.3069159781003,2048.654209593676,141.59303490934803,2005,2005-01-01,2025-12-01
2015-02-01,111.8501,144.5104800689412,15234.3,12792.43851674641,138.98630519818786,2104.5,1.2499052631578949,2630.42562631579,2208.8023799924454,152.66169909667258,2005,2005-01-01,2025-12-01
2015-03-01,114.857,148.39539892479647,14902.4,12424.566270783847,134.98947502508497,2067.889893,1.2618318181818182,2609.3292634839954,2175.4740415270367,150.3582061159127,2005,2005-01-01,2025-12-01
2015-04-01,114.857,148.39539892479647,15224.5,12703.168383518225,138.01640989904743,2085.51001,1.233681818181818,2572.8557809731815,2146.7647681178764,148.37396049114645,2005,2005-01-01,2025-12-01
2015-05-01,114.857,148.39539892479647,15014.1,12458.508510638296,135.35824807029798,2107.389893,1.21764,2566.0422293125202,2129.2690838976227,147.1647437209563,2005,2005-01-01,2025-12-01
2015-06-01,117.4469,151.74155321818156,14553.3,12047.66108490566,130.89450445894394,2063.110107,1.2364954545454545,2551.0262695322863,2111.8165580326236,145.958509846793,2005,2005-01-01,2025-12-01
2015-07-01,117.4469,151.74155321818156,14468.4,11967.969520816967,130.02867766339966,2103.840088,1.2863136363636363,2706.1981939228726,2238.512724431096,154.71513389185208,2005,2005-01-01,2025-12-01
2015-08-01,117.4469,151.74155321818156,13859.1,11463.96881382561,124.55284942390466,1972.180054,1.3147238095238096,2592.8720736617524,2144.7716367367047,148.23620492463277,2005,2005-01-01,2025-12-01
2015-09-01,119.1831,153.9847259600539,13307.0,11024.60346184107,119.77926643388348,1920.030029,1.3265809523809524,2547.0752644708477,2110.204762775612,145.84711038219618,2005,2005-01-01,2025-12-01
2015-10-01,119.1831,153.9847259600539,13529.2,11199.880188679246,121.68359957713677,2079.360107,1.3072238095238096,2718.189040444376,2250.1989462169245,155.52282881739416,2005,2005-01-01,2025-12-01
2015-11-01,119.1831,153.9847259600539,13469.8,11159.48025177026,121.24466544007844,2080.409912,1.3278526315789474,2762.4777764121263,2288.6617612604005,158.18119189675582,2005,2005-01-01,2025-12-01
2015-12-01,120.847,156.13448700440443,13010.0,10829.667984189724,117.66134640203522,2043.939941,1.3712545454545455,2802.7619347323457,2333.0500531803636,161.249095175873,2005,2005-01-01,2025-12-01
2016-01-01,120.847,156.13448700440443,12822.1,10648.005757097792,115.68763656520235,1940.23999,1.4208105263157895,2756.7134013708423,2289.2895990879315,158.22458499990358,2005,2005-01-01,2025-12-01
2016-02-01,120.847,156.13448700440443,12860.4,10654.603619197482,115.7593205114838,1932.22998,1.37969,2665.8783811062003,2208.6309483122177,152.64985057105542,2005,2005-01-01,2025-12-01
2016-03-01,126.8984,163.95290396683174,13494.4,11109.932134480063,120.70633885420696,2059.73999,1.3226391304347827,2724.292709295348,2242.908696550431,155.01896214692738,2005,2005-01-01,2025-12-01
2016-04-01,126.8984,163.95290396683174,13951.5,11450.451675759936,124.40598945861015,2065.300049,1.2818142857142856,2647.331107094614,2172.751095690279,150.1700093167092,2005,2005-01-01,2025-12-01
2016-05-01,126.8984,163.95290396683174,14065.8,11499.446739130433,124.9383072666576,2096.949951,1.2945285714285715,2714.561624425243,2219.2805827016928,153.3859016073012,2005,2005-01-01,2025-12-01
2016-06-01,133.3705,172.31486589672,14064.5,11471.664213787762,124.63645781540575,2098.860107,1.2894045454545455,2706.279762239014,2207.3683885652063,152.56258856973938,2005,2005-01-01,2025-12-01
2016-07-01,133.3705,172.31486589672,14582.7,11912.78750969744,129.4291403798029,2173.600098,1.3052350000000001,2837.05892391303,2317.628430473561,160.1832274701091,2005,2005-01-01,2025-12-01
2016-08-01,133.3705,172.31486589672,14598.0,11943.818181818184,129.76628004713316,2170.949951,1.299782608695652,2821.762990658478,2308.7151741751186,159.5671864592293,2005,2005-01-01,2025-12-01
2016-09-01,137.1935,177.25418705337128,14725.9,12039.109239130434,130.8015910206368,2168.27002,1.3107761904761905,2842.1167167393332,2323.562812675868,160.59338316275932,2005,2005-01-01,2025-12-01
2016-10-01,137.1935,177.25418705337128,14787.3,12061.21371030209,131.04174998426885,2126.149902,1.325095,2817.35060439069,2297.9629639220734,158.82404587719128,2005,2005-01-01,2025-12-01
2016-11-01,137.1935,177.25418705337128,15082.9,12350.150622083982,134.18096959055183,2198.810059,1.3434149999999998,2953.9144154114842,2418.7184132412854,167.17007639365426,2005,2005-01-01,2025-12-01
2016-12-01,138.2738,178.6499361105333,15287.6,12537.260747663551,136.2138693371818,2238.830078,1.3339190476190477,2986.4180854266383,2449.1419345438085,169.27280251194233,2005,2005-01-01,2025-12-01
2017-01-01,138.2738,178.6499361105333,15386.0,12510.778378378378,135.92614572178024,2278.870117,1.3183052631578946,3004.246469294347,2442.835159974477,168.83690886645599,2005,2005-01-01,2025-12-01
2017-02-01,138.2738,178.6499361105333,15399.2,12502.203238242098,135.83297919668516,2363.639893,1.3109157894736843,3098.5328563635894,2515.616883385397,173.86722831003297,2005,2005-01-01,2025-12-01
2017-03-01,146.4193,189.17393309758614,15547.8,12603.412933025402,136.9325945288013,2362.719971,1.3387,3162.9732251777,2563.9806051671426,177.20989400467303,2005,2005-01-01,2025-12-01
2017-04-01,146.4193,189.17393309758614,15586.1,12586.014800613495,136.74356863369036,2384.199951,1.343705,3203.661395158455,2587.005712501421,178.80127766098104,2005,2005-01-01,2025-12-01
2017-05-01,146.4193,189.17393309758614,15349.9,12385.781379310343,134.56808790984823,2411.800049,1.3605727272727273,3281.4293703044273,2647.7740436249514,183.00128974201616,2005,2005-01-01,2025-12-01
2017-06-01,153.8374,198.75812830348596,15182.2,12259.859355828221,133.19997996358384,2423.409912,1.3294863636363636,3221.8904315052,2601.7259389378646,179.8186682610776,2005,2005-01-01,2025-12-01
2017-07-01,153.8374,198.75812830348596,15143.9,12228.931518404906,132.86395756678985,2470.300049,1.26904,3134.9095741829597,2531.4875625879267,174.96413262108535,2005,2005-01-01,2025-12-01
2017-08-01,153.8374,198.75812830348596,15211.9,12274.429655172413,133.35828223479115,2471.649902,1.2607695652173911,3116.1809723141478,2514.435681108657,173.78558934215727,2005,2005-01-01,2025-12-01
2017-09-01,155.6623,201.1159015650012,15634.9,12586.811697247706,136.75222669514352,2519.360107,1.227875,3093.459291382625,2490.3766313653696,172.12274460523963,2005,2005-01-01,2025-12-01
2017-10-01,155.6623,201.1159015650012,16025.6,12891.487242169595,140.06244219608212,2575.26001,1.2606904761904763,3246.6057683211907,2611.669880857306,180.5059452591881,2005,2005-01-01,2025-12-01
2017-11-01,155.6623,201.1159015650012,16067.5,12885.816831683167,140.0008347549806,2647.580078,1.277335,3381.84669893213,2712.174085282203,187.45230802701371,2005,2005-01-01,2025-12-01
2017-12-01,154.6915,199.8616266555382,16209.1,13049.069036697247,141.77452479544166,2673.610107,1.27687,3413.85253732509,2748.3078912869414,189.94970130650293,2005,2005-01-01,2025-12-01
2018-01-01,154.6915,199.8616266555382,15951.7,12754.09271070615,138.56968862470148,2823.810059,1.242904761904762,3509.726969045667,2806.1826107859433,193.9497209974864,2005,2005-01-01,2025-12-01
2018-02-01,154.6915,199.8616266555382,15442.7,12272.575924528302,133.33814196421488,2713.830078,1.258821052631579,3416.2264354512004,2714.933159645369,187.6430018545966,2005,2005-01-01,2025-12-01
2018-03-01,154.147,199.15813192108973,15367.3,12175.896839729117,132.2877504560915,2640.870117,1.2932545454545454,3415.317282765327,2706.041458805033,187.02845065235206,2005,2005-01-01,2025-12-01
2018-04-01,154.147,199.15813192108973,15607.9,12329.421380345086,133.95575211422178,2648.050049,1.2731619047619047,3371.396444289695,2663.22614841489,184.06926422140793,2005,2005-01-01,2025-12-01
2018-05-01,154.147,199.15813192108973,16061.5,12678.230509745126,137.74546680006873,2705.27002,1.2866272727272727,3480.6741878234543,2747.48869548583,189.8930824690626,2005,2005-01-01,2025-12-01
2018-06-01,154.8542,200.07183527499603,16277.7,12829.654266467067,139.39064402241465,2718.370117,1.312452380952381,3567.731332366452,2811.991836064277,194.3512264510566,2005,2005-01-01,2025-12-01
2018-07-01,154.8542,200.07183527499603,16434.0,12885.33283693224,139.99557628591867,2816.290039,1.3133428571428571,3698.7544063632286,2900.0658152646906,200.43847238701312,2005,2005-01-01,2025-12-01
2018-08-01,154.8542,200.07183527499603,16262.9,12760.68084947839,138.64126692972033,2901.52002,1.3042478260869566,3784.3011784327828,2969.3510736883163,205.227133142322,2005,2005-01-01,2025-12-01
2018-09-01,154.4196,199.5103314887861,16073.1,12658.91869857891,137.53564931475003,2913.97998,1.3034000000000001,3798.0815059320003,2991.3087701917702,206.74474254315842,2005,2005-01-01,2025-12-01
2018-10-01,154.4196,199.5103314887861,15027.3,11799.960402684563,128.20330507800395,2711.73999,1.300440909090909,3526.4576178137727,2769.097592511486,191.3865845430476,2005,2005-01-01,2025-12-01
2018-11-01,154.4196,199.5103314887861,15197.8,11987.47820224719,130.24063408966862,2760.169922,1.32048,3644.7491786025603,2874.8471049202217,198.69547753827223,2005,2005-01-01,2025-12-01
2018-12-01,154.286,199.3377201085798,14322.9,11305.857346326837,122.8350120742586,2506.850098,1.343611111111111,3368.2316455627774,2658.7315762950557,183.75862121289728,2005,2005-01-01,2025-12-01
2019-01-01,154.286,199.3377201085798,15540.6,12248.69146706587,133.07864394200269,2704.100098,1.330045,3596.5748148444095,2834.725509005362,195.92246757671396,2005,2005-01-01,2025-12-01
2019-02-01,154.286,199.3377201085798,15999.0,12525.611152416357,136.08729970791666,2784.48999,1.3208722222222222,3677.9554808468333,2879.4699786852902,199.0149881337322,2005,2005-01-01,2025-12-01
2019-03-01,152.5901,197.14661502106608,16102.1,12522.534194977843,136.05386941664958,2834.399902,1.3370523809523809,3789.7411375402953,2947.265448914277,203.70068196037977,2005,2005-01-01,2025-12-01
2019-04-01,152.5901,197.14661502106608,16580.7,12837.85080882353,139.47969718737878,2945.830078,1.3378136363636364,3940.9716487585547,3051.3552545167336,210.89486407728225,2005,2005-01-01,2025-12-01
2019-05-01,152.5901,197.14661502106608,16037.5,12362.728770131771,134.3176276890926,2752.060059,1.3459772727272727,3704.2102925944773,2855.4417555651426,197.3542739833752,2005,2005-01-01,2025-12-01
2019-06-01,151.8894,196.2413096759273,16382.2,12656.241085840058,137.506557793158,2941.76001,1.32887,3909.2166244887,3020.106460445048,208.73509911101945,2005,2005-01-01,2025-12-01
2019-07-01,151.8894,196.2413096759273,16406.6,12610.328321167883,137.00772830768767,2980.379883,1.3105227272727271,3905.8555725779315,3002.0919108938406,207.49002088769834,2005,2005-01-01,2025-12-01
2019-08-01,151.8894,196.2413096759273,16442.1,12656.090131578945,137.50491771687555,2926.459961,1.3273136363636364,3884.3302125074956,2989.912071469585,206.64820950698174,2005,2005-01-01,2025-12-01
2019-09-01,151.7732,196.091179119191,16658.6,12879.225991189427,139.92922709650512,2976.73999,1.3240500000000002,3941.3525837595007,3047.16906806076,210.60553518897015,2005,2005-01-01,2025-12-01
2019-10-01,151.7732,196.091179119191,16483.2,12706.302781844803,138.05046426967115,3037.560059,1.3189227272727273,4006.3069972709864,3088.317180180343,213.44949296794417,2005,2005-01-01,2025-12-01
2019-11-01,151.7732,196.091179119191,17040.2,13154.934457478004,142.9247233024196,3140.97998,1.323657894736842,4157.582947737368,3209.629651002528,221.83402210694015,2005,2005-01-01,2025-12-01
2019-12-01,153.6002,198.4516655835389,17063.4,13172.844721407626,143.119313364779,3230.780029,1.3168952380952381,4254.598835523296,3284.5253473651246,227.01044909982556,2005,2005-01-01,2025-12-01
2020-01-01,153.6002,198.4516655835389,17318.5,13330.687499999998,144.83423148379524,3225.52002,1.3089095238095239,4221.913873416286,3249.7626525638516,224.60782037141956,2005,2005-01-01,2025-12-01
2020-02-01,153.6002,198.4516655835389,16263.1,12463.64213973799,135.41402353014408,2954.219971,1.3286368421052632,3925.0854931537424,3008.089537329615,207.90454771478167,2005,2005-01-01,2025-12-01
2020-03-01,156.2749,201.90738159130638,13378.8,10313.23308931186,112.05042415132233,2584.590088,1.3960227272727272,3608.146503531818,2781.389654625918,192.23615221138627,2005,2005-01-01,2025-12-01
2020-04-01,156.2749,201.90738159130638,14780.7,11469.474649963155,124.61266881023843,2912.429932,1.4047954545454546,4091.3683301557276,3174.805343886501,219.4271350344012,2005,2005-01-01,2025-12-01
2020-05-01,156.2749,201.90738159130638,15192.8,11754.605731080088,127.71053911930647,3044.310059,1.3972,4253.5100144348,3290.922884055727,227.45261578257973,2005,2005-01-01,2025-12-01
2020-06-01,160.4669,207.32345124568315,15515.2,11907.802915451897,129.37498414241367,3100.290039,1.3551772727272728,4201.44259971555,3224.5765725222122,222.86708077082454,2005,2005-01-01,2025-12-01
2020-07-01,160.4669,207.32345124568315,16169.2,12409.743148688049,134.82842590462997,3271.120117,1.3496954545454545,4415.015953187095,3388.4925646545275,234.1961585075669,2005,2005-01-01,2025-12-01
2020-08-01,160.4669,207.32345124568315,16514.4,12693.184817518248,137.90794121661267,3500.310059,1.322890476190476,4630.526840764824,3559.0837688506276,245.98659450103645,2005,2005-01-01,2025-12-01
2020-09-01,161.8262,209.0796686791741,16121.4,12400.171073776479,134.72442795902347,3363.0,1.3229761904761905,4449.168928571428,3422.18764191798,236.52499869391707,2005,2005-01-01,2025-12-01
2020-10-01,161.8262,209.0796686791741,15580.6,11931.906763636363,129.63686578412188,3269.959961,1.3217714285714286,4322.139649022343,3309.9731275785653,228.76927614601695,2005,2005-01-01,2025-12-01
2020-11-01,161.8262,209.0796686791741,17190.3,13145.523529411765,142.82247617270306,3621.629883,1.307261111111111,4734.415904883783,3620.435691969952,250.22694162809654,2005,2005-01-01,2025-12-01
2020-12-01,165.1458,213.3685963568146,17433.4,13360.531441048035,145.15847764635365,3756.070068,1.2809190476190477,4811.221694292972,3687.2026521764915,254.84154983432506,2005,2005-01-01,2025-12-01
2021-01-01,165.1458,213.3685963568146,17337.0,13209.740231548481,143.52017287457198,3714.23999,1.272461111111111,4726.225944608722,3601.096902802449,248.89033839028522,2005,2005-01-01,2025-12-01
2021-02-01,165.1458,213.3685963568146,18060.3,13691.50172786177,148.75437824297617,3811.149902,1.2696473684210527,4838.816443732453,3668.303610691341,253.53533982180622,2005,2005-01-01,2025-12-01
2021-03-01,167.5337,216.45376637773214,18700.7,14105.900501432667,153.25670626604085,3972.889893,1.256895652173913,4993.508033077383,3766.593093718112,260.3286317967324,2005,2005-01-01,2025-12-01
2021-04-01,167.5337,216.45376637773214,19108.3,14341.43970064148,155.81577449877207,4181.169922,1.2494454545454545,5224.143753725073,3920.9004794529587,270.9936092989424,2005,2005-01-01,2025-12-01
2021-05-01,167.5337,216.45376637773214,19731.0,14735.278723404253,160.09472651757645,4204.109863,1.21248,5097.399126690239,3806.781049932498,263.1062282600845,2005,2005-01-01,2025-12-01
2021-06-01,176.1755,227.61898363421892,20165.6,15017.239603960395,163.15815347465147,4297.5,1.2220409090909092,5251.720806818183,3910.9349431255628,270.30483980017215,2005,2005-01-01,2025-12-01
2021-07-01,176.1755,227.61898363421892,20287.8,15012.686858749119,163.10868915753977,4395.259766,1.2530428571428571,5507.448855073686,4075.4347465865008,281.67426774216005,2005,2005-01-01,2025-12-01
2021-08-01,176.1755,227.61898363421892,20582.9,15199.013814866763,165.13307998464558,4522.680176,1.2598954545454546,5698.104196105236,4207.646366408705,290.81209315615206,2005,2005-01-01,2025-12-01
2021-09-01,177.8443,229.77507548517883,20070.3,14789.381315605317,160.6825362132671,4307.540039,1.2671095238095238,5458.125007607749,4021.9773499027006,277.97955196271505,2005,2005-01-01,2025-12-01
2021-10-01,177.8443,229.77507548517883,21037.1,15394.069701181374,167.2523082233067,4605.379883,1.24336,5726.14513132688,4190.153456071719,289.6030681033091,2005,2005-01-01,2025-12-01
2021-11-01,177.8443,229.77507548517883,20660.0,15086.671289875176,163.91250953243855,4567.0,1.2566950000000001,5739.326065,4191.061266605409,289.6658115609341,2005,2005-01-01,2025-12-01
2021-12-01,179.6678,232.13103994480574,21222.8,15519.1725,168.61151552025729,4766.180176,1.2800380952380952,6100.892194048609,4461.277416898045,308.3418402544457,2005,2005-01-01,2025-12-01
2022-01-01,179.6678,232.13103994480574,21098.3,15290.096283551271,166.1226658070998,4515.549805,1.262235,5699.685008114175,4130.604482824656,285.48733211999763,2005,2005-01-01,2025-12-01
2022-02-01,179.6678,232.13103994480574,21126.4,15154.018528610355,164.6442186483236,4373.939941,1.2711,5559.715059005099,3987.997246002976,275.6310121187698,2005,2005-01-01,2025-12-01
2022-03-01,198.607,256.6005118909344,21890.2,15480.443653458697,168.19073731770294,4530.410156,1.2660347826086957,5735.656836979687,4056.1763931092078,280.3432238288255,2005,2005-01-01,2025-12-01
2022-04-01,198.607,256.6005118909344,20762.0,14594.383177570091,158.56393539368423,4131.930176,1.2628190476190477,5217.880129684724,3667.8423074486077,253.50345678080976,2005,2005-01-01,2025-12-01
2022-05-01,198.607,256.6005118909344,20729.3,14369.949242922976,156.12552278792035,4132.149902,1.2859142857142858,5313.590589694686,3683.4831408482582,254.58447526562628,2005,2005-01-01,2025-12-01
2022-06-01,187.6682,242.4675675361405,18861.4,12989.571092217137,141.12809608997225,3785.379883,1.2804238095238094,4846.890530285652,3337.982817783382,230.70516997543837,2005,2005-01-01,2025-12-01
2022-07-01,187.6682,242.4675675361405,19692.9,13544.496211626389,147.15720398112134,4130.290039,1.293625,5343.046451701376,3674.8712695241993,253.98926452126932,2005,2005-01-01,2025-12-01
2022-08-01,187.6682,242.4675675361405,19330.8,13339.012057667103,144.9246754996915,3955.0,1.2917478260869566,5108.862652173913,3525.3161027124056,243.65273732400473,2005,2005-01-01,2025-12-01
2022-09-01,169.2519,218.67368309532517,18444.2,12718.888408644401,138.18720362278117,3585.620117,1.333852380952381,4782.687930251205,3298.0814607429725,227.94738185585445,2005,2005-01-01,2025-12-01
2022-10-01,169.2519,218.67368309532517,19426.1,13300.184200260075,144.50282157147439,3871.97998,1.368935,5300.4889139213,3629.0083396353243,250.81944142355462,2005,2005-01-01,2025-12-01
2022-11-01,169.2519,218.67368309532517,20453.3,13985.27590909091,151.94615344347528,4080.110107,1.34571,5490.6449720909695,3754.3176335141497,259.48021157186065,2005,2005-01-01,2025-12-01
2022-12-01,160.5654,207.45071337854478,19384.9,13332.658197256696,144.8556425642561,3839.5,1.358542857142857,5216.1253,3587.5767086218157,247.955888194818,2005,2005-01-01,2025-12-01
2023-01-01,160.5654,207.45071337854478,20767.4,14209.273684210528,154.3798272966453,4076.600098,1.34222,5471.69418353756,3743.7907571572778,258.75264497496744,2005,2005-01-01,2025-12-01
2023-02-01,160.5654,207.45071337854478,20221.2,13781.827572815535,149.7357435579311,3970.149902,1.345442105263158,5341.606842357201,3640.590294499762,251.6199299255962,2005,2005-01-01,2025-12-01
2023-03-01,159.7024,206.33571621448775,20099.9,13628.586413393432,148.07082075806903,4109.310059,1.3682739130434782,5622.661754336857,3812.403623513657,263.49483325434335,2005,2005-01-01,2025-12-01
2023-04-01,159.7024,206.33571621448775,20636.5,13894.011828644501,150.95459445947458,4169.47998,1.3484450000000001,5622.314431631101,3785.356199813011,261.6254466149001,2005,2005-01-01,2025-12-01
2023-05-01,159.7024,206.33571621448775,19572.2,13127.087006369426,142.6221684506842,4179.830078,1.3517181818181818,5649.952313343109,3789.426615254964,261.90677397266944,2005,2005-01-01,2025-12-01
2023-06-01,165.2839,213.54702174309068,20155.3,13500.973854961832,146.68434561729916,4450.379883,1.3286047619047618,5912.795904838957,3960.6705393100647,273.7423227945259,2005,2005-01-01,2025-12-01
2023-07-01,165.2839,213.54702174309068,20626.6,13738.020113851991,149.2597876365097,4588.959961,1.3211249999999999,6062.589728476124,4037.8918305410243,279.07948361639967,2005,2005-01-01,2025-12-01
2023-08-01,165.2839,213.54702174309068,20292.6,13464.466162570889,146.28769964006136,4507.660156,1.3478391304347825,6075.600744958556,4031.2587173543543,278.621035029713,2005,2005-01-01,2025-12-01
2023-09-01,162.7144,210.22722427722215,19541.3,12982.32738170347,141.04939517935995,4288.049805,1.35309,5802.117310647449,3854.655853698274,266.4151023146426,2005,2005-01-01,2025-12-01
2023-10-01,162.7144,210.22722427722215,18873.5,12530.766393442624,136.14330997536555,4193.799805,1.3712190476190476,5750.618174517047,3818.0333781629574,263.88393456917555,2005,2005-01-01,2025-12-01
2023-11-01,162.7144,210.22722427722215,20236.3,13418.654848866498,145.78997239128753,4567.799805,1.370665,6260.923319720325,4151.607213895151,286.938938945459,2005,2005-01-01,2025-12-01
2023-12-01,156.2966,201.93541802057644,20958.4,13941.374099810486,151.46917243196495,4769.830078,1.34162,6399.29942924636,4256.767087173984,294.20707894610143,2005,2005-01-01,2025-12-01
2024-01-01,156.2966,201.93541802057644,21021.9,13983.613834491473,151.9280954627989,4845.649902,1.3422714285714286,6504.177416314543,4326.5311556406905,299.0288327274698,2005,2005-01-01,2025-12-01
2024-02-01,156.2966,201.93541802057644,21363.6,14166.165491183876,153.91146870616222,5096.27002,1.349995,6879.9390456499,4562.075450295557,315.3085110546283,2005,2005-01-01,2025-12-01
2024-03-01,156.4211,202.09627218850818,22167.0,14606.915519399246,158.70009582033273,5254.350098,1.353557142857143,7112.063106220029,4686.484637578028,323.9070702040635,2005,2005-01-01,2025-12-01
2024-04-01,156.4211,202.09627218850818,21714.5,14237.464819427147,154.6861161811274,5035.689941,1.3673545454545455,6885.573530326082,4514.6381864466775,312.0298776353308,2005,2005-01-01,2025-12-01
2024-05-01,156.4211,202.09627218850818,22269.1,14519.72897832817,157.75283817351146,5277.509766,1.366659090909091,7212.55669906541,4702.676287378252,325.0261584448544,2005,2005-01-01,2025-12-01
2024-06-01,156.3798,202.04291253280067,21875.8,14272.12973977695,155.06274094997826,5460.47998,1.370536842105263,7483.78898816821,4882.546347299334,337.4579039069661,2005,2005-01-01,2025-12-01
2024-07-01,156.3798,202.04291253280067,23110.8,15012.75286859963,163.1094063363026,5522.299805,1.3714272727272727,7573.432560753499,4919.694316146474,340.02539119943003,2005,2005-01-01,2025-12-01
2024-08-01,156.3798,202.04291253280067,23346.2,15193.787762669963,165.07630037342014,5648.399902,1.3655,7712.890066180999,5019.57554986934,346.92869725619767,2005,2005-01-01,2025-12-01
2024-09-01,153.045,197.73434643465765,24000.4,15687.412290502796,170.4393942971371,5762.47998,1.3546200000000002,7805.970630507601,5102.226613236811,352.6411375723241,2005,2005-01-01,2025-12-01
2024-10-01,153.045,197.73434643465765,24156.9,15721.39412855377,170.8085975657997,5705.450195,1.375668181818182,7848.806296209842,5108.030302786751,353.04226042321784,2005,2005-01-01,2025-12-01
2024-11-01,153.045,197.73434643465765,25648.0,16691.80716934487,181.3518667696447,6032.379883,1.397278947368421,8428.917413044679,5485.568625424009,379.1358767331155,2005,2005-01-01,2025-12-01
2024-12-01,150.5615,194.52566108479016,24727.9,16152.902419354841,175.49681575987702,5881.629883,1.424704761904762,8379.586102071447,5473.761889256349,378.3198524384715,2005,2005-01-01,2025-12-01
2025-01-01,150.5615,194.52566108479016,25533.1,16668.539553626782,181.0990705623231,6040.529785,1.438861904761905,8691.48819221612,5673.98454209769,392.158270332836,2005,2005-01-01,2025-12-01
2025-02-01,150.5615,194.52566108479016,25393.5,16404.512576687117,178.23049050626477,5954.5,1.429863157894737,8514.12017368421,5500.2260999321925,380.1489302245252,2005,2005-01-01,2025-12-01
2025-03-01,150.6479,194.63729000133077,24917.5,16047.784403669724,174.3547376024785,5611.850098,1.4355761904761903,8056.238385210275,5188.51316185102,358.60484498225446,2005,2005-01-01,2025-12-01
2025-04-01,150.6479,194.63729000133077,24841.7,16008.75771113831,173.93072338564673,5569.060059,1.3981409090909092,7786.330693672133,5017.751664893975,346.80263917974037,2005,2005-01-01,2025-12-01
2025-05-01,150.6479,194.63729000133077,26175.1,16775.642300669504,182.262712276806,5911.689941,1.386695238095238,8197.712290280218,5253.920293161941,363.1254684157545,2005,2005-01-01,2025-12-01
2025-06-01,149.181,192.7420532227036,26857.1,17202.266605839413,186.89786731825396,6204.950195,1.36683,8481.11207503185,5432.245142949232,375.45041645378575,2005,2005-01-01,2025-12-01
2025-07-01,149.181,192.7420532227036,27259.8,17407.258580958158,189.12504841275256,6339.390137,1.3691090909090908,8679.316667386127,5542.341085965792,383.0597136352819,2005,2005-01-01,2025-12-01
2025-08-01,149.181,192.7420532227036,28564.5,18251.467536407767,198.2971451462692,6460.259766,1.3797190476190475,8913.343451717172,5695.237047729479,393.6271403635817,2005,2005-01-01,2025-12-01
2025-09-01,145.2817,187.70415236313508,30022.8,19171.624257125528,208.2943933369425,6688.459961,1.3834285714285715,9253.006608903428,5908.6816004701695,408.3793918005955,2005,2005-01-01,2025-12-01
2025-10-01,145.2817,187.70415236313508,30260.7,19276.779854809436,209.43687981236008,6840.200195,1.3987681818181819,9567.854390032524,6094.948985302024,421.2532893082675,2005,2005-01-01,2025-12-01
2025-11-01,145.2817,187.70415236313508,31382.8,19979.49721886336,217.07170955186666,6849.089844,1.4056166666666667,9627.1948362238,6129.04241991757,423.60966202118914,2005,2005-01-01,2025-12-01
2025-12-01,142.2693,183.8121274998611,31712.8,20238.53236363636,219.88605473252528,6845.5,1.379490909090909,9443.305018181818,6026.54556614876,416.5255770029255,2005,2005-01-01,2025-12-01
2010-01-01,97.6107,100.0,11094.3,11094.3,100.0,1073.869995,1.0438105263157895,1120.9168046756843,1120.9168046756843,100.0,2010,2010-01-01,2025-12-01
2010-02-01,97.6107,100.0,11629.6,11579.298961937717,104.37160489564657,1104.48999,1.0572105263157894,1167.678443638421,1162.6279313389468,103.72116168561956,2010,2010-01-01,2025-12-01
2010-03-01,100.2438,102.69755262486593,12037.7,11985.633823529412,108.03416009598993,1169.430054,1.0229,1196.2100022365998,1191.0360835418048,106.2555292751105,2010,2010-01-01,2025-12-01
2010-04-01,100.2438,102.69755262486593,12210.7,12115.961810344827,109.20888934267892,1186.689941,1.005209090909091,1192.8715167835728,1183.6164791533554,105.59360643146142,2010,2010-01-01,2025-12-01
2010-05-01,100.2438,102.69755262486593,11763.0,11641.627687016336,104.93341343767824,1089.410034,1.0402799999999999,1133.29147016952,1121.5980070207372,100.06077189156335,2010,2010-01-01,2025-12-01
2010-06-01,101.3371,103.81761425745336,11294.4,11187.482271944922,100.83991123320013,1030.709961,1.0376227272727272,1069.4880807599864,1059.3638390316214,94.5086945447417,2010,2010-01-01,2025-12-01
2010-07-01,101.3371,103.81761425745336,11713.4,11542.913869863014,104.04364286041495,1101.599976,1.0422285714285715,1148.1189692722287,1131.408333589328,100.93597748466973,2010,2010-01-01,2025-12-01
2010-08-01,101.3371,103.81761425745336,11913.9,11750.556041131103,105.91525414970843,1049.329956,1.0403954545454546,1091.718116540782,1076.7502589018336,96.05978377792013,2010,2010-01-01,2025-12-01
2010-09-01,99.7146,102.15539894704169,12368.7,12178.249529512403,109.77032827228761,1141.199951,1.032957142857143,1178.8106408136716,1160.6595787652147,103.54555966363885,2010,2010-01-01,2025-12-01
2010-10-01,99.7146,102.15539894704169,12676.2,12427.85877342419,112.02021554694024,1183.26001,1.0179,1204.440364179,1180.844002700195,105.34626635755092,2010,2010-01-01,2025-12-01
2010-11-01,99.7146,102.15539894704169,12952.9,12688.330127659574,114.36800994798747,1180.550049,1.0129,1195.7791446320998,1171.3547195502526,104.49970191045193,2010,2010-01-01,2025-12-01
2010-12-01,98.7219,101.13839978608902,13443.2,13168.615489361702,118.69712815916014,1257.640015,1.0080619047619048,1267.7789890256904,1241.8839288243146,110.7918021787201,2010,2010-01-01,2025-12-01
2011-01-01,98.7219,101.13839978608902,13552.0,13241.385398981323,119.35304975511141,1286.119995,0.9939450000000001,1278.332538430275,1249.0328962081887,111.42958076800109,2010,2010-01-01,2025-12-01
2011-02-01,98.7219,101.13839978608902,14136.5,13777.401778154106,124.18450716272416,1327.219971,0.9876368421052631,1310.811340937479,1277.5138470948673,113.9704429236826,2010,2010-01-01,2025-12-01
2011-03-01,100.5969,103.05929575343688,14116.1,13607.731239530987,122.65515841045391,1325.829956,0.9765608695652174,1294.753654726974,1248.1251730240763,111.34860034373358,2010,2010-01-01,2025-12-01
2011-04-01,100.5969,103.05929575343688,13944.8,13397.716861435725,120.76216490842799,1363.609985,0.957952380952381,1306.2734318211906,1255.0256427597583,111.96420979011693,2010,2010-01-01,2025-12-01
2011-05-01,100.5969,103.05929575343688,13802.9,13173.414510779436,118.74038479921613,1345.199951,0.9680428571428572,1302.2112039944716,1242.8234625187702,110.87562050408881,2010,2010-01-01,2025-12-01
2011-06-01,102.5685,105.07915628102246,13300.9,12779.07838063439,115.18598181619741,1320.640015,0.9766454545454546,1289.7970677405908,1239.1956802749748,110.55197630242614,2010,2010-01-01,2025-12-01
2011-07-01,102.5685,105.07915628102246,12945.6,12416.988000000001,111.9222303344961,1292.280029,0.955315,1234.5344959041352,1184.1243373213829,105.63891382322406,2010,2010-01-01,2025-12-01
2011-08-01,102.5685,105.07915628102246,12768.7,12216.76949293433,110.11753326423776,1218.890015,0.9817086956521739,1196.5949267691087,1144.8717877898953,102.13708840962038,2010,2010-01-01,2025-12-01
2011-09-01,103.7585,106.29828492163259,11623.8,11093.69303482587,99.9945290358641,1131.420044,1.0025,1134.2485941099999,1082.520838988897,96.57459273278569,2010,2010-01-01,2025-12-01
2011-10-01,103.7585,106.29828492163259,12252.1,11673.979387417217,105.2250199419271,1253.300049,1.0198,1278.1153899701999,1217.8069651123344,108.64383155221617,2010,2010-01-01,2025-12-01
2011-11-01,103.7585,106.29828492163259,12204.1,11618.626220016542,104.72608654909767,1246.959961,1.024755,1277.828454834555,1216.5265107647417,108.52959877934208,2010,2010-01-01,2025-12-01
2011-12-01,103.6796,106.21745361932658,11955.1,11447.853660565725,103.18680458042171,1257.599976,1.0235238095238095,1287.1835182925713,1232.5692425580278,109.96081398874628,2010,2010-01-01,2025-12-01
2012-01-01,103.6796,106.21745361932658,12452.2,11874.46743993372,107.03214659720506,1312.410034,1.012985,1329.45167829149,1267.7704073848424,113.10120448695098,2010,2010-01-01,2025-12-01
2012-02-01,103.6796,106.21745361932658,12644.0,12007.62706270627,108.2323991843223,1365.680054,0.996745,1361.2347654242299,1292.7237747551885,115.32736143867636,2010,2010-01-01,2025-12-01
2012-03-01,105.5386,108.1219579410864,12392.2,11720.14971240756,105.64118252082204,1408.469971,0.9937727272727273,1399.699044362409,1323.790961430676,118.098948638181,2010,2010-01-01,2025-12-01
2012-04-01,105.5386,108.1219579410864,12292.7,11578.476022913257,104.36418722148544,1397.910034,0.9928238095238096,1387.8783653274381,1307.2405879638961,116.62244535107322,2010,2010-01-01,2025-12-01
2012-05-01,105.5386,108.1219579410864,11513.2,10853.147583947584,97.82633950720266,1310.329956,1.009731818181818,1323.0818488899815,1247.2294906407606,111.26869411165823,2010,2010-01-01,2025-12-01
2012-06-01,106.9303,109.54772376389066,11596.6,10976.715953947369,98.94014001737261,1362.160034,1.028,1400.300514952,1325.4489249257829,118.24686001645554,2010,2010-01-01,2025-12-01
2012-07-01,106.9303,109.54772376389066,11664.7,11050.263127572018,99.60306758941094,1379.319946,1.0142,1398.9062892332001,1325.2190443682414,118.22635175423817,2010,2010-01-01,2025-12-01
2012-08-01,106.9303,109.54772376389066,11949.3,11291.990394088669,101.78190957598649,1406.579956,0.9923826086956522,1395.8654860742956,1319.0814240324419,117.67879815256161,2010,2010-01-01,2025-12-01
2012-09-01,106.0767,108.67322947176899,12317.5,11620.85450819672,104.74617153129735,1440.670044,0.9783000000000001,1409.4075040452,1329.6951124229713,118.62567381240154,2010,2010-01-01,2025-12-01
2012-10-01,106.0767,108.67322947176899,12422.9,11701.111211129295,105.46957636921029,1412.160034,0.9871545454545455,1394.0201964723456,1313.0255696723975,117.1385391132838,2010,2010-01-01,2025-12-01
2012-11-01,106.0767,108.67322947176899,12239.4,11556.644298605413,104.16740396965483,1416.180054,0.9969699999999999,1411.8890284363797,1333.1290170059663,118.93202166700334,2010,2010-01-01,2025-12-01
2012-12-01,104.7044,107.26733851924021,12433.5,11807.721534653463,106.43052319347291,1426.189941,0.9898199999999999,1411.67132740062,1340.621862902734,119.60047858240621,2010,2010-01-01,2025-12-01
2013-01-01,104.7044,107.26733851924021,12685.2,12036.822093981864,108.49555261694621,1498.109985,0.9920571428571427,1486.210711404857,1410.246107854073,125.81184455184437,2010,2010-01-01,2025-12-01
2013-02-01,104.7044,107.26733851924021,12821.8,12027.621678891604,108.41262340924263,1514.680054,1.0097842105263157,1529.5000025283473,1434.7632460555237,127.99908432728375,2010,2010-01-01,2025-12-01
2013-03-01,105.4775,108.05936234449709,12749.9,11940.71187957689,107.62924997139874,1569.189941,1.0244238095238094,1607.5155372256618,1505.4925820559288,134.30903843854088,2010,2010-01-01,2025-12-01
2013-04-01,105.4775,108.05936234449709,12456.5,11684.94824775876,105.32388927430088,1597.569946,1.0186727272727272,1627.4009339007634,1526.6002240584994,136.19210789690962,2010,2010-01-01,2025-12-01
2013-05-01,105.4775,108.05936234449709,12650.4,11837.89463414634,106.70249257858846,1630.73999,1.0195590909090908,1662.6357817135,1555.8486054896248,138.8014345935138,2010,2010-01-01,2025-12-01
2013-06-01,107.0699,109.69074087164626,12129.1,11350.07650406504,102.30547672286707,1606.280029,1.0314,1656.7172219106,1550.310180828537,138.3073368479911,2010,2010-01-01,2025-12-01
2013-07-01,107.0699,109.69074087164626,12486.6,11675.123151909018,105.23532942059452,1685.72998,1.0402136363636363,1753.519312423,1639.5619241258107,146.26972468310763,2010,2010-01-01,2025-12-01
2013-08-01,107.0699,109.69074087164626,12653.9,11831.550690495531,106.64531056935121,1632.969971,1.0407181818181819,1699.4615391828092,1589.0172474406284,141.76049826466647,2010,2010-01-01,2025-12-01
2013-09-01,107.4486,110.07871063315807,12787.2,11936.79416058394,107.59393707204548,1681.550049,1.034235,1739.117914927515,1623.4588159623436,144.8331231354909,2010,2010-01-01,2025-12-01
2013-10-01,107.4486,110.07871063315807,13361.3,12503.135203252032,112.69873000777004,1756.540039,1.0362818181818183,1820.270505324082,1703.3588224618034,151.9612174031629,2010,2010-01-01,2025-12-01
2013-11-01,107.4486,110.07871063315807,13395.4,12535.045040650406,112.98635371903056,1805.810059,1.0486421052631578,1893.648461975147,1772.023885962109,158.0870122180754,2010,2010-01-01,2025-12-01
2013-12-01,108.0217,110.66583888856447,13621.6,12777.882314588425,115.17520091027306,1848.359985,1.0639190476190477,1966.5053948983573,1844.7006597620284,164.5707024881081,2010,2010-01-01,2025-12-01
2014-01-01,108.0217,110.66583888856447,13694.9,12804.89837530463,115.41871389186007,1782.589966,1.0940095238095238,1950.170399851295,1823.4330871071004,162.67336518651584,2010,2010-01-01,2025-12-01
2014-02-01,108.0217,110.66583888856447,14209.6,13179.089121676068,118.79153368555086,1859.449951,1.1054421052631578,2055.514268464916,1906.443934732569,170.0789859497344,2010,2010-01-01,2025-12-01
2014-03-01,109.3543,112.03105807047793,14335.3,13221.097996794872,119.17018646327277,1872.339966,1.1106809523809524,2079.5723366178,1917.9389098133713,171.10448356319273,2010,2010-01-01,2025-12-01
2014-04-01,109.3543,112.03105807047793,14651.9,13469.917651757187,121.41295666925527,1883.949951,1.099209090909091,2070.8549129569365,1903.7971284452346,169.8428572489875,2010,2010-01-01,2025-12-01
2014-05-01,109.3543,112.03105807047793,14604.2,13362.030365659777,120.4404997670856,1923.569946,1.0893857142857142,2095.5096196017425,1917.2746996515148,171.04522758994958,2010,2010-01-01,2025-12-01
2014-06-01,110.5261,113.23154121423164,15146.0,13846.7402700556,124.80949920279423,1960.22998,1.0830380952380954,2123.0037437678097,1940.8874575669174,173.15178517003997,2010,2010-01-01,2025-12-01
2014-07-01,110.5261,113.23154121423164,15330.7,14037.896340493236,126.53251075320875,1930.670044,1.0739181818181818,2073.381663343309,1898.5380226795135,169.37367829263823,2010,2010-01-01,2025-12-01
2014-08-01,110.5261,113.23154121423164,15625.7,14308.019649960223,128.96730438117072,2003.369995,1.0926333333333333,2188.9488355368335,2004.3596735902108,178.81431210857204,2010,2010-01-01,2025-12-01
2014-09-01,111.0363,113.75422981292009,14960.5,13688.025039745628,123.37889762982459,1972.290039,1.101052380952381,2171.594643369614,1986.8882627332475,177.25564060109843,2010,2010-01-01,2025-12-01
2014-10-01,111.0363,113.75422981292009,14613.3,13359.736536934073,120.41982402615825,2018.050049,1.1211545454545453,2262.545985391118,2068.4594354131664,184.53282409408033,2010,2010-01-01,2025-12-01
2014-11-01,111.0363,113.75422981292009,14744.7,13533.612200956937,121.98707625498623,2067.560059,1.132538888888889,2341.592171930906,2149.2604385107434,191.7412986892092,2010,2010-01-01,2025-12-01
2014-12-01,111.8501,114.58794988664154,14632.4,13527.624417670682,121.93310454621458,2058.899902,1.1531619047619048,2374.244932704419,2194.9846727251293,195.82048048251056,2010,2010-01-01,2025-12-01
2015-01-01,111.8501,114.58794988664154,14673.5,13587.448511665325,122.47233725124906,1994.98999,1.21219,2418.3069159781003,2239.317184465642,199.77550297441974,2010,2010-01-01,2025-12-01
2015-02-01,111.8501,114.58794988664154,15234.3,13982.99784688995,126.03767562523053,2104.5,1.2499052631578949,2630.42562631579,2414.3699329262154,215.39242902373715,2010,2010-01-01,2025-12-01
2015-03-01,114.857,117.66845233155792,14902.4,13580.888677751384,122.41320928541128,2067.889893,1.2618318181818182,2609.3292634839954,2377.9398117736173,212.1424000295569,2010,2010-01-01,2025-12-01
2015-04-01,114.857,117.66845233155792,15224.5,13885.419572107765,125.15814041541842,2085.51001,1.233681818181818,2572.8557809731815,2346.558640174431,209.34280139134523,2010,2010-01-01,2025-12-01
2015-05-01,114.857,117.66845233155792,15014.1,13617.989834515365,122.7476256682744,2107.389893,1.21764,2566.0422293125202,2327.434677650678,207.6367013093426,2010,2010-01-01,2025-12-01
2015-06-01,117.4469,120.32174751333615,14553.3,13168.905896226413,118.69974578140499,2063.110107,1.2364954545454545,2551.0262695322863,2308.3578901192304,205.93480983516073,2010,2010-01-01,2025-12-01
2015-07-01,117.4469,120.32174751333615,14468.4,13081.797643362135,117.91458355517821,2103.840088,1.2863136363636363,2706.1981939228726,2446.845342659251,218.28964758603996,2010,2010-01-01,2025-12-01
2015-08-01,117.4469,120.32174751333615,13859.1,12530.890887666928,112.94890968936238,1972.180054,1.3147238095238096,2592.8720736617524,2344.3800131851353,209.14844022375388,2010,2010-01-01,2025-12-01
2015-09-01,119.1831,122.10044595520779,13307.0,12050.634933123525,108.62005654366229,1920.030029,1.3265809523809524,2547.0752644708477,2306.5960892257635,205.7776348435719,2010,2010-01-01,2025-12-01
2015-10-01,119.1831,122.10044595520779,13529.2,12242.224213836478,110.34697289451772,2079.360107,1.3072238095238096,2718.189040444376,2459.6191710310354,219.42923513781017,2010,2010-01-01,2025-12-01
2015-11-01,119.1831,122.10044595520779,13469.8,12198.06435877262,109.94893196301364,2080.409912,1.3278526315789474,2762.4777764121263,2501.6616212827357,223.17995509100638,2010,2010-01-01,2025-12-01
2015-12-01,120.847,123.80507464857848,13010.0,11837.557312252964,106.69945208127565,2043.939941,1.3712545454545455,2802.7619347323457,2550.181017294016,227.5085007786873,2010,2010-01-01,2025-12-01
2016-01-01,120.847,123.80507464857848,12822.1,11638.988249211356,104.90962250174735,1940.23999,1.4208105263157895,2756.7134013708423,2502.347890361072,223.24117899946003,2010,2010-01-01,2025-12-01
2016-02-01,120.847,123.80507464857848,12860.4,11646.200157356412,104.97462802841471,1932.22998,1.37969,2665.8783811062003,2414.1825465407055,215.37571178078673,2010,2010-01-01,2025-12-01
2016-03-01,126.8984,130.00459990554313,13494.4,12143.90492572322,109.46075845905754,2059.73999,1.3226391304347827,2724.292709295348,2451.650436590262,218.71832292670464,2010,2010-01-01,2025-12-01
2016-04-01,126.8984,130.00459990554313,13951.5,12516.11574434918,112.8157319015096,2065.300049,1.2818142857142856,2647.331107094614,2374.963448375604,211.87687065346066,2010,2010-01-01,2025-12-01
2016-05-01,126.8984,130.00459990554313,14065.8,12569.67065217391,113.29845643415007,2096.949951,1.2945285714285715,2714.561624425243,2425.823314994918,216.41421601282738,2010,2010-01-01,2025-12-01
2016-06-01,133.3705,136.63512299368819,14064.5,12539.302478698683,113.02472872284581,2098.860107,1.2894045454545455,2706.279762239014,2412.8024836073623,215.25259265833384,2010,2010-01-01,2025-12-01
2016-07-01,133.3705,136.63512299368819,14582.7,13021.479984484096,117.37090203513603,2173.600098,1.3052350000000001,2837.05892391303,2533.3241438509676,226.00465380514447,2010,2010-01-01,2025-12-01
2016-08-01,133.3705,136.63512299368819,14598.0,13055.398601398603,117.67663215704106,2170.949951,1.299782608695652,2821.762990658478,2523.5813537279782,225.1354733198177,2010,2010-01-01,2025-12-01
2016-09-01,137.1935,140.5517018113793,14725.9,13159.558152173911,118.61548860382278,2168.27002,1.3107761904761905,2842.1167167393332,2539.810823732121,226.58334794676995,2010,2010-01-01,2025-12-01
2016-10-01,137.1935,140.5517018113793,14787.3,13183.719829589465,118.83327320866992,2126.149902,1.325095,2817.35060439069,2511.8284629385626,224.08696635298563,2010,2010-01-01,2025-12-01
2016-11-01,137.1935,140.5517018113793,15082.9,13499.547356143079,121.68002808778454,2198.810059,1.3434149999999998,2953.9144154114842,2643.822311149781,235.862492213659,2010,2010-01-01,2025-12-01
2016-12-01,138.2738,141.6584452319264,15287.6,13704.071339563861,123.52353316174849,2238.830078,1.3339190476190477,2986.4180854266383,2677.0772712819785,238.8292565616892,2010,2010-01-01,2025-12-01
2017-01-01,138.2738,141.6584452319264,15386.0,13675.124324324323,123.26261525580094,2278.870117,1.3183052631578946,3004.246469294347,2670.1835414345896,238.21424839885026,2010,2010-01-01,2025-12-01
2017-02-01,138.2738,141.6584452319264,15399.2,13665.751117964533,123.17812857020753,2363.639893,1.3109157894736843,3098.5328563635894,2749.7388725323763,245.31159324781115,2010,2010-01-01,2025-12-01
2017-03-01,146.4193,150.00332955301008,15547.8,13776.380138568127,124.17529847370388,2362.719971,1.3387,3162.9732251777,2802.6036814315107,250.02780489515368,2010,2010-01-01,2025-12-01
2017-04-01,146.4193,150.00332955301008,15586.1,13757.362806748464,124.00388313592083,2384.199951,1.343705,3203.661395158455,2827.7716762479918,252.27310933804344,2010,2010-01-01,2025-12-01
2017-05-01,146.4193,150.00332955301008,15349.9,13538.494176245209,122.03108061117159,2411.800049,1.3605727272727273,3281.4293703044273,2894.1955595558584,258.19896244603433,2010,2010-01-01,2025-12-01
2017-06-01,153.8374,157.6030086865477,15182.2,13400.85291411043,120.79043215083809,2423.409912,1.3294863636363636,3221.8904315052,2843.861876274912,253.70855931611524,2010,2010-01-01,2025-12-01
2017-07-01,153.8374,157.6030086865477,15143.9,13367.046702453987,120.4857152091974,2470.300049,1.26904,3134.9095741829597,2767.0865950035172,246.85923018204016,2010,2010-01-01,2025-12-01
2017-08-01,153.8374,157.6030086865477,15211.9,13416.779233716474,120.93398622460609,2471.649902,1.2607695652173911,3116.1809723141478,2748.447738799681,245.196407738297,2010,2010-01-01,2025-12-01
2017-09-01,155.6623,159.47257831364797,15634.9,13758.233868501527,124.01173457091956,2519.360107,1.227875,3093.459291382625,2722.149575215138,242.85027790289396,2010,2010-01-01,2025-12-01
2017-10-01,155.6623,159.47257831364797,16025.6,14091.264782276545,127.01355454852082,2575.26001,1.2606904761904763,3246.6057683211907,2854.7312752770745,254.67824760670226,2010,2010-01-01,2025-12-01
2017-11-01,155.6623,159.47257831364797,16067.5,14085.06664127951,126.95768675157073,2647.580078,1.277335,3381.84669893213,2964.589147350252,264.4789635576923,2010,2010-01-01,2025-12-01
2017-12-01,154.6915,158.47801521759396,16209.1,14263.5123088685,128.56613133652868,2673.610107,1.27687,3413.85253732509,3004.085833685916,268.00256907158155,2010,2010-01-01,2025-12-01
2018-01-01,154.6915,158.47801521759396,15951.7,13941.083295368262,125.65987304623332,2823.810059,1.242904761904762,3509.726969045667,3067.346804382356,273.64625024689803,2010,2010-01-01,2025-12-01
2018-02-01,154.6915,158.47801521759396,15442.7,13414.752981132076,120.91572231805591,2713.830078,1.258821052631579,3416.2264354512004,2967.6050016636464,264.74801602446007,2010,2010-01-01,2025-12-01
2018-03-01,154.147,157.92018702867617,15367.3,13309.07622272385,119.9631903114559,2640.870117,1.2932545454545454,3415.317282765327,2957.885773109775,263.88093753002323,2010,2010-01-01,2025-12-01
2018-04-01,154.147,157.92018702867617,15607.9,13476.888897224304,121.47579294975172,2648.050049,1.2731619047619047,3371.396444289695,2911.085751971071,259.70578189461065,2010,2010-01-01,2025-12-01
2018-05-01,154.147,157.92018702867617,16061.5,13858.160794602698,124.912439672649,2705.27002,1.2866272727272727,3480.6741878234543,3003.190397439877,267.92268479807404,2010,2010-01-01,2025-12-01
2018-06-01,154.8542,158.6446977636673,16277.7,14023.677170658682,126.40434430886746,2718.370117,1.312452380952381,3567.731332366452,3073.6966793067263,274.2127396507398,2010,2010-01-01,2025-12-01
2018-07-01,154.8542,158.6446977636673,16434.0,14084.537602382725,126.95291818666095,2816.290039,1.3133428571428571,3698.7544063632286,3169.967477084196,282.8013161959299,2010,2010-01-01,2025-12-01
2018-08-01,154.8542,158.6446977636673,16262.9,13948.284575260806,125.72478277368384,2901.52002,1.3042478260869566,3784.3011784327828,3245.7009361968203,289.55770157589006,2010,2010-01-01,2025-12-01
2018-09-01,154.4196,158.19945969038233,16073.1,13837.051682872103,124.7221697887393,2913.97998,1.3034000000000001,3798.0815059320003,3269.7021790035396,291.6989169369769,2010,2010-01-01,2025-12-01
2018-10-01,154.4196,158.19945969038233,15027.3,12898.152348993288,116.25927141859593,2711.73999,1.300440909090909,3526.4576178137727,3026.8103788990693,270.02988680991524,2010,2010-01-01,2025-12-01
2018-11-01,154.4196,158.19945969038233,15197.8,13103.121947565542,118.10679310605936,2760.169922,1.32048,3644.7491786025603,3142.401726270821,280.3421014978908,2010,2010-01-01,2025-12-01
2018-12-01,154.286,158.06258944972222,14322.9,12358.064392803597,111.39111429115489,2506.850098,1.343611111111111,3368.2316455627774,2906.1728815912716,259.26749152735886,2010,2010-01-01,2025-12-01
2019-01-01,154.286,158.06258944972222,15540.6,13388.645658682635,120.68040037390946,2704.100098,1.330045,3596.5748148444095,3098.5461166810746,276.42962472826696,2010,2010-01-01,2025-12-01
2019-02-01,154.286,158.06258944972222,15999.0,13691.337546468401,123.408755365083,2784.48999,1.3208722222222222,3677.9554808468333,3147.454838999781,280.79290326193626,2010,2010-01-01,2025-12-01
2019-03-01,152.5901,156.32517746517544,16102.1,13687.97422451994,123.37843959979395,2834.399902,1.3370523809523809,3789.7411375402953,3221.5598591646085,287.40401122781856,2010,2010-01-01,2025-12-01
2019-04-01,152.5901,156.32517746517544,16580.7,14032.636544117648,126.48510085465192,2945.830078,1.3378136363636364,3940.9716487585547,3335.3370350890414,297.5543788063787,2010,2010-01-01,2025-12-01
2019-05-01,152.5901,156.32517746517544,16037.5,13513.296120058565,121.80395446363057,2752.060059,1.3459772727272727,3704.2102925944773,3121.1903709928574,278.44977949955114,2010,2010-01-01,2025-12-01
2019-06-01,151.8894,155.60732583620444,16382.2,13834.12487160675,124.69578857257105,2941.76001,1.32887,3909.2166244887,3301.1799961749766,294.5071375863715,2010,2010-01-01,2025-12-01
2019-07-01,151.8894,155.60732583620444,16406.6,13783.93912408759,124.243432430055,2980.379883,1.3105227272727271,3905.8555725779315,3281.4888788592693,292.75044010145825,2010,2010-01-01,2025-12-01
2019-08-01,151.8894,155.60732583620444,16442.1,13833.95986842105,124.69430129364676,2926.459961,1.3273136363636364,3884.3302125074956,3268.175493125824,291.5627171876871,2010,2010-01-01,2025-12-01
2019-09-01,151.7732,155.48828151012134,16658.6,14077.862408223202,126.89275040537215,2976.73999,1.3240500000000002,3941.3525837595007,3330.761251033176,297.1461608158215,2010,2010-01-01,2025-12-01
2019-10-01,151.7732,155.48828151012134,16483.2,13888.845680819912,125.1890221178435,3037.560059,1.3189227272727273,4006.3069972709864,3375.738912048979,301.15873880806737,2010,2010-01-01,2025-12-01
2019-11-01,151.7732,155.48828151012134,17040.2,14379.230351906157,129.60917184415564,3140.97998,1.323657894736842,4157.582947737368,3508.341622320902,312.98858288916216,2010,2010-01-01,2025-12-01
2019-12-01,153.6002,157.36000254070507,17063.4,14398.807478005865,129.78563296472842,3230.780029,1.3168952380952381,4254.598835523296,3590.207668392458,320.292072829724,2010,2010-01-01,2025-12-01
2020-01-01,153.6002,157.36000254070507,17318.5,14571.340277777776,131.340781101807,3225.52002,1.3089095238095239,4221.913873416286,3552.2096990512755,316.9021718859001,2010,2010-01-01,2025-12-01
2020-02-01,153.6002,157.36000254070507,16263.1,13623.601237263463,122.79820481926271,2954.219971,1.3286368421052632,3925.0854931537424,3288.044688951934,293.33530153500254,2010,2010-01-01,2025-12-01
2020-03-01,156.2749,160.10017344409988,13378.8,11273.059150805271,101.61127020907377,2584.590088,1.3960227272727272,3608.146503531818,3040.2464315996504,271.2285531734255,2010,2010-01-01,2025-12-01
2020-04-01,156.2749,160.10017344409988,14780.7,12536.90913780398,113.00315601528695,2912.429932,1.4047954545454546,4091.3683301557276,3470.276306565396,309.5926737907595,2010,2010-01-01,2025-12-01
2020-05-01,156.2749,160.10017344409988,15192.8,12848.576634827332,115.81241389567015,3044.310059,1.3972,4253.5100144348,3597.2006073581592,320.9159317045782,2010,2010-01-01,2025-12-01
2020-06-01,160.4669,164.39478458816507,15515.2,13016.031486880467,117.32179125208862,3100.290039,1.3551772727272728,4201.44259971555,3524.679615359037,314.4461391475735,2010,2010-01-01,2025-12-01
2020-07-01,160.4669,164.39478458816507,16169.2,13564.686005830905,122.26716427202172,3271.120117,1.3496954545454545,4415.015953187095,3703.850847025034,330.4304861498327,2010,2010-01-01,2025-12-01
2020-08-01,160.4669,164.39478458816507,16514.4,13874.506861313868,125.05977719472044,3500.310059,1.322890476190476,4630.526840764824,3890.318535562272,347.0657696748387,2010,2010-01-01,2025-12-01
2020-09-01,161.8262,165.78735732865354,16121.4,13554.223082542001,122.17285527290593,3363.0,1.3229761904761905,4449.168928571428,3740.6818384117705,333.71627785472134,2010,2010-01-01,2025-12-01
2020-10-01,161.8262,165.78735732865354,15580.6,13042.378618181818,117.55927474632757,3269.959961,1.3217714285714286,4322.139649022343,3618.023808017976,322.77362538647833,2010,2010-01-01,2025-12-01
2020-11-01,161.8262,165.78735732865354,17190.3,14368.943572984748,129.51645054653966,3621.629883,1.307261111111111,4734.415904883783,3957.380324271049,353.048532037669,2010,2010-01-01,2025-12-01
2020-12-01,165.1458,169.18821399703108,17433.4,14603.961717612809,131.63481893957086,3756.070068,1.2809190476190477,4811.221694292972,4030.361113632613,359.55934435283274,2010,2010-01-01,2025-12-01
2021-01-01,165.1458,169.18821399703108,17337.0,14439.136758321274,130.14914648352104,3714.23999,1.272461111111111,4726.225944608722,3936.2417237660197,351.1627006881118,2010,2010-01-01,2025-12-01
2021-02-01,165.1458,169.18821399703108,18060.3,14965.73455723542,134.89570822165817,3811.149902,1.2696473684210527,4838.816443732453,4009.7031869949983,357.7163952105374,2010,2010-01-01,2025-12-01
2021-03-01,167.5337,171.63456465326036,18700.7,15418.70035816619,138.97857781172488,3972.889893,1.256895652173913,4993.508033077383,4117.140219249332,367.30114153659673,2010,2010-01-01,2025-12-01
2021-04-01,167.5337,171.63456465326036,19108.3,15676.160584461864,141.29923099665473,4181.169922,1.2494454545454545,5224.143753725073,4285.8085962491505,382.34850065337065,2010,2010-01-01,2025-12-01
2021-05-01,167.5337,171.63456465326036,19731.0,16106.653191489359,145.17953536040454,4204.109863,1.21248,5097.399126690239,4161.068365120897,371.22008946282347,2010,2010-01-01,2025-12-01
2021-06-01,176.1755,180.48789733092786,20165.6,16414.855445544552,147.95755879635988,4297.5,1.2220409090909092,5251.720806818183,4274.91559310306,381.3767065736805,2010,2010-01-01,2025-12-01
2021-07-01,176.1755,180.48789733092786,20287.8,16409.878988053406,147.91270281183498,4395.259766,1.2530428571428571,5507.448855073686,4454.724969915539,397.4179842191257,2010,2010-01-01,2025-12-01
2021-08-01,176.1755,180.48789733092786,20582.9,16613.546914446004,149.74849169795306,4522.680176,1.2598954545454546,5698.104196105236,4599.241184934871,410.3106640698078,2010,2010-01-01,2025-12-01
2021-09-01,177.8443,182.19754596575993,20070.3,16165.790972708186,145.71258189077443,4307.540039,1.2671095238095238,5458.125007607749,4396.292430900293,392.2050604078753,2010,2010-01-01,2025-12-01
2021-10-01,177.8443,182.19754596575993,21037.1,16826.756150104236,151.670282488343,4605.379883,1.24336,5726.14513132688,4580.120254452563,408.60483448436946,2010,2010-01-01,2025-12-01
2021-11-01,177.8443,182.19754596575993,20660.0,16490.748959778088,148.64163543241204,4567.0,1.2566950000000001,5739.326065,4581.112552576283,408.6933600662486,2010,2010-01-01,2025-12-01
2021-12-01,179.6678,184.06568132387127,21222.8,16963.501944444444,152.90285952646354,4766.180176,1.2800380952380952,6100.892194048609,4876.477024548575,435.04361824243415,2010,2010-01-01,2025-12-01
2022-01-01,179.6678,184.06568132387127,21098.3,16713.106194081207,150.64588296766095,4515.549805,1.262235,5699.685008114175,4515.0292115205875,402.7978876475961,2010,2010-01-01,2025-12-01
2022-02-01,179.6678,184.06568132387127,21126.4,16564.364032697547,149.30517502408938,4373.939941,1.2711,5559.715059005099,4359.149886181791,388.8914741931295,2010,2010-01-01,2025-12-01
2022-03-01,198.607,203.4684722064282,21890.2,16921.168703828072,152.52128303568566,4530.410156,1.2660347826086957,5735.656836979687,4433.674291043398,395.53999659468,2010,2010-01-01,2025-12-01
2022-04-01,198.607,203.4684722064282,20762.0,15952.644859813081,143.79136006609775,4131.930176,1.2628190476190477,5217.880129684724,4009.1989514466736,357.6714110024123,2010,2010-01-01,2025-12-01
2022-05-01,198.607,203.4684722064282,20729.3,15707.323436471363,141.5801216523022,4132.149902,1.2859142857142858,5313.590589694686,4026.2954369575928,359.1966344123571,2010,2010-01-01,2025-12-01
2022-06-01,187.6682,192.26191390902844,18861.4,14198.47704381949,127.97992702396269,3785.379883,1.2804238095238094,4846.890530285652,3648.6402880044375,325.50500383122557,2010,2010-01-01,2025-12-01
2022-07-01,187.6682,192.26191390902844,19692.9,14805.047615937296,133.44733436032283,4130.290039,1.293625,5343.046451701376,4016.882080932909,358.35684362811537,2010,2010-01-01,2025-12-01
2022-08-01,187.6682,192.26191390902844,19330.8,14580.439580602884,131.4227989201922,3955.0,1.2917478260869566,5108.862652173913,3853.4081996410055,343.7728994308293,2010,2010-01-01,2025-12-01
2022-09-01,169.2519,173.39482249384545,18444.2,13902.60261951539,125.31302217819413,3585.620117,1.333852380952381,4782.687930251205,3605.0254143543793,321.61400376162834,2010,2010-01-01,2025-12-01
2022-10-01,169.2519,173.39482249384545,19426.1,14537.998114434327,131.0402469235042,3871.97998,1.368935,5300.4889139213,3966.750806192078,353.8844979079229,2010,2010-01-01,2025-12-01
2022-11-01,169.2519,173.39482249384545,20453.3,15286.849545454545,137.79012236422798,4080.110107,1.34571,5490.6449720909695,4103.722313556303,366.10409411639034,2010,2010-01-01,2025-12-01
2022-12-01,160.5654,164.4956956563164,19384.9,14573.49438275637,131.3601974235091,3839.5,1.358542857142857,5216.1253,3921.4632399085563,349.8442724340417,2010,2010-01-01,2025-12-01
2023-01-01,160.5654,164.4956956563164,20767.4,15531.694217024044,139.9970635103075,4076.600098,1.34222,5471.69418353756,4092.215727908857,365.0775606930847,2010,2010-01-01,2025-12-01
2023-02-01,160.5654,164.4956956563164,20221.2,15064.466796116505,135.7856448457001,3970.149902,1.345442105263158,5341.606842357201,3979.410663788439,355.013917820583,2010,2010-01-01,2025-12-01
2023-03-01,159.7024,163.61157127241174,20099.9,14896.96387636832,134.27583422449655,4109.310059,1.3682739130434782,5622.661754336857,4167.214217155004,371.7683774364242,2010,2010-01-01,2025-12-01
2023-04-01,159.7024,163.61157127241174,20636.5,15187.091751918158,136.89094176214957,4169.47998,1.3484450000000001,5622.314431631101,4137.649559339768,369.1308348737726,2010,2010-01-01,2025-12-01
2023-05-01,159.7024,163.61157127241174,19572.2,14348.791210191082,129.3348044508539,4179.830078,1.3517181818181818,5649.952313343109,4142.098797871286,369.5277633980804,2010,2010-01-01,2025-12-01
2023-06-01,165.2839,169.3296943880128,20155.3,14757.474745547075,133.0185297454285,4450.379883,1.3286047619047618,5912.795904838957,4329.279953224962,386.22669721483527,2010,2010-01-01,2025-12-01
2023-07-01,165.2839,169.3296943880128,20626.6,15016.58228969007,135.3540312565017,4588.959961,1.3211249999999999,6062.589728476124,4413.68803129413,393.75696866023395,2010,2010-01-01,2025-12-01
2023-08-01,165.2839,169.3296943880128,20292.6,14717.569376181475,132.65883720632644,4507.660156,1.3478391304347825,6075.600744958556,4406.437591334152,393.11013742978633,2010,2010-01-01,2025-12-01
2023-09-01,162.7144,166.69729855435932,19541.3,14190.559179810723,127.90855826695442,4288.049805,1.35309,5802.117310647449,4213.3987536625955,375.8886240341148,2010,2010-01-01,2025-12-01
2023-10-01,162.7144,166.69729855435932,18873.5,13696.972572509458,123.45954744787375,4193.799805,1.3712190476190476,5750.618174517047,4173.367918580782,372.317365675347,2010,2010-01-01,2025-12-01
2023-11-01,162.7144,166.69729855435932,20236.3,14667.494521410577,132.20748061085942,4567.799805,1.370665,6260.923319720325,4537.986612719202,404.84597909406676,2010,2010-01-01,2025-12-01
2023-12-01,156.2966,160.12240461342867,20958.4,15238.861907770055,137.35757918724082,4769.830078,1.34162,6399.29942924636,4652.933444764725,415.1006948380047,2010,2010-01-01,2025-12-01
2024-01-01,156.2966,160.12240461342867,21021.9,15285.032785849651,137.77374675148187,4845.649902,1.3422714285714286,6504.177416314543,4729.190275538875,421.9037716101664,2010,2010-01-01,2025-12-01
2024-02-01,156.2966,160.12240461342867,21363.6,15484.574055415613,139.57233944832583,5096.27002,1.349995,6879.9390456499,4986.656071500652,444.8729870673538,2010,2010-01-01,2025-12-01
2024-03-01,156.4211,160.24995210566055,22167.0,15966.34355444305,143.91483513554755,5254.350098,1.353557142857143,7112.063106220029,5122.643701664113,457.0048089471057,2010,2010-01-01,2025-12-01
2024-04-01,156.4211,160.24995210566055,21714.5,15562.50902864259,140.27481705598902,5035.689941,1.3673545454545455,6885.573530326082,4934.803943589863,440.2471194120114,2010,2010-01-01,2025-12-01
2024-05-01,156.4211,160.24995210566055,22269.1,15871.042786377706,143.05582854598944,5277.509766,1.366659090909091,7212.55669906541,5140.342266640425,458.5837454839197,2010,2010-01-01,2025-12-01
2024-06-01,156.3798,160.20764117048643,21875.8,15600.400123915737,140.6163536583267,5460.47998,1.370536842105263,7483.78898816821,5336.952370124913,476.1238610985993,2010,2010-01-01,2025-12-01
2024-07-01,156.3798,160.20764117048643,23110.8,16409.95114127082,147.91335317479084,5522.299805,1.3714272727272727,7573.432560753499,5377.557604828672,479.74636319102785,2010,2010-01-01,2025-12-01
2024-08-01,156.3798,160.20764117048643,23346.2,16607.834487021013,149.69700194713513,5648.399902,1.3655,7712.890066180999,5486.734527919857,489.48632985365384,2010,2010-01-01,2025-12-01
2024-09-01,153.045,156.79121243880024,24000.4,17147.39937926754,154.56044436573322,5762.47998,1.3546200000000002,7805.970630507601,5577.077713044227,497.54608814682257,2010,2010-01-01,2025-12-01
2024-10-01,153.045,156.79121243880024,24156.9,17184.54381953028,154.89525089036965,5705.450195,1.375668181818182,7848.806296209842,5583.421537044207,498.112037731441,2010,2010-01-01,2025-12-01
2024-11-01,153.045,156.79121243880024,25648.0,18245.270704573544,164.4562586605153,6032.379883,1.397278947368421,8428.917413044679,5996.096379736974,534.9278692874828,2010,2010-01-01,2025-12-01
2024-12-01,150.5615,154.24692170018247,24727.9,17656.2114764268,159.14669223319004,5881.629883,1.424704761904762,8379.586102071447,5983.190821019997,533.7765297176643,2010,2010-01-01,2025-12-01
2025-01-01,150.5615,154.24692170018247,25533.1,18219.83763174209,164.22701415810005,6040.529785,1.438861904761905,8691.48819221612,6202.047680868415,553.3013382436405,2010,2010-01-01,2025-12-01
2025-02-01,150.5615,154.24692170018247,25393.5,17931.23834355828,161.6256847530559,5954.5,1.429863157894737,8514.12017368421,6012.117987675169,536.3571999810156,2010,2010-01-01,2025-12-01
2025-03-01,150.6479,154.33543658635784,24917.5,17541.310397553516,158.11101554450048,5611.850098,1.4355761904761903,8056.238385210275,5671.394728670964,505.96036253661777,2010,2010-01-01,2025-12-01
2025-04-01,150.6479,154.33543658635784,24841.7,17498.65159118727,157.72650452202728,5569.060059,1.3981409090909092,7786.330693672133,5484.740898663785,489.30847283092425,2010,2010-01-01,2025-12-01
2025-05-01,150.6479,154.33543658635784,26175.1,18336.908155812536,165.28224543966306,5911.689941,1.386695238095238,8197.712290280218,5742.889133361248,512.3385704814054,2010,2010-01-01,2025-12-01
2025-06-01,149.181,152.83263002928985,26857.1,18803.23728710462,169.4855672471866,6204.950195,1.36683,8481.11207503185,5937.810217981544,529.72800418489,2010,2010-01-01,2025-12-01
2025-07-01,149.181,152.83263002928985,27259.8,19027.307337780472,171.50525348855243,6339.390137,1.3691090909090908,8679.316667386127,6058.15250707182,540.4640631491496,2010,2010-01-01,2025-12-01
2025-08-01,149.181,152.83263002928985,28564.5,19950.08464805825,179.82283378003348,6460.259766,1.3797190476190475,8913.343451717172,6225.278102503922,555.3737865768804,2010,2010-01-01,2025-12-01
2025-09-01,145.2817,148.8378835517008,30022.8,20955.87798665858,188.88869046860623,6688.459961,1.3834285714285715,9253.006608903428,6458.58739044745,576.1879350462694,2010,2010-01-01,2025-12-01
2025-10-01,145.2817,148.8378835517008,30260.7,21070.820145190562,189.9247374344534,6840.200195,1.3987681818181819,9567.854390032524,6662.190201408006,594.351888883991,2010,2010-01-01,2025-12-01
2025-11-01,145.2817,148.8378835517008,31382.8,21838.93760580411,196.84826988457235,6849.089844,1.4056166666666667,9627.1948362238,6699.456624240383,597.6765265981306,2010,2010-01-01,2025-12-01
2025-12-01,142.2693,145.7517464786135,31712.8,22122.080484848484,199.40041719485217,6845.5,1.379490909090909,9443.305018181818,6587.420652077134,587.6814964856449,2010,2010-01-01,2025-12-01
2015-01-01,111.8501,100.0,14673.5,14673.5,100.0,1994.98999,1.21219,2418.3069159781003,2418.3069159781003,100.0,2015,2015-01-01,2025-12-01
2015-02-01,111.8501,100.0,15234.3,15100.665789473682,102.9111376936224,2104.5,1.2499052631578949,2630.42562631579,2607.35171731302,107.81723775778309,2015,2015-01-01,2025-12-01
2015-03-01,114.857,102.68833018477407,14902.4,14666.415835312746,99.9517213705847,2067.889893,1.2618318181818182,2609.3292634839954,2568.0097185357135,106.19039715631236,2015,2015-01-01,2025-12-01
2015-04-01,114.857,102.68833018477407,15224.5,14995.288034865293,102.19298759576986,2085.51001,1.233681818181818,2572.8557809731815,2534.1202343499717,104.78902481759764,2015,2015-01-01,2025-12-01
2015-05-01,114.857,102.68833018477407,15014.1,14706.482505910164,100.22477599693435,2107.389893,1.21764,2566.0422293125202,2513.467684031097,103.93501616458425,2015,2015-01-01,2025-12-01
2015-06-01,117.4469,105.0038399608047,14553.3,14221.503066037736,96.91963789169411,2063.110107,1.2364954545454545,2551.0262695322863,2492.866079425025,103.08311418018539,2015,2015-01-01,2025-12-01
2015-07-01,117.4469,105.0038399608047,14468.4,14127.43220738413,96.27854436490361,2103.840088,1.2863136363636363,2706.1981939228726,2642.4229026285398,109.26747490856819,2015,2015-01-01,2025-12-01
2015-08-01,117.4469,105.0038399608047,13859.1,13532.49120188531,92.22401745926541,1972.180054,1.3147238095238096,2592.8720736617524,2531.7674686265186,104.69173502745943,2015,2015-01-01,2025-12-01
2015-09-01,119.1831,106.55609606070982,13307.0,13013.848151062157,88.68946162171369,1920.030029,1.3265809523809524,2547.0752644708477,2490.9634569136615,103.00443837196632,2015,2015-01-01,2025-12-01
2015-10-01,119.1831,106.55609606070982,13529.2,13220.751257861635,90.09950766934702,2079.360107,1.3072238095238096,2718.189040444376,2656.217749427956,109.83790898822414,2015,2015-01-01,2025-12-01
2015-11-01,119.1831,106.55609606070982,13469.8,13173.061683713611,89.77450290464859,2080.409912,1.3278526315789474,2762.4777764121263,2701.6206735486016,111.71537639406341,2015,2015-01-01,2025-12-01
2015-12-01,120.847,108.04371207535799,13010.0,12783.739130434782,87.12126711714848,2043.939941,1.3712545454545455,2802.7619347323457,2754.018248910914,113.88208133197324,2015,2015-01-01,2025-12-01
2016-01-01,120.847,108.04371207535799,12822.1,12569.29834384858,85.65985173168352,1940.23999,1.4208105263157895,2756.7134013708423,2702.361796454225,111.7460227483672,2015,2015-01-01,2025-12-01
2016-02-01,120.847,108.04371207535799,12860.4,12577.086703383164,85.71292945366248,1932.22998,1.37969,2665.8783811062003,2607.149353040918,107.80886974333607,2015,2015-01-01,2025-12-01
2016-03-01,126.8984,113.45398886545475,13494.4,13114.573260359655,89.37590391085737,2059.73999,1.3226391304347827,2724.292709295348,2647.6120700970423,109.48205344011093,2015,2015-01-01,2025-12-01
2016-04-01,126.8984,113.45398886545475,13951.5,13516.535074045205,92.1152763420125,2065.300049,1.2818142857142856,2647.331107094614,2564.795452937338,106.05748327440851,2015,2015-01-01,2025-12-01
2016-05-01,126.8984,113.45398886545475,14065.8,13574.370652173911,92.50942619125574,2096.949951,1.2945285714285715,2714.561624425243,2619.720573882435,108.32870536711307,2015,2015-01-01,2025-12-01
2016-06-01,133.3705,119.24039406312555,14064.5,13541.575135553834,92.28592452757579,2098.860107,1.2894045454545455,2706.279762239014,2605.6589809938764,107.74724100476718,2015,2015-01-01,2025-12-01
2016-07-01,133.3705,119.24039406312555,14582.7,14062.293328161366,95.83462247017663,2173.600098,1.3052350000000001,2837.05892391303,2735.813997225676,113.12931287380277,2015,2015-01-01,2025-12-01
2016-08-01,133.3705,119.24039406312555,14598.0,14098.923076923078,96.08425445137887,2170.949951,1.299782608695652,2821.762990658478,2725.2924610633163,112.69423426186802,2015,2015-01-01,2025-12-01
2016-09-01,137.1935,122.65836150347653,14725.9,14211.408152173912,96.85084098663516,2168.27002,1.3107761904761905,2842.1167167393332,2742.8191606420737,113.41898509737844,2015,2015-01-01,2025-12-01
2016-10-01,137.1935,122.65836150347653,14787.3,14237.501084430673,97.02866449334292,2126.149902,1.325095,2817.35060439069,2712.600155892818,112.16939165042616,2015,2015-01-01,2025-12-01
2016-11-01,137.1935,122.65836150347653,15082.9,14578.572861586314,99.35307092095488,2198.810059,1.3434149999999998,2953.9144154114842,2855.1443377577566,118.06377093384668,2015,2015-01-01,2025-12-01
2016-12-01,138.2738,123.6242077566314,15287.6,14799.444548286603,100.85831293342831,2238.830078,1.3339190476190477,2986.4180854266383,2891.0573833218937,119.54882005341273,2015,2015-01-01,2025-12-01
2017-01-01,138.2738,123.6242077566314,15386.0,14768.183783783783,100.64527061562534,2278.870117,1.3183052631578946,3004.246469294347,2883.612634233879,119.24097041535286,2015,2015-01-01,2025-12-01
2017-02-01,138.2738,123.6242077566314,15399.2,14758.061372397842,100.57628631477044,2363.639893,1.3109157894736843,3098.5328563635894,2969.526862343826,122.79363064810909,2015,2015-01-01,2025-12-01
2017-03-01,146.4193,130.90672247946137,15547.8,14877.533025404155,101.39048642385357,2362.719971,1.3387,3162.9732251777,3026.6171815980606,125.1543863849856,2015,2015-01-01,2025-12-01
2017-04-01,146.4193,130.90672247946137,15586.1,14856.995628834355,101.25052392976697,2384.199951,1.343705,3203.661395158455,3053.7968667039568,126.27830018295376,2015,2015-01-01,2025-12-01
2017-05-01,146.4193,130.90672247946137,15349.9,14620.632720306512,99.6397091376053,2411.800049,1.3605727272727273,3281.4293703044273,3125.530043899159,129.24455631534335,2015,2015-01-01,2025-12-01
2017-06-01,153.8374,137.53890251327448,15182.2,14471.989723926381,98.62670612959677,2423.409912,1.3294863636363636,3221.8904315052,3071.173164387242,126.996831712946,2015,2015-01-01,2025-12-01
2017-07-01,153.8374,137.53890251327448,15143.9,14435.481365030673,98.37790142113792,2470.300049,1.26904,3134.9095741829597,2988.2611968630513,123.56831869103056,2015,2015-01-01,2025-12-01
2017-08-01,153.8374,137.53890251327448,15211.9,14489.189042145592,98.74391959754382,2471.649902,1.2607695652173911,3116.1809723141478,2968.132527652479,122.73597317369448,2015,2015-01-01,2025-12-01
2017-09-01,155.6623,139.17046117973965,15634.9,14857.936314984709,101.25693471213214,2519.360107,1.227875,3093.459291382625,2939.7323388292066,121.56159002837785,2015,2015-01-01,2025-12-01
2017-10-01,155.6623,139.17046117973965,16025.6,15217.586554621848,103.70795348500255,2575.26001,1.2606904761904763,3246.6057683211907,3082.911359834408,127.48222070015889,2015,2015-01-01,2025-12-01
2017-11-01,155.6623,139.17046117973965,16067.5,15210.892993145468,103.66233681906476,2647.580078,1.277335,3381.84669893213,3201.55022602638,132.38808543585924,2015,2015-01-01,2025-12-01
2017-12-01,154.6915,138.3025138108951,16209.1,15403.601911314983,104.97564937686977,2673.610107,1.27687,3413.85253732509,3244.203902060464,134.15186801251505,2015,2015-01-01,2025-12-01
2018-01-01,154.6915,138.3025138108951,15951.7,15055.400987091876,102.60265776462245,2823.810059,1.242904761904762,3509.726969045667,3312.521353472866,136.9768796337042,2015,2015-01-01,2025-12-01
2018-02-01,154.6915,138.3025138108951,15442.7,14487.00083018868,98.7290069185176,2713.830078,1.258821052631579,3416.2264354512004,3204.80713906856,132.52276284262928,2015,2015-01-01,2025-12-01
2018-03-01,154.147,137.8157015505574,15367.3,14372.877276147477,97.95125413941784,2640.870117,1.2932545454545454,3415.317282765327,3194.3110477632063,132.08873640719196,2015,2015-01-01,2025-12-01
2018-04-01,154.147,137.8157015505574,15607.9,14554.103300825205,99.1863107017767,2648.050049,1.2731619047619047,3371.396444289695,3143.7702777585073,129.99881268118477,2015,2015-01-01,2025-12-01
2018-05-01,154.147,137.8157015505574,16061.5,14965.850449775113,101.99237025777839,2705.27002,1.2866272727272727,3480.6741878234543,3243.236893151839,134.1118809909242,2015,2015-01-01,2025-12-01
2018-06-01,154.8542,138.44797635406672,16277.7,15144.596631736527,103.21052667554795,2718.370117,1.312452380952381,3567.731332366452,3319.378777044536,137.26044263087226,2015,2015-01-01,2025-12-01
2018-07-01,154.8542,138.44797635406672,16434.0,15210.321667907669,103.65844323377291,2816.290039,1.3133428571428571,3698.7544063632286,3423.3445473637325,141.55955659495513,2015,2015-01-01,2025-12-01
2018-08-01,154.8542,138.44797635406672,16262.9,15063.177868852461,102.65565726549535,2901.52002,1.3042478260869566,3784.3011784327828,3505.1314193680696,144.94154551720314,2015,2015-01-01,2025-12-01
2018-09-01,154.4196,138.05942059953455,16073.1,14943.054076290204,101.83701282100523,2913.97998,1.3034000000000001,3798.0815059320003,3531.0510933982623,146.01335628939825,2015,2015-01-01,2025-12-01
2018-10-01,154.4196,138.05942059953455,15027.3,13929.108053691274,94.92696393969588,2711.73999,1.300440909090909,3526.4576178137727,3268.7448314261887,135.16666597730517,2015,2015-01-01,2025-12-01
2018-11-01,154.4196,138.05942059953455,15197.8,14150.46097378277,96.435485560928,2760.169922,1.32048,3644.7491786025603,3393.5754524366907,140.32856747896022,2015,2015-01-01,2025-12-01
2018-12-01,154.286,137.93997502013858,14322.9,13345.85059970015,90.95206051521552,2506.850098,1.343611111111111,3368.2316455627774,3138.464719216291,129.77942123392216,2015,2015-01-01,2025-12-01
2019-01-01,154.286,137.93997502013858,15540.6,14458.806736526947,98.53686398287353,2704.100098,1.330045,3596.5748148444095,3346.2144422541924,138.3701307780776,2015,2015-01-01,2025-12-01
2019-02-01,154.286,137.93997502013858,15999.0,14785.692936802974,100.76459560979299,2784.48999,1.3208722222222222,3677.9554808468333,3399.032462968486,140.55422165443895,2015,2015-01-01,2025-12-01
2019-03-01,152.5901,136.4237492858746,16102.1,14782.060782865583,100.73984245657535,2834.399902,1.3370523809523809,3789.7411375402953,3479.060734093491,143.86349024215406,2015,2015-01-01,2025-12-01
2019-04-01,152.5901,136.4237492858746,16580.7,15154.272132352942,103.27646527653896,2945.830078,1.3378136363636364,3940.9716487585547,3601.932176034473,148.9443772515387,2015,2015-01-01,2025-12-01
2019-05-01,152.5901,136.4237492858746,16037.5,14593.420571010249,99.45425815933655,2752.060059,1.3459772727272727,3704.2102925944773,3370.668663027039,139.3813432346634,2015,2015-01-01,2025-12-01
2019-06-01,151.8894,135.7972858316622,16382.2,14939.89332355099,101.81547227008548,2941.76001,1.32887,3909.2166244887,3565.044948084705,147.41904447818192,2015,2015-01-01,2025-12-01
2019-07-01,151.8894,135.7972858316622,16406.6,14885.696204379561,101.44611854281229,2980.379883,1.3105227272727271,3905.8555725779315,3543.779910010488,146.53970869438558,2015,2015-01-01,2025-12-01
2019-08-01,151.8894,135.7972858316622,16442.1,14939.715131578945,101.81425789061196,2926.459961,1.3273136363636364,3884.3302125074956,3529.4023787622928,145.9451798877564,2015,2015-01-01,2025-12-01
2019-09-01,151.7732,135.6933967873073,16658.6,15203.112922173275,103.60931558369357,2976.73999,1.3240500000000002,3941.3525837595007,3596.9906472929956,148.74003888948764,2015,2015-01-01,2025-12-01
2019-10-01,151.7732,135.6933967873073,16483.2,14998.987994143485,102.21820284283562,3037.560059,1.3189227272727273,4006.3069972709864,3645.5633950276983,150.7485824458814,2015,2015-01-01,2025-12-01
2019-11-01,151.7732,135.6933967873073,17040.2,15528.569354838708,105.82730333484656,3140.97998,1.323657894736842,4157.582947737368,3788.7651055993756,156.67015135946812,2015,2015-01-01,2025-12-01
2019-12-01,153.6002,137.3268329666223,17063.4,15549.71129032258,105.9713857656495,3230.780029,1.3168952380952381,4254.598835523296,3877.174745275261,160.32599996543914,2015,2015-01-01,2025-12-01
2020-01-01,153.6002,137.3268329666223,17318.5,15736.03472222222,107.2411811920961,3225.52002,1.3089095238095239,4221.913873416286,3836.1395794272244,158.6291447988384,2015,2015-01-01,2025-12-01
2020-02-01,153.6002,137.3268329666223,16263.1,14712.542430858806,100.26607442572532,2954.219971,1.3286368421052632,3925.0854931537424,3550.859729250438,146.83246802915704,2015,2015-01-01,2025-12-01
2020-03-01,156.2749,139.71815849963477,13378.8,12174.120351390922,82.96671108727244,2584.590088,1.3960227272727272,3608.146503531818,3283.25483447295,135.76667265763558,2015,2015-01-01,2025-12-01
2020-04-01,156.2749,139.71815849963477,14780.7,13538.990493736184,92.26831017641452,2912.429932,1.4047954545454546,4091.3683301557276,3747.657210304768,154.9702887397567,2015,2015-01-01,2025-12-01
2020-05-01,156.2749,139.71815849963477,15192.8,13875.569728141072,94.5620998953288,3044.310059,1.3972,4253.5100144348,3884.726633315545,160.63827993248495,2015,2015-01-01,2025-12-01
2020-06-01,160.4669,143.46603176930554,15515.2,14056.409329446065,95.79452297983484,3100.290039,1.3551772727272728,4201.44259971555,3806.409002511975,157.39974845055792,2015,2015-01-01,2025-12-01
2020-07-01,160.4669,143.46603176930554,16169.2,14648.918075801752,99.83247402325112,3271.120117,1.3496954545454545,4415.015953187095,3999.9014794544896,165.4009031288199,2015,2015-01-01,2025-12-01
2020-08-01,160.4669,143.46603176930554,16514.4,14983.50306569343,102.11267295255686,3500.310059,1.322890476190476,4630.526840764824,4201.273622679326,173.7278918122803,2015,2015-01-01,2025-12-01
2020-09-01,161.8262,144.68131901536074,16121.4,14637.6188458729,99.75546969620677,3363.0,1.3229761904761905,4449.168928571428,4039.6763902222683,167.0456451797556,2015,2015-01-01,2025-12-01
2020-10-01,161.8262,144.68131901536074,15580.6,14084.8624,95.98843084472007,3269.959961,1.3217714285714286,4322.139649022343,3907.2142427161984,161.56817056183706,2015,2015-01-01,2025-12-01
2020-11-01,161.8262,144.68131901536074,17190.3,15517.460348583878,105.75159538340462,3621.629883,1.307261111111111,4734.415904883783,4273.6956933700385,176.72263454787804,2015,2015-01-01,2025-12-01
2020-12-01,165.1458,147.64921980400555,17433.4,15771.263609898107,107.48126629569023,3756.070068,1.2809190476190477,4811.221694292972,4352.509873366931,179.98169895678976,2015,2015-01-01,2025-12-01
2021-01-01,165.1458,147.64921980400555,17337.0,15593.26410998553,106.26819852104494,3714.23999,1.272461111111111,4726.225944608722,4250.867474058352,175.7786592748944,2015,2015-01-01,2025-12-01
2021-02-01,165.1458,147.64921980400555,18060.3,16161.95313174946,110.14381798309512,3811.149902,1.2696473684210527,4838.816443732453,4330.200748422922,179.05918888180258,2015,2015-01-01,2025-12-01
2021-03-01,167.5337,149.7841307249614,18700.7,16651.12471346705,113.47752556286537,3972.889893,1.256895652173913,4993.508033077383,4446.225275870478,183.85694745748071,2015,2015-01-01,2025-12-01
2021-04-01,167.5337,149.7841307249614,19108.3,16929.16386315039,115.37236421542501,4181.169922,1.2494454545454545,5224.143753725073,4628.375399772106,191.38908172456385,2015,2015-01-01,2025-12-01
2021-05-01,167.5337,149.7841307249614,19731.0,17394.065957446808,118.5406750771582,4204.109863,1.21248,5097.399126690239,4493.664620195722,185.81862337263465,2015,2015-01-01,2025-12-01
2021-06-01,176.1755,157.5103643179577,20165.6,17726.90297029703,120.80896153131175,4297.5,1.2220409090909092,5251.720806818183,4616.611713490099,190.9026386596128,2015,2015-01-01,2025-12-01
2021-07-01,176.1755,157.5103643179577,20287.8,17721.528742094164,120.77233613039947,4395.259766,1.2530428571428571,5507.448855073686,4810.793342836677,198.93229064727376,2015,2015-01-01,2025-12-01
2021-08-01,176.1755,157.5103643179577,20582.9,17941.47594670407,122.27127779128408,4522.680176,1.2598954545454546,5698.104196105236,4966.860810490048,205.3858746246511,2015,2015-01-01,2025-12-01
2021-09-01,177.8443,159.00236119592205,20070.3,17457.930650804756,118.97591338674995,4307.540039,1.2671095238095238,5458.125007607749,4747.69026204089,196.32289973916133,2015,2015-01-01,2025-12-01
2021-10-01,177.8443,159.00236119592205,21037.1,18171.727102154273,123.84044094561129,4605.379883,1.24336,5726.14513132688,4946.211534565192,204.5320013719046,2015,2015-01-01,2025-12-01
2021-11-01,177.8443,159.00236119592205,20660.0,17808.862690707352,121.36751757050024,4567.0,1.2566950000000001,5739.326065,4947.283147569348,204.57631390300128,2015,2015-01-01,2025-12-01
2021-12-01,179.6678,160.63266818715408,21222.8,18319.403055555555,124.84685354929333,4766.180176,1.2800380952380952,6100.892194048609,5266.256248057237,217.76624849651333,2015,2015-01-01,2025-12-01
2022-01-01,179.6678,160.63266818715408,21098.3,18048.993048864417,123.00400755691837,4515.549805,1.262235,5699.685008114175,4875.917732337177,201.62526518537783,2015,2015-01-01,2025-12-01
2022-02-01,179.6678,160.63266818715408,21126.4,17888.361852861035,121.90930488882022,4373.939941,1.2711,5559.715059005099,4707.5788953292495,194.66424481630523,2015,2015-01-01,2025-12-01
2022-03-01,198.607,177.56533074176957,21890.2,18273.686098052385,124.53529218013688,4530.410156,1.2660347826086957,5735.656836979687,4788.060072777535,197.99224164402526,2015,2015-01-01,2025-12-01
2022-04-01,198.607,177.56533074176957,20762.0,17227.7476635514,117.40721479913722,4131.930176,1.2628190476190477,5217.880129684724,4329.656209077511,179.03667150231647,2015,2015-01-01,2025-12-01
2022-05-01,198.607,177.56533074176957,20729.3,16962.817577353522,115.60171450133589,4132.149902,1.2859142857142858,5313.590589694686,4348.119225141866,179.8001401895359,2015,2015-01-01,2025-12-01
2022-06-01,187.6682,167.78545571260108,18861.4,15333.368345323743,104.49700715796328,3785.379883,1.2804238095238094,4846.890530285652,3940.2779131099182,162.93539447271715,2015,2015-01-01,2025-12-01
2022-07-01,187.6682,167.78545571260108,19692.9,15988.422403657742,108.96120491810231,4130.290039,1.293625,5343.046451701376,4337.953454908433,179.37977294143076,2015,2015-01-01,2025-12-01
2022-08-01,187.6682,167.78545571260108,19330.8,15745.86133682831,107.30814963593083,3955.0,1.2917478260869566,5108.862652173913,4161.41302532908,172.07960651454238,2015,2015-01-01,2025-12-01
2022-09-01,169.2519,151.3202938575826,18444.2,15013.844531761626,102.31945024541946,3585.620117,1.333852380952381,4782.687930251205,3893.1768810099857,160.98770818903128,2015,2015-01-01,2025-12-01
2022-10-01,169.2519,151.3202938575826,19426.1,15700.027503250973,106.99579175555233,3871.97998,1.368935,5300.4889139213,4283.81516255148,177.14108718987237,2015,2015-01-01,2025-12-01
2022-11-01,169.2519,151.3202938575826,20453.3,16508.735,112.50713871946026,4080.110107,1.34571,5490.6449720909695,4431.734870330568,183.25775115844317,2015,2015-01-01,2025-12-01
2022-12-01,160.5654,143.55409606249793,19384.9,15738.361005878513,107.25703483067102,3839.5,1.358542857142857,5216.1253,4234.907738667537,175.11870435828035,2015,2015-01-01,2025-12-01
2023-01-01,160.5654,143.55409606249793,20767.4,16773.150227420403,114.30913025127205,4076.600098,1.34222,5471.69418353756,4419.308557594013,182.74390766511098,2015,2015-01-01,2025-12-01
2023-02-01,160.5654,143.55409606249793,20221.2,16268.57708737864,110.87046094918487,3970.149902,1.345442105263158,5341.606842357201,4297.486928834952,177.70643173704877,2015,2015-01-01,2025-12-01
2023-03-01,159.7024,142.78252768660914,20099.9,16087.68557630393,109.63768409925328,4109.310059,1.3682739130434782,5622.661754336857,4500.301713226472,186.09307542778518,2015,2015-01-01,2025-12-01
2023-04-01,159.7024,142.78252768660914,20636.5,16401.00351662404,111.77294794441708,4169.47998,1.3484450000000001,5622.314431631101,4468.373937671009,184.77282218182575,2015,2015-01-01,2025-12-01
2023-05-01,159.7024,142.78252768660914,19572.2,15495.69719745223,105.60327936383432,4179.830078,1.3517181818181818,5649.952313343109,4473.178806041709,184.97150946750293,2015,2015-01-01,2025-12-01
2023-06-01,165.2839,147.77268862522251,20155.3,15937.047010178117,108.61108127016811,4450.379883,1.3286047619047618,5912.795904838957,4675.321443838947,193.3303590602346,2015,2015-01-01,2025-12-01
2023-07-01,165.2839,147.77268862522251,20626.6,16216.865148640101,110.51804374307494,4588.959961,1.3211249999999999,6062.589728476124,4766.476301388882,197.099725841087,2015,2015-01-01,2025-12-01
2023-08-01,165.2839,147.77268862522251,20292.6,15893.951984877127,108.31738838639129,4507.660156,1.3478391304347825,6075.600744958556,4758.646330172329,196.77594678869215,2015,2015-01-01,2025-12-01
2023-09-01,162.7144,145.475417545447,19541.3,15324.817602523659,104.43873378896417,4288.049805,1.35309,5802.117310647449,4550.177802608693,188.15551378301143,2015,2015-01-01,2025-12-01
2023-10-01,162.7144,145.475417545447,18873.5,14791.77837326608,100.80606789972452,4193.799805,1.3712190476190476,5750.618174517047,4506.947283054659,186.3678780090572,2015,2015-01-01,2025-12-01
2023-11-01,162.7144,145.475417545447,20236.3,15839.874622166246,107.9488508001925,4567.799805,1.370665,6260.923319720325,4900.710129982596,202.65046167642754,2015,2015-01-01,2025-12-01
2023-12-01,156.2966,139.73755946574926,20958.4,16456.911686670875,112.15396249477546,4769.830078,1.34162,6399.29942924636,5024.844719237665,207.78358139894468,2015,2015-01-01,2025-12-01
2024-01-01,156.2966,139.73755946574926,21021.9,16506.77302590019,112.49376785293346,4845.649902,1.3422714285714286,6504.177416314543,5107.196796259618,211.18894225193822,2015,2015-01-01,2025-12-01
2024-02-01,156.2966,139.73755946574926,21363.6,16722.263727959693,113.96233841932526,5096.27002,1.349995,6879.9390456499,5385.241960795231,222.68645576846203,2015,2015-01-01,2025-12-01
2024-03-01,156.4211,139.8488691561295,22167.0,17242.541301627032,117.50803354092092,5254.350098,1.353557142857143,7112.063106220029,5532.099149581662,228.759183254627,2015,2015-01-01,2025-12-01
2024-04-01,156.4211,139.8488691561295,21714.5,16806.428082191782,114.53591905265807,5035.689941,1.3673545454545455,6885.573530326082,5329.245266622241,220.37092278945875,2015,2015-01-01,2025-12-01
2024-05-01,156.4211,139.8488691561295,22269.1,17139.62309597523,116.80664528555033,5277.509766,1.366659090909091,7212.55669906541,5551.212369621241,229.54953868525064,2015,2015-01-01,2025-12-01
2024-06-01,156.3798,139.81194473675035,21875.8,16847.347831474595,114.81478741591711,5460.47998,1.370536842105263,7483.78898816821,5763.537616042804,238.32945181450236,2015,2015-01-01,2025-12-01
2024-07-01,156.3798,139.81194473675035,23110.8,17721.60666255398,120.77286715885084,5522.299805,1.3714272727272727,7573.432560753499,5807.388447265022,240.14273824777055,2015,2015-01-01,2025-12-01
2024-08-01,156.3798,139.81194473675035,23346.2,17935.30692212608,122.2292358477942,5648.399902,1.3655,7712.890066180999,5925.29193588565,245.0181942058883,2015,2015-01-01,2025-12-01
2024-09-01,153.045,136.83045433128802,24000.4,18517.99950341403,126.20028966104904,5762.47998,1.3546200000000002,7805.970630507601,6022.856296536901,249.0526019151261,2015,2015-01-01,2025-12-01
2024-10-01,153.045,136.83045433128802,24156.9,18558.112917181705,126.4736628424146,5705.450195,1.375668181818182,7848.806296209842,6029.7071855307995,249.33589469937255,2015,2015-01-01,2025-12-01
2024-11-01,153.045,136.83045433128802,25648.0,19703.624227441283,134.28033003333414,6032.379883,1.397278947368421,8428.917413044679,6475.367332765473,267.7644963086279,2015,2015-01-01,2025-12-01
2024-12-01,150.5615,134.61007187298,24727.9,19067.481203473948,129.94501109806077,5881.629883,1.424704761904762,8379.586102071447,6461.430226349137,267.18817961680304,2015,2015-01-01,2025-12-01
2025-01-01,150.5615,134.61007187298,25533.1,19676.158276503407,134.0931493951914,6040.529785,1.438861904761905,8691.48819221612,6697.780423387871,276.9615543475759,2015,2015-01-01,2025-12-01
2025-02-01,150.5615,134.61007187298,25393.5,19364.491104294477,131.96913554567402,5954.5,1.429863157894737,8514.12017368421,6492.6695557604135,268.4799647580882,2015,2015-01-01,2025-12-01
2025-03-01,150.6479,134.68731811594267,24917.5,18943.39602446483,129.09936977861335,5611.850098,1.4355761904761903,8056.238385210275,6124.712117930502,253.2644668657916,2015,2015-01-01,2025-12-01
2025-04-01,150.6479,134.68731811594267,24841.7,18897.327478580173,128.7854123323009,5569.060059,1.3981409090909092,7786.330693672133,5923.138954855851,244.92916576141857,2015,2015-01-01,2025-12-01
2025-05-01,150.6479,134.68731811594267,26175.1,19802.586305538647,134.9547572531342,5911.689941,1.386695238095238,8197.712290280218,6201.921105793251,256.4571545826656,2015,2015-01-01,2025-12-01
2025-06-01,149.181,133.37583068767933,26857.1,20306.18935523114,138.38681538304522,6204.950195,1.36683,8481.11207503185,6412.422329236368,265.16164209218334,2015,2015-01-01,2025-12-01
2025-07-01,149.181,133.37583068767933,27259.8,20548.16943602183,140.03591124150225,6339.390137,1.3691090909090908,8679.316667386127,6542.383637089724,270.535703878745,2015,2015-01-01,2025-12-01
2025-08-01,149.181,133.37583068767933,28564.5,21544.704793689318,146.82730632561635,6460.259766,1.3797190476190475,8913.343451717172,6722.867664128909,277.99894296749346,2015,2015-01-01,2025-12-01
2025-09-01,145.2817,129.8896469471194,30022.8,22630.891691934503,154.22967725446895,6688.459961,1.3834285714285715,9253.006608903428,6974.82547899755,288.4177121156078,2015,2015-01-01,2025-12-01
2025-10-01,145.2817,129.8896469471194,30260.7,22755.02123411978,155.07562090925668,6840.200195,1.3987681818181819,9567.854390032524,7194.702363466682,297.5098948743955,2015,2015-01-01,2025-12-01
2025-11-01,145.2817,129.8896469471194,31382.8,23584.534703748486,160.72876071658763,6849.089844,1.4056166666666667,9627.1948362238,7234.947509931187,299.1740817564905,2015,2015-01-01,2025-12-01
2025-12-01,142.2693,127.19639946678633,31712.8,23890.30933333333,162.81261684896808,6845.5,1.379490909090909,9443.305018181818,7113.956447030303,294.1709507601113,2015,2015-01-01,2025-12-01
2020-01-01,153.6002,100.0,17318.5,17318.5,100.0,3225.52002,1.3089095238095239,4221.913873416286,4221.913873416286,100.0,2020,2020-01-01,2025-12-01
2020-02-01,153.6002,100.0,16263.1,16192.08209606987,93.49586913456632,2954.219971,1.3286368421052632,3925.0854931537424,3907.945381829927,92.56336104904238,2020,2020-01-01,2025-12-01
2020-03-01,156.2749,101.74133887846499,13378.8,13398.388286969255,77.36460020769267,2584.590088,1.3960227272727272,3608.146503531818,3613.429294898629,85.58747059363189,2020,2020-01-01,2025-12-01
2020-04-01,156.2749,101.74133887846499,14780.7,14900.51407516581,86.0381330667541,2912.429932,1.4047954545454546,4091.3683301557276,4124.5334382115225,97.6934528243712,2020,2020-01-01,2025-12-01
2020-05-01,156.2749,101.74133887846499,15192.8,15270.94077883909,88.17704061459763,3044.310059,1.3972,4253.5100144348,4275.386994670688,101.26656115822496,2020,2020-01-01,2025-12-01
2020-06-01,160.4669,104.47050199153387,15515.2,15469.966180758021,89.32624754313608,3100.290039,1.3551772727272728,4201.44259971555,4189.1934959262935,99.22498709184904,2020,2020-01-01,2025-12-01
2020-07-01,160.4669,104.47050199153387,16169.2,16122.059475218663,93.0915464689128,3271.120117,1.3496954545454545,4415.015953187095,4402.144186559728,104.268924439181,2020,2020-01-01,2025-12-01
2020-08-01,160.4669,104.47050199153387,16514.4,16490.291386861318,95.21778090978617,3500.310059,1.322890476190476,4630.526840764824,4623.766947566628,109.51826792774364,2020,2020-01-01,2025-12-01
2020-09-01,161.8262,105.35546177674249,16121.4,16109.623959094231,93.01974165830893,3363.0,1.3229761904761905,4449.168928571428,4445.91898779088,105.30577176822733,2020,2020-01-01,2025-12-01
2020-10-01,161.8262,105.35546177674249,15580.6,15501.280581818184,89.50706228494491,3269.959961,1.3217714285714286,4322.139649022343,4300.136028990957,101.85276530786678,2020,2020-01-01,2025-12-01
2020-11-01,161.8262,105.35546177674249,17190.3,17077.945098039218,98.61099458982716,3621.629883,1.307261111111111,4734.415904883783,4703.472010080622,111.40615728086061,2020,2020-01-01,2025-12-01
2020-12-01,165.1458,107.51665687935304,17433.4,17357.271615720525,100.22387398285375,3756.070068,1.2809190476190477,4811.221694292972,4790.211992571169,113.46067532862831,2020,2020-01-01,2025-12-01
2021-01-01,165.1458,107.51665687935304,17337.0,17161.37192474675,99.09271544733521,3714.23999,1.272461111111111,4726.225944608722,4678.348113042499,110.81107415525923,2020,2020-01-01,2025-12-01
2021-02-01,165.1458,107.51665687935304,18060.3,17787.250107991364,102.70664380859407,3811.149902,1.2696473684210527,4838.816443732453,4765.659391667384,112.87912388916428,2020,2020-01-01,2025-12-01
2021-03-01,167.5337,109.07127725094108,18700.7,18325.614326647566,105.81525147470951,3972.889893,1.256895652173913,4993.508033077383,4893.351711497035,115.90363655470391,2020,2020-01-01,2025-12-01
2021-04-01,167.5337,109.07127725094108,19108.3,18631.613970064147,107.58214608692525,4181.169922,1.2494454545454545,5224.143753725073,5093.819426297861,120.65190288157268,2020,2020-01-01,2025-12-01
2021-05-01,167.5337,109.07127725094108,19731.0,19143.26808510638,110.536525017215,4204.109863,1.21248,5097.399126690239,4945.561705895211,117.1402793656083,2020,2020-01-01,2025-12-01
2021-06-01,176.1755,114.69744180020598,20165.6,19509.57623762376,112.6516513417661,4297.5,1.2220409090909092,5251.720806818183,5080.872746624663,120.34524859961971,2020,2020-01-01,2025-12-01
2021-07-01,176.1755,114.69744180020598,20287.8,19503.661560084325,112.61749897557137,4395.259766,1.2530428571428571,5507.448855073686,5294.5818930012665,125.40715068441222,2020,2020-01-01,2025-12-01
2021-08-01,176.1755,114.69744180020598,20582.9,19745.72734922862,114.01522850840789,4522.680176,1.2598954545454546,5698.104196105236,5466.343997385668,129.47549763639338,2020,2020-01-01,2025-12-01
2021-09-01,177.8443,115.78389871888189,20070.3,19213.555213435968,110.94237499457786,4307.540039,1.2671095238095238,5458.125007607749,5225.132967394962,123.76218757790272,2020,2020-01-01,2025-12-01
2021-10-01,177.8443,115.78389871888189,21037.1,19999.133287004865,115.4784380114032,4605.379883,1.24336,5726.14513132688,5443.618165153003,128.9372149306338,2020,2020-01-01,2025-12-01
2021-11-01,177.8443,115.78389871888189,20660.0,19599.778085991682,113.17249234051265,4567.0,1.2566950000000001,5739.326065,5444.797542940361,128.96514960250818,2020,2020-01-01,2025-12-01
2021-12-01,179.6678,116.97107165225044,21222.8,20161.660000000003,116.41689522764676,4766.180176,1.2800380952380952,6100.892194048609,5795.847584346179,137.28009992909443,2020,2020-01-01,2025-12-01
2022-01-01,179.6678,116.97107165225044,21098.3,19864.056710254645,114.69848260677682,4515.549805,1.262235,5699.685008114175,5366.255396490152,127.10480500986363,2020,2020-01-01,2025-12-01
2022-02-01,179.6678,116.97107165225044,21126.4,19687.27193460491,113.67769688255281,4373.939941,1.2711,5559.715059005099,5180.987875149166,122.7165695579862,2020,2020-01-01,2025-12-01
2022-03-01,198.607,129.30126393064592,21890.2,20111.34560107455,116.12637122773076,4530.410156,1.2660347826086957,5735.656836979687,5269.562493611963,124.81454268388335,2020,2020-01-01,2025-12-01
2022-04-01,198.607,129.30126393064592,20762.0,18960.22429906542,109.47959868964068,4131.930176,1.2628190476190477,5217.880129684724,4765.060091728106,112.86492890657472,2020,2020-01-01,2025-12-01
2022-05-01,198.607,129.30126393064592,20729.3,18668.652007899935,107.79601009267508,4132.149902,1.2859142857142858,5313.590589694686,4785.379806913977,113.34622046758489,2020,2020-01-01,2025-12-01
2022-06-01,187.6682,122.17965862023618,18861.4,16875.340222367562,97.44111916371257,3785.379883,1.2804238095238094,4846.890530285652,4336.524686351061,102.71466487406182,2020,2020-01-01,2025-12-01
2022-07-01,187.6682,122.17965862023618,19692.9,17596.268582625737,101.60388360785136,4130.290039,1.293625,5343.046451701376,4774.191734766482,113.08122045851457,2020,2020-01-01,2025-12-01
2022-08-01,187.6682,122.17965862023618,19330.8,17329.314809960684,100.06244657424537,3955.0,1.2917478260869566,5108.862652173913,4579.897842840049,108.47918693173362,2020,2020-01-01,2025-12-01
2022-09-01,169.2519,110.18989558607346,18444.2,16523.684086444013,95.41059610499762,3585.620117,1.333852380952381,4782.687930251205,4284.687025922495,101.48684114333706,2020,2020-01-01,2025-12-01
2022-10-01,169.2519,110.18989558607346,19426.1,17278.871781534457,99.77117984545116,3871.97998,1.368935,5300.4889139213,4714.609124996319,111.66995031998022,2020,2020-01-01,2025-12-01
2022-11-01,169.2519,110.18989558607346,20453.3,18168.905454545456,104.91038747319604,4080.110107,1.34571,5490.6449720909695,4877.4041050782125,115.52590250097919,2020,2020-01-01,2025-12-01
2022-12-01,160.5654,104.53462951220116,19384.9,17321.060222077078,100.01478316295913,3839.5,1.358542857142857,5216.1253,4660.783416329197,110.39503779734348,2020,2020-01-01,2025-12-01
2023-01-01,160.5654,104.53462951220116,20767.4,18459.911111111116,106.59070422444852,4076.600098,1.34222,5471.69418353756,4863.728163144498,115.2019749566532,2020,2020-01-01,2025-12-01
2023-02-01,160.5654,104.53462951220116,20221.2,17904.596504854373,103.38422210269003,3970.149902,1.345442105263158,5341.606842357201,4729.655767213367,112.0263441894002,2020,2020-01-01,2025-12-01
2023-03-01,159.7024,103.97278128544104,20099.9,17705.513972955574,102.23468529581415,4109.310059,1.3682739130434782,5622.661754336857,4952.866245932273,117.31329426491865,2020,2020-01-01,2025-12-01
2023-04-01,159.7024,103.97278128544104,20636.5,18050.340153452686,104.2257710162698,4169.47998,1.3484450000000001,5622.314431631101,4917.727712577587,116.48100506129613,2020,2020-01-01,2025-12-01
2023-05-01,159.7024,103.97278128544104,19572.2,17053.99337579618,98.47269322283212,4179.830078,1.3517181818181818,5649.952313343109,4923.015773664569,116.60625776055838,2020,2020-01-01,2025-12-01
2023-06-01,165.2839,107.60656561645101,20155.3,17539.726717557256,101.27740114650376,4450.379883,1.3286047619047618,5912.795904838957,5145.486512607948,121.87568640390869,2020,2020-01-01,2025-12-01
2023-07-01,165.2839,107.60656561645101,20626.6,17847.684250474384,103.0556009497034,4588.959961,1.3211249999999999,6062.589728476124,5245.808190104579,124.25189966890014,2020,2020-01-01,2025-12-01
2023-08-01,165.2839,107.60656561645101,20292.6,17492.297920604917,101.00353910907363,4507.660156,1.3478391304347825,6075.600744958556,5237.190812289418,124.0477889723409,2020,2020-01-01,2025-12-01
2023-09-01,162.7144,105.93371623214034,19541.3,16865.929589905365,97.38678055204183,4288.049805,1.35309,5802.117310647449,5007.758032155023,118.61345783690392,2020,2020-01-01,2025-12-01
2023-10-01,162.7144,105.93371623214034,18873.5,16279.28625472888,93.99940095694708,4193.799805,1.3712190476190476,5750.618174517047,4960.180115220253,117.48653013630943,2020,2020-01-01,2025-12-01
2023-11-01,162.7144,105.93371623214034,20236.3,17432.782367758187,100.65988606263929,4567.799805,1.370665,6260.923319720325,5393.5409958295995,127.75109008714232,2020,2020-01-01,2025-12-01
2023-12-01,156.2966,101.75546646423639,20958.4,18111.870625394822,104.58105855238516,4769.830078,1.34162,6399.29942924636,5530.158950858509,130.98701481524108,2020,2020-01-01,2025-12-01
2024-01-01,156.2966,101.75546646423639,21021.9,18166.74617814277,104.89791943957485,4845.649902,1.3422714285714286,6504.177416314543,5620.792612456282,133.13375831392912,2020,2020-01-01,2025-12-01
2024-02-01,156.2966,101.75546646423639,21363.6,18403.90730478589,106.26732860689951,5096.27002,1.349995,6879.9390456499,5926.798875597648,140.38180439720347,2020,2020-01-01,2025-12-01
2024-03-01,156.4211,101.83652104619657,22167.0,18976.505632040047,109.57360990871061,5254.350098,1.353557142857143,7112.063106220029,6088.424486426157,144.21005896786636,2020,2020-01-01,2025-12-01
2024-04-01,156.4211,101.83652104619657,21714.5,18496.535491905357,106.8021797032385,5035.689941,1.3673545454545455,6885.573530326082,5865.17097726406,138.92208967583898,2020,2020-01-01,2025-12-01
2024-05-01,156.4211,101.83652104619657,22269.1,18863.237647058824,108.91958106682927,5277.509766,1.366659090909091,7212.55669906541,6109.459792149524,144.70829996363415,2020,2020-01-01,2025-12-01
2024-06-01,156.3798,101.8096330603736,21875.8,18541.57026022305,107.06221820725264,5460.47998,1.370536842105263,7483.78898816821,6343.137134952982,150.2431675570929,2020,2020-01-01,2025-12-01
2024-07-01,156.3798,101.8096330603736,23110.8,19503.747316471316,112.61799414771092,5522.299805,1.3714272727272727,7573.432560753499,6391.39774405354,151.38626546357642,2020,2020-01-01,2025-12-01
2024-08-01,156.3798,101.8096330603736,23346.2,19738.937948084058,113.97602533755267,5648.399902,1.3655,7712.890066180999,6521.157979317433,154.4597586506578,2020,2020-01-01,2025-12-01
2024-09-01,153.045,99.63854213731491,24000.4,20380.227932960897,117.67894409423967,5762.47998,1.3546200000000002,7805.970630507601,6628.533719760645,157.0030540295454,2020,2020-01-01,2025-12-01
2024-10-01,153.045,99.63854213731491,24156.9,20424.375278121137,117.93385846419227,5705.450195,1.375668181818182,7848.806296209842,6636.073555757148,157.1816421349063,2020,2020-01-01,2025-12-01
2024-11-01,153.045,99.63854213731491,25648.0,21685.08281829419,125.21340080430863,6032.379883,1.397278947368421,8428.917413044679,7126.550692858542,168.79905432774456,2020,2020-01-01,2025-12-01
2024-12-01,150.5615,98.02168226343456,24727.9,20984.967245657575,121.17081297836172,5881.629883,1.424704761904762,8379.586102071447,7111.212027068078,168.43574360539552,2020,2020-01-01,2025-12-01
2025-01-01,150.5615,98.02168226343456,25533.1,21654.85480471172,125.03885905079377,6040.529785,1.438861904761905,8691.48819221612,7371.330345289308,174.5968905643397,2020,2020-01-01,2025-12-01
2025-02-01,150.5615,98.02168226343456,25393.5,21311.845398773006,123.05826369935622,5954.5,1.429863157894737,8514.12017368421,7145.592881963191,169.25008648225037,2020,2020-01-01,2025-12-01
2025-03-01,150.6479,98.07793219019246,24917.5,20848.403669724772,120.38227138450081,5611.850098,1.4355761904761903,8056.238385210275,6740.632483772267,159.65821866275743,2020,2020-01-01,2025-12-01
2025-04-01,150.6479,98.07793219019246,24841.7,20797.7023255814,120.0895130962924,5569.060059,1.3981409090909092,7786.330693672133,6518.788487725507,154.40363501424622,2020,2020-01-01,2025-12-01
2025-05-01,150.6479,98.07793219019246,26175.1,21793.99683505782,125.84228908426145,5911.689941,1.386695238095238,8197.712290280218,6825.605850945429,161.67089276556675,2020,2020-01-01,2025-12-01
2025-06-01,149.181,97.12292041286406,26857.1,22348.243795620438,129.04260643601026,6204.950195,1.36683,8481.11207503185,7057.275741267379,167.1582119593732,2020,2020-01-01,2025-12-01
2025-07-01,149.181,97.12292041286406,27259.8,22614.55815645846,130.58035139566627,6339.390137,1.3691090909090908,8679.316667386127,7200.306368092312,170.54602684886066,2020,2020-01-01,2025-12-01
2025-08-01,149.181,97.12292041286406,28564.5,23711.308252427185,136.9131752312682,6460.259766,1.3797190476190475,8913.343451717172,7398.940438075904,175.25086157403854,2020,2020-01-01,2025-12-01
2025-09-01,145.2817,94.58431694750398,30022.8,24906.725530624622,143.8157203604505,6688.459961,1.3834285714285715,9253.006608903428,7676.235925397144,181.81886593498155,2020,2020-01-01,2025-12-01
2025-10-01,145.2817,94.58431694750398,30260.7,25043.337931034486,144.60454387524604,6840.200195,1.3987681818181819,9567.854390032524,7918.224322785537,187.55058867125283,2020,2020-01-01,2025-12-01
2025-11-01,145.2817,94.58431694750398,31382.8,25956.269891172913,149.8759701543027,6849.089844,1.4056166666666667,9627.1948362238,7962.516648098041,188.59969404479907,2020,2020-01-01,2025-12-01
2025-12-01,142.2693,92.6231215844771,31712.8,26292.794181818183,151.81911933376554,6845.5,1.379490909090909,9443.305018181818,7829.358342347108,185.44571436299225,2020,2020-01-01,2025-12-01
