date,canada_house_real,canada_house_real_index_1999,tsx_cad,tsx_real,tsx_real_index_1999,sp500_usd,usd_cad,sp500_cad,sp500_real,sp500_real_index_1999,bc_vancouver,bc_vancouver_real,bc_vancouver_real_index_1999,on_toronto,on_toronto_real,on_toronto_real_index_1999,qc_montreal,qc_montreal_real,qc_montreal_real_index_1999,ab_calgary,ab_calgary_real,ab_calgary_real_index_1999,on_ottawa,on_ottawa_real,on_ottawa_real_index_1999,ab_edmonton,ab_edmonton_real,ab_edmonton_real_index_1999
1999-02-01,58.5525,100.0,6312.7,6312.7,100.0,1238.329956,1.4977421052631579,1854.6989153098737,1854.6989153098737,100.0,66.15,66.15,100.0,67.33,67.33,100.0,58.7,58.7,100.0,69.33,69.33,100.0,62.08,62.07999999999999,100.0,61.22,61.22,100.0
1999-03-01,58.7194,100.28504333717603,6597.8,6569.113913043478,104.06187388983284,1286.369995,1.5175695652173913,1952.1559540208477,1943.6683194381485,104.79697288836827,67.03,66.7385652173913,100.88974333694829,68.45,68.15239130434782,101.22143369129336,58.94,58.68373913043477,99.97229834827048,69.44,69.13808695652173,99.72318903291755,65.25,64.96630434782608,104.64933045719408,61.85,61.58108695652173,100.58981861568397
1999-04-01,58.7194,100.28504333717603,7014.7,6946.448864864864,110.03926790224253,1335.180054,1.4881,1986.8814383574,1967.5496189571656,106.08458347151388,66.8,66.15005405405404,100.00008171436741,69.1,68.42767567567566,101.63029210704838,59.88,59.29738378378378,101.01768958055158,68.84,68.17020540540541,98.32713890870534,64.28,63.654572972972964,102.5363611033714,62.7,62.08994594594595,101.42101591954582
1999-05-01,58.7194,100.28504333717603,6841.8,6760.613592233009,107.09543606116256,1301.839966,1.4611100000000001,1902.1313927222602,1879.5602542972924,101.3404514760966,67.19,66.39270765911542,100.36690500244202,69.97,69.13971952535059,102.68783532652694,59.92,59.20897518878101,100.86707868616867,69.22,68.39861920172599,98.6565977235338,64.05,63.28996763754044,101.94904580789377,62.41,61.66942826321466,100.7341199987172
1999-06-01,60.36,103.08697322915333,7010.1,6912.003875134553,109.49362198638543,1372.709961,1.4694863636363635,2017.1785689173043,1988.951097016416,107.23848925549795,67.19,66.24977395048438,100.15082985711923,72.6,71.58406889128094,106.31823687996575,60.14,59.29842841765339,101.01946919532094,69.61,68.63590958019375,98.9988599166216,63.33,62.443789020452094,100.58600035510969,63.07,62.187427341227114,101.58024720879959
1999-07-01,60.36,103.08697322915333,7081.0,6966.912996777658,110.36344189930867,1328.719971,1.489047619047619,1978.5273091985712,1946.6498552372623,104.95772867328313,67.19,66.10745435016112,99.93568306902662,70.33,69.19686358754028,102.77270694718592,60.45,59.47604726100967,101.32205666270812,69.99,68.86234156820622,99.32546021665401,65.02,63.972416756176145,103.04835173353118,63.61,62.58513426423201,102.22988282298597
1999-08-01,60.36,103.08697322915333,6970.8,6843.786495176849,108.41298485872683,1320.410034,1.4931954545454544,1971.630260905009,1935.7055937716916,104.36764575603819,67.39,66.16210075026795,100.0182928953408,70.64,69.35288317256163,103.00443067363973,60.91,59.800171489817785,101.87422741025176,70.24,68.96017148981778,99.46656784915301,63.66,62.50006430868167,100.67664998176818,63.6,62.4411575562701,101.99470362017331
1999-09-01,59.4283,101.49575167584646,6957.7,6809.031196581197,107.86242331460703,1282.709961,1.477052380952381,1894.629801966386,1854.1462591893264,99.97020238077538,67.54,66.09683760683761,99.91963357042721,70.78,69.26760683760685,102.8777763814152,60.76,59.4617094017094,101.29763100802282,70.51,69.00337606837607,99.5288851411742,64.72,63.33709401709401,102.02495814609216,63.51,62.15294871794872,101.5239279940358
1999-10-01,59.4283,101.49575167584646,7256.2,7093.57438633938,112.36989539086888,1362.930054,1.4776099999999999,2013.8790770909397,1968.744113783672,106.14898717696958,67.39,65.87965848452508,99.59132046035538,71.08,69.48695837780149,103.2035621235727,60.92,59.55466382070437,101.45598606593589,70.77,69.18390608324438,99.78927748917407,64.26,62.81980789754535,101.19170086589138,63.8,62.3701173959445,101.87866284865159
1999-11-01,59.4283,101.49575167584646,7523.2,7362.447863247863,116.62914225684516,1388.910034,1.46743,2038.12825119262,1994.5785022355128,107.54190266522417,67.73,66.28277777777778,100.20072226421432,71.16,69.63948717948718,103.4301012616771,61.32,60.009743589743586,102.23124972699078,70.52,69.01316239316239,99.54300071132612,65.74,64.33529914529913,103.63289166446383,64.25,62.87713675213675,102.70685519787119
1999-12-01,60.0764,102.6026215789249,8413.8,8225.230309498398,130.2965499627481,1469.25,1.4722086956521738,2163.0426260869563,2114.564616324068,114.01120682549046,67.63,66.11427961579508,99.94600093090715,70.84,69.25233724653148,102.85509764819767,61.65,60.268303094983985,102.67172588583303,71.21,69.61404482390607,100.4096997315824,64.78,63.328153681963705,102.01055683306011,63.9,62.46787620064033,102.03834727317924
2000-01-01,60.0764,102.6026215789249,8481.1,8308.756791443851,131.6196998343633,1394.459961,1.4486,2020.0146995046002,1978.9662724558434,106.70013640058704,67.77,66.39285561497326,100.36712866964965,72.86,71.37942245989305,106.01429148951887,61.08,59.838802139037426,101.9400377155663,70.7,69.26331550802139,99.9038158200222,65.61,64.2767486631016,103.5385770990683,64.75,63.43422459893048,103.61683207927226
2000-02-01,60.0764,102.6026215789249,9129.0,8886.465462274176,140.77123041288476,1366.420044,1.45121,1982.96243205324,1930.280114517288,104.07511961017062,67.69,65.89164718384697,99.6094439665109,71.6,69.69776833156216,103.51666171329595,61.54,59.90503719447396,102.05287426656552,71.85,69.94112646121147,100.88147477457301,66.46,64.69432518597236,104.2112196938988,64.5,62.786397449521786,102.55863680091765
2000-03-01,60.0711,102.59356987319073,9462.4,9142.994092827004,144.8349215522202,1498.579956,1.4607739130434783,2189.0865063346437,2115.1932909309426,114.04510314158172,67.65,65.36645569620254,98.81550369796301,73.06,70.59383966244725,104.84752660396146,61.9,59.81054852320674,101.89190549098252,72.11,69.67590717299578,100.49892856338639,65.51,63.29869198312237,101.96309919961723,65.12,62.92185654008439,102.77990287501535
2000-04-01,60.0711,102.59356987319073,9347.6,9060.742433862433,143.53196625631557,1452.430054,1.4688750000000002,2133.43819556925,2067.96760544067,111.49883080053262,68.06,65.97138624338623,99.72998676248864,72.78,70.54653968253967,104.7772756312783,62.22,60.31060317460317,102.74378735026093,72.67,70.43991534391535,101.60091640547432,66.43,64.39140740740741,103.72327224131351,65.26,63.25731216931217,103.32785391916394
2000-05-01,60.0711,102.59356987319073,9252.0,8930.276080084297,141.46523801359635,1420.599976,1.4957363636363636,2124.843042284145,2050.954928063516,110.58155645283551,68.22,65.84775553213909,99.5430922632488,73.78,71.21441517386722,105.76921903143803,62.46,60.28805057955742,102.70536725648623,72.89,70.355363540569,101.47896082586038,68.59,66.20488935721812,106.64447383572508,66.2,63.89799789251844,104.3743840126077
2000-06-01,60.7041,103.6746509542718,10195.5,9779.139267015706,154.9121495875886,1454.599976,1.4770454545454543,2148.510282732727,2060.770072233694,111.11076063196981,68.78,65.9711832460733,99.72967988824382,73.77,70.75740314136125,105.0904546878973,63.38,60.79170680628272,103.56338467850547,73.72,70.709445026178,101.98967983005628,67.68,64.91610471204189,104.56846764182006,66.32,63.611643979057575,103.90663831927078
2000-07-01,60.7041,103.6746509542718,10406.3,9950.073903966597,157.61993923307932,1430.829956,1.4777850000000001,2114.45904652746,2021.758336763208,109.00736071360795,69.11,66.08012526096033,99.89436925315242,74.45,71.18601252609604,105.72703479295416,64.07,61.26108559498956,104.36300782792087,73.1,69.89519832985386,100.81522909253404,68.06,65.07615866388309,104.82628650754367,67.08,64.13912317327765,104.76825085474952
2000-08-01,60.7041,103.6746509542718,11247.9,10766.015047021943,170.5453300017733,1517.680054,1.482813043478261,2250.4357798979913,2154.0221257957783,116.13864158840548,68.54,65.60359456635318,99.17399027415445,74.8,71.59540229885056,106.33506950668432,64.79,62.01425287356322,105.6460866670583,74.04,70.86796238244514,102.21832162475862,69.62,66.6373249738767,107.34105182647666,67.18,64.30185997910135,105.03407379794405
2000-09-01,60.0071,102.48426625677811,10377.9,9891.942143600416,156.69906923504072,1436.51001,1.48643,2135.2715741642996,2035.284871940165,109.73667235903461,68.54,65.33053069719043,98.76119530943375,74.65,71.1544224765869,105.68011655515654,64.46,61.44158168574401,104.6704969092743,73.7,70.24890738813737,101.32541091610756,69.1,65.86430801248699,106.09585697887725,67.32,64.16765868886576,104.81486228171472
2000-10-01,60.0071,102.48426625677811,9639.6,9169.131464174456,145.24896580186697,1429.400024,1.5124761904761905,2161.933502966095,2056.418576030055,110.87614054524204,67.92,64.60510903426791,97.66456392179578,75.48,71.7961370716511,106.63320521558161,64.77,61.60884735202492,104.95544693701007,73.78,70.17910695742472,101.22473237764997,70.55,67.10674974039459,108.09721285501708,67.26,63.97732087227415,104.50395438136908
2000-11-01,60.0071,102.48426625677811,8819.9,8363.383436853,132.48504501802717,1314.949951,1.5426380952380954,2028.4918877440668,1923.497483616527,103.70941977367572,67.8,64.29068322981367,97.18924146608263,75.4,71.49730848861284,106.18937841766352,64.84,61.48389233954452,104.7425763876397,73.49,69.68616977225672,100.51373110090395,72.73,68.96550724637682,111.09134543552968,67.47,63.97776397515528,104.5046781691527
2000-12-01,60.2182,102.84479740403911,8933.7,8462.53278179938,134.05567794761956,1320.280029,1.521875,2009.3011691343752,1903.3297527684463,102.62203407017401,68.14,64.54626680455014,97.57561119357541,75.52,71.53704239917269,106.24839209739001,64.54,61.136132368148914,104.15014032052625,74.48,70.55189245087901,101.76242961326845,72.12,68.31635987590487,110.04568278979522,67.86,64.28103412616339,105.00005574348805
2001-01-01,60.2182,102.84479740403911,9321.9,8866.93707165109,140.46187957056554,1366.01001,1.5032,2053.386247032,1953.1690574053084,105.30922519459082,68.35,65.01412253374869,98.28287609032303,75.59,71.90076843198338,106.78860601809504,64.53,61.38056074766355,104.56654301135187,74.5,70.86396677050882,102.21255844585147,73.26,69.68448598130841,112.24949417092208,68.51,65.16631360332295,106.44611826743375
2001-02-01,60.2182,102.84479740403911,8078.7,7644.720247933884,121.10064232315625,1239.939941,1.5215631578947368,1886.6469322277737,1785.2981300833064,96.25811043217372,68.58,64.89595041322313,98.10423342890874,75.95,71.87004132231405,106.7429694375673,64.77,61.29061983471074,104.41332169456685,75.73,71.66185950413222,103.36342060310433,73.03,69.10690082644628,111.31910571270342,69.16,65.44479338842974,106.90100194124427
2001-03-01,59.9294,102.35156483497715,7608.0,7177.062821833161,113.69244256551336,1160.329956,1.558740909090909,1808.6537704608545,1706.2068524635865,91.99373754842155,68.09,64.23320288362513,97.10234751870766,76.82,72.46871266735323,107.63212931435204,65.18,61.48803295571577,104.74963024823809,75.23,70.96877445932029,102.36373064953163,73.67,69.49713697219362,111.94770775160056,68.8,64.90298661174047,106.01598597148067
2001-04-01,59.9294,102.35156483497715,7946.6,7442.827811860941,117.90244763509973,1249.459961,1.5577666666666665,1946.3670785804331,1822.9777545804463,98.28968678055611,67.22,62.95860940695296,95.17552442472102,76.87,71.99685071574642,106.93130954366022,65.7,61.53496932515337,104.82958999174339,75.58,70.78862985685072,102.10389421152564,74.39,69.67406952965234,112.23271509286783,69.25,64.859918200409,105.94563574062235
2001-05-01,59.9294,102.35156483497715,8161.9,7582.45476673428,120.11428971334422,1255.819946,1.54105,1935.2813277833002,1797.8881300704898,96.93692680949823,69.15,64.24077079107505,97.1137880439532,77.02,71.55204868154158,106.27067975871319,65.79,61.11931034482759,104.12148269987665,75.58,70.2142799188641,101.27546504956597,74.42,69.13663286004056,111.36699880805506,70.07,65.09545638945232,106.33037633036967
2001-06-01,61.4651,104.97433926817811,7736.4,7179.880851063829,113.73708319837516,1224.380005,1.5245380952380954,1866.6139606703096,1732.3387922735596,93.40269614511148,69.69,64.67683890577507,97.77299910170078,77.7,72.11063829787234,107.10030936859103,66.8,61.99473150962512,105.61283051043462,76.05,70.57933130699087,101.80200678925556,76.68,71.16401215805472,114.63275154325825,70.43,65.36360688956434,106.76838760137919
2001-07-01,61.4651,104.97433926817811,7689.7,7158.297967479673,113.39518696405142,1211.22998,1.5307904761904763,1854.1393178603812,1726.0077389838505,93.0613440670222,69.49,64.68784552845527,97.78963798708278,78.32,72.90764227642275,108.28403724405578,68.51,63.775569105691055,108.6466253930001,76.44,71.15756097560974,102.63603198559028,76.45,71.16686991869918,114.63735489481184,71.18,66.26105691056911,108.23433013813968
2001-08-01,61.4651,104.97433926817811,7399.2,6887.8731707317065,109.11136551288207,1133.579956,1.5398565217391305,1745.5504881593565,1624.9230154003765,87.61114820239665,69.47,64.66922764227641,97.76149303443145,78.32,72.90764227642275,108.28403724405578,69.15,64.37134146341464,109.66156978435203,76.74,71.43682926829267,103.03884215821819,77.59,72.2280894308943,116.34679354203337,71.61,66.66134146341463,108.88817618983116
2001-09-01,61.5748,105.16169249818539,6838.6,6353.101014198783,100.63999578942105,1040.939941,1.5679388888888888,1632.1302144916056,1516.2589010895647,81.75229351639729,69.79,64.83533468559838,98.01259967588568,78.73,73.1406490872211,108.63010409508556,69.04,64.13858012170385,109.26504279676976,77.77,72.2488032454361,104.21001477778175,76.91,71.44985801217038,115.09319911754253,72.0,66.88843813387423,109.25912795471126
2001-10-01,61.5748,105.16169249818539,6885.7,6429.460958205912,101.84961994401623,1059.780029,1.5716772727272728,1665.6321856695502,1555.2691968127504,83.8556158077498,70.46,65.79139653414882,99.45789347565957,79.43,74.16705402650358,110.15454333358619,68.47,63.93325178389398,108.915250057741,77.58,72.43963302752293,104.48526327350775,77.56,72.42095820591234,116.65747133684334,72.63,67.81761467889908,110.77689428111577
2001-11-01,61.5748,105.16169249818539,7425.7,6997.881893004114,110.85402273201824,1139.449951,1.592245,1814.283487229995,1709.7568665665385,92.18514403891163,70.32,66.26864197530863,100.17935294831236,80.03,75.41921810699587,112.01428502450004,68.53,64.5817695473251,110.02005033615858,78.04,73.5438683127572,106.07798689276966,78.09,73.59098765432098,118.5421837215222,73.49,69.25600823045266,113.12644271553849
2001-12-01,62.9571,107.52247982579735,7688.4,7230.569199178643,114.54004149062436,1148.079956,1.578755,1812.53697093478,1704.6035578811684,91.90729254275603,70.25,66.06673511293633,99.8741271548546,79.61,74.86936344969199,111.19762876829347,69.15,65.03223819301849,110.78745859117289,78.02,73.37404517453798,105.83303789779026,79.06,74.35211498973305,119.76822646542054,73.81,69.41474332648869,113.38572905339544
2002-01-01,62.9571,107.52247982579735,7648.5,7178.305327868853,113.71212520583668,1130.199951,1.5997142857142859,1807.997007328286,1696.8496503203996,91.48922427858857,70.33,66.0064344262295,99.78296965416402,79.81,74.90364754098361,111.248548256325,69.08,64.83327868852459,110.44851565336387,78.46,73.63663934426229,106.21179769834457,78.0,73.20491803278689,117.92029322291704,74.53,69.94823770491804,114.25716711028755
2002-02-01,62.9571,107.52247982579735,7637.5,7124.1853360488785,112.85480596335766,1106.72998,1.5964,1766.7837400720002,1648.0386007188922,88.85747369100856,71.46,66.65718940936863,100.76672624243177,80.78,75.35079429735234,111.91266047430912,69.08,64.43714867617108,109.77367747218241,79.33,73.99824847250508,106.73337440142086,78.37,73.1027698574338,117.75575041468076,75.21,70.15515274949082,114.59515313539828
2002-03-01,65.2743,111.47995388753682,7851.5,7271.965621840242,115.19580562738992,1147.390015,1.5877428571428571,1821.7603006732857,1687.292654617522,90.97393871800575,72.08,66.75963599595549,100.92159636576794,81.87,75.82701718907988,112.61995720938643,70.12,64.94430738119313,110.637661637467,79.87,73.97464105156723,106.69932359954888,79.74,73.8542366026289,118.96623164083266,76.9,71.22386248736096,116.34084039098491
2002-04-01,65.2743,111.47995388753682,7663.4,7054.949145728642,111.75802977693606,1076.920044,1.5814863636363639,1703.134364312673,1567.910630864732,84.5372053610531,72.88,67.09354773869346,101.42637602221231,82.55,75.99577889447235,112.8706058138606,71.3,65.63899497487436,111.82111580046738,80.75,74.33869346733668,107.22442444444928,81.38,74.91867336683416,120.68085271719423,77.8,71.62291457286432,116.99267326505117
2002-05-01,65.2743,111.47995388753682,7656.1,7034.089869608826,111.42759626798085,1067.140015,1.5501545454545456,1654.231944888682,1519.8359694263113,81.94515869290757,73.98,67.9695887662989,102.75070108284035,83.81,77.000962888666,114.36352723699095,71.36,65.56244734202606,111.69071097449073,81.56,74.93376128385155,108.08273659866083,81.74,75.0991374122367,120.97154866661842,79.21,72.77468405215646,118.87403471440128
2002-06-01,66.8429,114.15891721104991,7145.6,6551.921521521521,103.78952780144029,989.8200073,1.53184,1516.2458799824321,1390.2714975614692,74.95941719085923,74.48,68.29197197197196,103.23805286768246,83.98,77.00268268268267,114.36608151296997,72.51,66.48564564564565,113.26345084437077,82.04,75.22386386386385,108.50117389854876,83.34,76.41585585585585,123.0925513142008,80.08,73.4267067067067,119.93908315371888
2002-07-01,66.8429,114.15891721104991,6605.4,6020.4441791044765,95.37035149942935,911.6199951,1.54555,1408.954283426805,1284.1812175312969,69.23933620335042,75.24,68.57695522388059,103.66886655159576,84.68,77.18097512437812,114.63088537706538,75.04,68.39466666666667,116.51561612720045,82.73,75.4036616915423,108.76051015655892,83.46,76.06901492537312,122.53385136174796,81.03,73.85420895522387,120.63738803532158
2002-08-01,66.8429,114.15891721104991,6612.0,6002.568880079285,95.08718741710021,916.0700073,1.5694181818181818,1437.6969252749345,1305.1837299820018,70.37173091590115,75.21,68.27785926660059,103.21671846802809,85.11,77.26537165510405,114.75623296465773,76.28,69.24923686818632,117.97144270559849,83.09,75.43155599603567,108.80074426083321,84.51,76.7206739345887,123.58355981731431,82.01,74.45110009910802,121.6123817365371
2002-09-01,65.5781,111.99880449169551,6180.4,5610.749653121902,88.88034681074505,815.2800293,1.576135,1284.9913889807556,1166.5531340994767,62.89717023447846,75.16,68.23246778989098,103.1480994556175,85.62,77.7283647175421,115.44388046567965,75.62,68.65006937561942,116.95071443887466,83.79,76.06703666997026,109.71734699260098,85.37,77.50140733399404,124.84118449419144,82.05,74.4874132804757,121.67169761593549
2002-10-01,65.5781,111.99880449169551,6248.8,5656.028458498024,89.59761209146679,885.7600098,1.578009090909091,1397.7373478281256,1265.145662658659,68.21299415313914,74.92,67.81296442687746,102.51392959467492,85.71,77.5794071146245,115.22264535069733,76.0,68.7905138339921,117.18997245995246,84.64,76.61090909090908,110.5018160838152,86.34,78.1496442687747,125.88538058758812,82.8,74.94545454545454,122.41988654925602
2002-11-01,65.5781,111.99880449169551,6570.4,5929.543251231526,93.93038242323453,936.3099976,1.5714526315789474,1471.366809702198,1327.8541849135106,71.59405626177656,76.09,68.66841379310344,103.80712591550028,86.11,77.7110935960591,115.41822901538556,77.1,69.57990147783251,118.53475549886288,85.38,77.05229556650245,111.13846180081126,85.35,77.02522167487685,124.07413285257225,83.02,74.92248275862069,122.3823632123827
2002-12-01,67.3256,114.98330558046197,6614.5,5992.9594460929775,94.93496358282475,879.8200073,1.5592190476190477,1371.8321138584897,1242.9260299647642,67.01497583811886,75.13,68.07030662710187,102.90295786409958,86.61,78.47157270029673,116.54770934248735,76.94,69.7102274975272,118.75677597534447,84.78,76.81353115727003,110.79407349959618,86.46,78.33566765578635,126.18503166202699,83.32,75.49072205736893,123.31055546777021
2003-01-01,67.3256,114.98330558046197,6569.5,5899.66862745098,93.45713605035849,855.7000122,1.5414476190476192,1319.0167464247086,1184.5287644363068,63.86636422000612,76.18,68.4126274509804,103.42044966134603,87.19,78.30003921568627,116.29294403042667,78.86,70.8193725490196,120.64629054347462,85.97,77.20443137254901,111.35789899401271,87.17,78.28207843137254,126.09870881342229,83.64,75.112,122.69193074158771
2003-02-01,67.3256,114.98330558046197,6555.1,5840.925680933852,92.52658420222491,841.1500244,1.5121473684210525,1271.942795843764,1133.3653706156497,61.10778203729594,76.85,68.4772373540856,103.51812147254059,87.2,77.69961089494164,115.4011746545992,78.45,69.90291828793775,119.08503967280706,86.66,77.21844357976653,111.37810987994597,87.23,77.72634241245136,125.2035154839745,84.49,75.28486381322956,122.97429567662456
2003-03-01,67.8586,115.89359976089833,6343.3,5635.754413191076,89.27644927196091,848.1799927,1.4760809523809524,1251.9823314150851,1112.333477765488,59.973803218601915,78.07,69.36190106692531,104.85548158265352,87.91,78.1043258971872,116.00226629613427,80.0,71.07662463627547,121.08453941443862,86.28,76.65613967022308,110.56705563280411,87.26,77.52682832201747,124.88213325067248,85.04,75.55445198836082,123.41465532237964
2003-04-01,67.8586,115.89359976089833,6586.1,5891.472265625,93.32729680841794,916.9199829,1.4582045454545456,1337.0568868828843,1196.039168344455,64.48697189994456,78.6,70.31015624999999,106.28897392290246,88.7,79.344921875,117.84482678597949,80.21,71.75035156249999,122.23228545570694,87.32,78.11046875,112.66474650223569,88.83,79.46121093749998,127.9980846287049,85.8,76.75078124999999,125.36880308722638
2003-05-01,67.8586,115.89359976089833,6859.8,6130.318829268292,97.11088487126415,963.5900269,1.3839571428571429,1333.5673005141614,1191.7538022155823,64.25591735553854,79.28,70.8492487804878,107.10392861751745,88.91,79.45518048780487,118.00858530789375,80.87,72.27016585365854,123.11782939294469,87.56,78.24874146341463,112.86418788895807,89.25,79.7590243902439,128.47780990696504,86.22,77.05123902439024,125.859586776201
2003-06-01,70.2072,119.90470090944024,6983.1,6240.506926829267,98.8563835891024,974.5,1.3525095238095237,1318.0205309523808,1177.8602988803716,63.50681984863191,80.12,71.59992195121951,108.23873310841951,89.02,79.55348292682926,118.15458625698687,82.31,73.55703414634146,125.31010927826485,87.85,78.50790243902438,113.23799572915676,89.75,80.20585365853658,129.19757354790045,86.99,77.73935609756097,126.98359375622505
2003-07-01,70.2072,119.90470090944024,7257.9,6479.762573099415,102.6464519634929,990.3099976,1.382090909090909,1368.6984448648,1221.9568961950845,65.8843808074868,80.69,72.0390253411306,108.90253263965319,89.31,79.73485380116959,118.42396227709729,83.52,74.56561403508772,127.0283032965719,88.3,78.83313840155945,113.70710861324022,90.05,80.39551656920078,129.5030872570889,87.31,77.94927875243665,127.32649257176847
2003-08-01,70.2072,119.90470090944024,7510.3,6685.553741496598,105.90640679101809,1008.01001,1.3962714285714286,1407.455576677,1252.8953432809833,67.55249237160716,81.55,72.59455782312924,109.74233986867607,90.14,80.24124392614188,119.17606405189645,83.83,74.62417881438289,127.12807293761989,88.83,79.07510204081632,114.05611141037981,90.83,80.85547133138968,130.2439937683468,87.83,78.18491739552962,127.71139724849661
2003-09-01,71.4171,121.97105162034072,7421.1,6593.334238603298,104.44555005945631,995.9699707,1.3633714285714287,1357.8770017675029,1206.4164244607493,65.04648352906312,81.67,72.56034917555772,109.69062611573351,90.53,80.43208535402522,119.45950594686651,84.72,75.27014548981572,128.2285272398905,89.11,79.17047526673133,114.19367556141833,90.45,80.36100872938894,129.44750117491776,87.77,77.9799418040737,127.37657922913053
2003-10-01,71.4171,121.97105162034072,7772.7,6925.86887159533,109.7132585358932,1050.709961,1.3220954545454544,1389.1388634837317,1237.7929950886169,66.73821744710584,83.14,74.08194552529183,111.99084735493852,90.89,80.98758754863813,120.2845500499601,85.75,76.40758754863813,130.16624795338694,89.32,79.58863813229571,114.79682407658404,90.92,81.01431906614786,130.4998696297485,88.17,78.5639299610895,128.33049650618997
2003-11-01,71.4171,121.97105162034072,7859.4,6982.745295829291,110.61424265099389,1058.199951,1.3130444444444445,1389.4635667719335,1234.4797547653648,66.5595771138473,84.49,75.06580019398642,113.47815599997946,91.05,80.894083414161,120.14567564853856,85.87,76.29187196896218,129.96911749397304,90.31,80.23662463627547,115.73146493044204,91.33,81.14285160038797,130.7069130160889,88.41,78.54855480116392,128.30538190324063
2003-12-01,73.3939,125.34716707228554,8220.9,7296.845348837208,115.58992742942335,1111.920044,1.3127545454545455,1459.6780919430182,1295.6057482750045,69.85531385068727,83.43,74.05220930232558,111.94589463692452,91.04,80.80682170542636,120.01607263541713,85.32,75.72976744186046,129.0115288617725,89.74,79.65294573643409,114.88957988812072,91.94,81.60565891472868,131.45241448893154,89.02,79.01387596899224,129.06546221658323
2004-01-01,73.3939,125.34716707228554,8521.4,7556.246272991288,119.69911880797896,1131.130005,1.295755,1465.6673596287749,1299.6624408712078,70.07403897974818,85.03,75.39930300096806,113.9823174617809,92.11,81.67740561471442,121.30908304576626,86.02,76.27717328170377,129.94407714089226,90.51,80.25862536302033,115.763198273504,91.93,81.51779283639884,131.31087763595175,88.78,78.72456921587609,128.5928931980988
2004-02-01,73.3939,125.34716707228554,8788.5,7778.034782608695,123.21248883375885,1144.939941,1.3298947368421052,1522.6496015362106,1347.5816763354287,72.65770552900128,85.78,75.91737198067634,114.76549052256438,91.73,81.18326570048309,120.57517555396271,87.97,77.85557487922705,132.63300660856396,90.77,80.33364251207729,115.8714012867118,91.93,81.36027053140096,131.05713680960207,89.67,79.36011594202898,129.63102898077258
2004-03-01,74.2536,126.81542205712822,8585.9,7569.474879692011,119.90867425494656,1126.209961,1.3285782608695653,1496.258071359361,1319.1264613716792,71.12348265709134,87.75,77.36188642925889,116.94918583410261,92.31,81.38205967276227,120.87042874314906,87.98,77.56465832531279,132.13740770922112,91.5,80.66794995187679,116.3535986612964,93.29,82.24604427333975,132.48396306916842,90.29,79.60119345524542,130.02481779687264
2004-04-01,74.2536,126.81542205712822,8244.0,7254.086455331411,114.91258027993428,1107.300049,1.3419727272727273,1485.9664666657545,1307.5362953562258,70.49857443507315,89.43,78.69152737752162,118.95922506050131,92.75,81.61287223823247,121.2132366526548,89.49,78.7443227665706,134.14705752397035,92.72,81.58647454370798,117.67845744080194,93.85,82.58078770413064,133.0231760697981,91.42,80.44257444764649,131.3991742039309
2004-05-01,74.2536,126.81542205712822,8417.3,7343.09219047619,116.32252745221838,1120.680054,1.37886,1545.2608992584398,1348.0561749721246,72.68328912280073,90.32,78.79344761904761,119.11329949969402,92.16,80.39862857142856,119.4098151959432,90.79,79.20346666666667,134.92924474730268,92.46,80.66034285714285,116.34262636253116,94.1,82.0910476190476,132.23429062346588,91.6,79.91009523809524,130.52939437780992
2004-06-01,76.8199,131.1983262883737,8545.6,7447.925404376784,117.98319901748513,1140.839966,1.357840909090909,1549.0791765606816,1350.101356545751,72.79355939668423,92.22,80.37442435775452,121.50328701096676,94.28,82.16981921979068,122.04042658516366,92.34,80.47901046622265,137.10223248078813,92.72,80.81019980970504,116.55877658979523,94.39,82.26568981921979,132.51560860054735,92.02,80.20011417697431,131.00312671835073
2004-07-01,76.8199,131.1983262883737,8458.1,7378.685333333334,116.88636135620787,1101.719971,1.3225047619047618,1457.0299079330762,1271.0851387301882,68.53323352042948,93.42,81.49782857142856,123.20155490767732,93.74,81.77699047619048,121.45698867695008,93.01,81.14015238095237,138.22853897947593,93.95,81.96019047619048,118.21749672030937,94.73,82.64064761904761,133.1195999018164,93.27,81.36697142857142,132.90913333644465
2004-08-01,76.8199,131.1983262883737,8377.0,7321.881679389313,115.9865300012564,1104.23999,1.3126772727272729,1449.5107385095912,1266.9387752622,68.30967359737342,92.9,81.19885496183207,122.74959177903561,94.43,82.53614503816794,122.58450176469321,93.61,81.81942748091602,139.38573676476324,93.62,81.8281679389313,118.02707044415304,95.31,83.30530534351145,134.19024700952232,93.81,81.99423664122138,133.93374165504963
2004-09-01,74.8714,127.87054352931129,8668.3,7562.059809523807,119.79121151842804,1114.579956,1.2880952380952382,1435.6851338000001,1252.464364343619,67.52925523409624,92.93,81.07036190476191,122.55534679480257,95.09,82.95470476190476,123.2061558917344,92.5,80.69523809523808,137.4705930072199,94.17,82.15211428571429,118.4943232160887,96.38,84.08007619047618,135.43826705940108,94.49,82.43127619047618,134.6476252702976
2004-10-01,74.8714,127.87054352931129,8871.0,7724.178707224334,122.35935031324685,1130.199951,1.2469350000000001,1409.2858759001851,1227.0968273047238,66.16151102345938,92.4,80.45475285171104,121.62472086426459,95.29,82.97114068441064,123.23056688609928,93.76,81.63893536121672,139.0782544484101,94.73,82.483536121673,118.97235846195441,96.41,83.94634980988592,135.22285729685234,94.52,82.30068441064637,134.43430972010188
2004-11-01,74.8714,127.87054352931129,9030.1,7832.927651515151,124.08205128574383,1173.819946,1.1967700000000001,1404.7924967744202,1218.5510672778114,65.70074836509096,93.79,81.3557196969697,122.98672667720285,95.48,82.82166666666667,123.0085647804347,93.61,81.19958333333334,138.32978421351504,95.64,82.96045454545455,119.6602546451097,96.31,83.54162878787879,134.57092266088725,94.34,81.83280303030303,133.67004741963905
2004-12-01,77.3993,132.18786559070918,9246.7,8036.031499051233,127.29943604244195,1211.920044,1.2188826086956523,1477.1882647612697,1283.780313587593,69.2177206224928,93.12,80.92781783681214,122.33986067545295,96.09,83.50895635673623,124.0293425764685,93.95,81.64914611005692,139.09564925052285,95.97,83.40466793168879,120.3009778331008,96.15,83.56110056925996,134.60228828811208,95.21,82.74417457305502,135.15873010953123
2005-01-01,77.3993,132.18786559070918,9204.1,8006.605508072174,126.83329649868003,1181.27002,1.2248350000000001,1446.8608649467,1258.617808443663,67.86103113848965,94.81,82.47479582146248,124.67845173312544,96.74,84.15369420702753,124.98692144219147,95.51,83.08372269705603,141.5395616644907,96.9,84.2928774928775,121.58211090852085,97.68,84.97139601139601,136.87402708021267,95.81,83.34469135802469,136.13964612548952
2005-02-01,77.3993,132.18786559070918,9668.3,8378.583538315987,132.72583107570432,1203.599976,1.2400526315789473,1492.5273176071578,1293.429539194093,69.73797895266432,93.51,81.03610217596972,122.50355582157175,95.97,83.16794701986754,123.5228679932683,94.87,82.21468306527909,140.05908529008363,95.64,82.881967833491,119.54704721403577,96.31,83.46259224219489,134.44360863755622,95.83,83.04662251655628,135.65276464644933
2005-03-01,79.9412,136.52909781819733,9612.4,8283.12173095014,131.2136127322721,1180.589966,1.2160260869565216,1435.6281966551128,1237.0982390743964,66.70075821269936,95.5,82.29350893697084,124.40439748597254,97.65,84.14619002822202,124.97577607043225,96.7,83.32756349952963,141.95496337228215,97.59,84.09448730009407,121.29595745001309,98.01,84.45640639698965,136.04446906731582,97.59,84.09448730009407,137.36440264634774
2005-04-01,79.9412,136.52909781819733,9369.3,8050.918198874296,127.53525747895982,1156.849976,1.2359,1429.7508853384,1228.5664268011017,66.24074757685611,96.69,83.08446529080675,125.60009870114396,96.5,82.92120075046904,123.15639499549835,97.93,84.14998123827392,143.35601573811573,98.17,84.35621013133208,121.673460451943,99.49,85.49046904315196,137.71016276280923,97.68,83.93515947467168,137.10414811282533
2005-05-01,79.9412,136.52909781819733,9607.3,8247.69147141518,130.65235907638856,1191.5,1.2555285714285713,1495.9622928571428,1284.2562889007897,69.24338383441729,98.54,84.59478912839738,127.88327910566497,99.44,85.36742268041236,126.78957772228183,99.06,85.04119962511714,144.87427534091506,99.45,85.37600749765699,123.14439275588775,99.77,85.65072164948452,137.9683016261027,98.73,84.75790065604498,138.44805726240605
2005-06-01,81.2524,138.7684556594509,9902.8,8485.46753975678,134.4189893350988,1191.329956,1.2401681818181818,1477.4495054780546,1265.9904088100072,68.25854042182863,100.0,85.68755846585593,129.53523577604827,100.0,85.68755846585593,127.26505044683788,100.0,85.68755846585593,145.97539772718216,100.0,85.68755846585593,123.59376671838444,100.0,85.68755846585593,138.02763928134013,100.0,85.68755846585593,139.96660971227692
2005-07-01,81.2524,138.7684556594509,10422.9,8914.450420168067,141.2145424330012,1234.180054,1.222855,1509.2232499341699,1290.8015844441638,69.59628723503639,102.04,87.27230625583567,131.93092404510304,100.54,85.98939309056956,127.71334188410748,99.31,84.93740429505135,144.69745195068373,101.3,86.63940242763772,124.96668459200595,100.12,85.63017740429505,137.93520844764024,100.57,86.01505135387488,140.50155399195506
2005-08-01,81.2524,138.7684556594509,10668.9,9090.895255813954,144.00961958930336,1220.329956,1.2042826086956522,1469.6221428811305,1252.2547747712701,67.51795477068308,103.62,88.29387906976744,133.4752518061488,101.17,86.20625116279069,128.03542427267294,100.26,85.4308465116279,145.5380690146983,102.49,87.33101395348837,125.96424917566476,100.77,85.86541395348837,138.31413330136658,101.87,86.80271627906977,141.78816772144685
2005-09-01,81.9448,139.95098415951497,11011.8,9305.174169741696,147.40402949200336,1228.810059,1.1776809523809524,1447.1462005784142,1222.8652396031619,65.93335605627676,103.02,87.05380073800737,131.60060580197637,101.07,85.40601476014758,126.84689552970086,98.86,83.53852398523983,142.31435091182254,103.45,87.4171586715867,126.08850233893942,100.81,85.18630996309962,137.22021579107545,102.33,86.47073800738006,141.2458967778178
2005-10-01,81.9448,139.95098415951497,10383.3,8814.73846153846,139.63499709377066,1207.01001,1.177415,1421.15169092415,1206.464271442559,65.04906329990435,104.57,88.77304911955513,134.1996207400682,101.37,86.05645968489341,127.8129506681916,100.64,85.4367377201112,145.5481051449935,104.84,89.00226135310471,128.3748180486149,101.1,85.82724745134382,138.25265375538635,103.34,87.72886005560704,143.30098016270344
2005-11-01,81.9448,139.95098415951497,10824.1,9206.012627669452,145.83320334673678,1249.47998,1.181545,1476.3168229691003,1255.6232217638772,67.69957168784423,106.24,90.35825441039924,136.596000620407,102.14,86.87116063138346,129.02296247049378,101.38,86.22477251624882,146.89058350297924,105.29,89.55026926648097,129.16525207915905,102.08,86.82012999071493,139.85201351597124,103.3,87.85775301764158,143.51152077367132
2005-12-01,82.9798,141.71862858118783,11272.3,9596.12156133829,152.0129510564147,1248.290039,1.1614809523809524,1449.8651033453762,1234.271779427848,66.54836368530643,105.73,90.00806691449814,136.06661665079082,102.3,87.08810408921933,129.34517167565622,100.52,85.57278810408921,145.7798775197431,106.05,90.28048327137546,130.21849599217578,101.9,86.74758364312268,139.73515406430846,104.41,88.88434944237918,145.18841790653246
2006-01-01,82.9798,141.71862858118783,11945.6,10112.910905730128,160.19945357343337,1280.079956,1.157165,1481.26372228474,1254.0088443741422,67.61252912926994,107.72,91.1936414048059,137.8588683368192,102.2,86.52051756007393,128.50217965256786,99.4,84.15009242144178,143.35620514726025,108.37,91.74391866913123,132.32932160555492,101.28,85.74166358595194,138.11479314747416,105.66,89.44968576709796,146.11186828993462
2006-02-01,82.9798,141.71862858118783,11688.3,9913.409999999998,157.0391433142712,1280.660034,1.1488947368421052,1471.3435727466315,1247.9173265147356,67.28409210862345,108.04,91.63392592592592,138.5244534027603,102.14,86.62985185185185,128.66456535252019,101.81,86.34996296296296,147.10385513281594,111.06,94.19533333333332,135.86518582624163,100.71,85.41699999999999,137.59181701030926,106.66,90.46348148148148,147.767856062531
2006-03-01,85.6578,146.2923017804534,12110.6,10214.833885819522,161.8140238854931,1294.869995,1.1573086956521739,1498.564304952587,1263.982415595368,68.15027523667841,111.06,93.67491712707182,141.6098520439483,102.95,86.83443830570903,128.96842166301653,102.95,86.83443830570903,147.929196432213,114.23,96.34869244935544,138.9711415683765,101.82,85.88132596685082,138.33976476619014,108.73,91.70965009208103,149.80341406743062
2006-04-01,85.6578,146.2923017804534,12204.2,10237.222710622711,162.16868710096648,1310.609985,1.1441050000000001,1499.4754368884253,1257.801740100547,67.81703109425715,113.34,95.07274725274725,143.72297392705553,103.64,86.93611721611721,129.11943742182862,103.11,86.49153846153845,147.34503996854932,120.65,101.20457875457876,145.9751604710497,102.93,86.34054945054946,139.07949331596242,109.85,92.14523809523808,150.51492665017656
2006-05-01,85.6578,146.2923017804534,11744.5,9806.711030082042,155.34891615445125,1270.089966,1.109990909090909,1409.7883159875817,1177.1796695028484,63.470122281608774,113.29,94.59766636280766,143.00478664067674,104.39,87.16612579762989,129.46105123664026,105.23,87.86752962625341,149.68914757453732,124.41,103.8829170464904,149.83833412157855,103.71,86.59832269826799,139.49472084128223,112.7,94.10501367365542,153.71612818303728
2006-06-01,88.764,151.59728448827974,11612.9,9714.535525114154,153.88875639764527,1270.199951,1.1137272727272727,1414.6563272455455,1183.4020052574608,63.8056126247178,117.91,98.63521461187213,149.10841211167366,105.56,88.30407305936073,131.15115559091151,105.9,88.58849315068493,150.91736482229118,131.47,109.97855707762557,158.63054533048546,104.22,87.18312328767122,140.43673209998587,115.96,97.00398173515981,158.4514566075789
2006-07-01,88.764,151.59728448827974,11831.0,9887.952554744525,156.63586982978003,1276.660034,1.129445,1441.91729210113,1205.1060579969298,64.97583236013199,127.1,106.22591240875911,160.58338988474543,107.22,89.61087591240876,133.09204799110168,105.98,88.57452554744526,150.8935699275047,141.31,118.10215328467154,170.34783396029357,106.28,88.82525547445255,143.08191925652795,123.72,103.40102189781022,168.9007218193568
2006-08-01,88.764,151.59728448827974,12073.8,10072.496174863387,159.55924049714682,1303.819946,1.118213043478261,1457.948469964322,1216.2848802252447,65.5785621151363,127.41,106.29103825136612,160.68184164983538,106.55,88.8887067395264,132.01946641842625,109.25,91.14116575591984,155.26604047005083,148.87,124.19391621129326,179.13445292267886,105.98,88.41318761384335,142.4181501511652,129.66,108.16808743169399,176.68749988842535
2006-09-01,90.9982,155.41300542248408,11761.3,9865.70586080586,156.28345812102364,1335.849976,1.11612,1490.9688752131199,1250.666199354595,67.4323033798529,129.11,108.30106227106226,163.72042671362397,105.57,88.55505494505493,131.52391941935977,107.66,90.30820512820512,153.84702747564756,149.63,125.51380952380951,181.03823672841412,105.55,88.53827838827837,142.61964946565462,136.97,114.89424908424908,187.67436962471265
2006-10-01,90.9982,155.41300542248408,12344.6,10373.994128440367,164.33529438180759,1377.939941,1.1285380952380952,1555.0577163686335,1306.8191451318057,70.45990776963758,129.18,108.55860550458716,164.10975888826476,102.18,85.86869724770642,127.53408175806686,108.75,91.38990825688073,155.68979260115967,151.79,127.55930275229358,183.98860919124994,104.16,87.53262385321099,140.99971625839402,142.33,119.60943119266055,195.37639855057262
2006-11-01,90.9982,155.41300542248408,12752.4,10697.06813186813,169.4531362470596,1400.630005,1.1358809523809523,1590.948944012738,1334.532264391637,71.95411898802291,130.09,109.12311355311354,164.96313462299855,106.35,89.20934065934064,132.49567898312884,110.57,92.74919413919413,158.0054414637038,155.13,130.1273626373626,187.69271980003262,106.44,89.28483516483516,143.82222159284015,146.77,123.1147619047619,201.10219193851995
2006-12-01,91.8116,156.80218607232825,12908.4,10808.130164533819,171.21247904278388,1418.300049,1.153235,1635.6332570085149,1369.5064565080434,73.83982624906173,127.07,106.39499085923215,160.83898844933054,104.6,87.58098720292503,130.07721253961836,108.5,90.84643510054843,154.7639439532341,153.14,128.2232541133455,184.9462773883535,104.92,87.84892138939671,141.5092161556004,148.51,124.34658135283361,203.1143112591206
2007-01-01,91.8116,156.80218607232825,13034.1,10913.37806215722,172.87971964701669,1438.23999,1.1762619047619047,1691.746910142143,1416.4901002652678,76.37304840007457,127.93,107.11506398537476,161.9275343694252,104.03,87.10372943327238,129.36837878103725,110.27,92.3284460694698,157.28866451357717,141.8,118.72833638025594,171.251026078546,99.01,82.90051188299816,133.5381956878192,152.85,127.98043875685555,209.05004697297542
2007-02-01,91.8116,156.80218607232825,13045.0,10843.212341197821,171.76821868927433,1406.819946,1.1709894736842106,1647.3713481349896,1369.3213746748188,73.82984717204299,129.75,107.8502722323049,163.03896029071035,102.88,85.51549909255897,127.00950407330902,108.2,89.93756805807622,153.21561849757447,154.37,128.31480943738654,185.07833468539815,105.01,87.2859891107078,140.60243091286696,155.3,129.0878402903811,210.85893546288978
2007-03-01,93.7553,160.1217710601597,13165.5,10854.723672367238,171.95057063328272,1420.859985,1.1681590909090909,1659.7905083867045,1368.468141928192,73.78384333068719,132.91,109.5819621962196,165.65678336541134,105.52,86.99938793879387,129.2134084936787,112.94,93.11704770477047,158.6321085260144,157.98,130.25173717371734,187.8721147753027,107.85,88.92043204320431,143.23523202835747,164.18,135.3635283528353,221.10997770799622
2007-04-01,93.7553,160.1217710601597,13416.7,11012.27347670251,174.4463300442364,1482.369995,1.1349857142857143,1682.4687676107858,1380.9510673221146,74.45688655570235,135.15,110.92956989247313,167.69398320857613,106.7,87.57813620071686,130.0729781683007,114.45,93.93924731182796,160.0327892876115,162.87,133.68182795698925,192.8195989571459,107.43,88.177311827957,142.03819559915755,168.88,138.6147670250896,226.4207236607148
2007-05-01,93.7553,160.1217710601597,14056.8,11486.198751115075,181.95381930259754,1530.619995,1.0950863636363637,1676.1610844336592,1369.6374249252738,73.84688768723639,136.24,111.32545941123996,168.29245564813294,108.31,88.50308652988403,131.44673478372795,116.04,94.81948260481713,161.53233833870038,167.68,137.01595004460304,197.6286600960667,108.22,88.42954504906334,142.4444991125376,177.24,144.82768956289027,236.56924136375412
2007-06-01,96.4194,164.6717048802357,13906.6,11383.776228775692,180.33133570066204,1503.349976,1.065104761904762,1601.2252182470097,1310.743789020787,70.67151321441274,138.53,113.39899910634495,171.42705836182154,111.27,91.08428954423592,135.28039439215195,116.91,95.70112600536193,163.0342862101566,172.37,141.10001787310097,203.51942575090288,110.72,90.63406613047363,145.9955962153248,182.1,149.06487935656835,243.4904922518268
2007-07-01,96.4194,164.6717048802357,13868.6,11342.533571428572,179.6780073728923,1455.27002,1.0501857142857143,1528.3037854322856,1249.934167371405,67.39283433303633,141.01,115.3260357142857,174.34019004427165,112.46,91.97621428571428,136.60510067683688,115.26,94.2662142857143,160.58980287174495,175.06,143.1740714285714,206.51099297356325,111.76,91.40371428571429,147.23536450662743,187.06,152.98835714285715,249.89930928268075
2007-08-01,96.4194,164.6717048802357,13660.5,11202.343777976723,177.45724932242499,1473.98999,1.0578521739130435,1559.2635152475652,1278.6798388243237,68.94271777857207,142.37,116.75104744852283,176.49440279444116,111.36,91.32118173679498,135.63223189780928,116.24,95.32304386750222,162.39019398211622,174.5,143.0993733213966,206.40325013904027,112.45,92.21504028648164,148.54226850270885,191.1,156.7122649955237,255.9821381828221
2007-09-01,98.4359,168.1156227317365,14098.9,11541.190705987487,182.8249513835203,1526.75,1.026745,1567.58292875,1283.2046137042003,69.18668055023956,142.91,116.9844146559428,176.84718768850004,112.3,91.92743521000892,136.53265291847455,118.34,96.87170688114388,165.02846146702535,173.29,141.8531188561215,204.60568131562314,114.5,93.72832886505807,150.9799111872714,188.49,154.29565683646112,252.03472204583653
2007-10-01,98.4359,168.1156227317365,14625.0,12004.032258064517,190.1568624845869,1549.380005,0.9754130434782609,1511.285466181413,1240.44577690159,66.88124776815016,144.6,118.68602150537633,179.41953364380396,112.7,92.50286738351255,137.38729746548722,117.36,96.32774193548387,164.10177501786006,173.27,142.21802867383514,205.1320188573996,111.64,91.63283154121864,147.60443225067436,184.23,151.21387096774194,247.00076930372745
2007-11-01,98.4359,168.1156227317365,13689.1,11205.733333333332,177.51094354766315,1481.140015,0.9672380952380953,1432.615046889524,1172.7215218505842,63.22975185730627,145.02,118.71163538873994,179.45825455591827,113.82,93.17168900804289,138.38064608353318,118.07,96.65068811438783,164.65193886607807,171.51,140.39603217158174,202.50401294040347,112.15,91.80464700625558,147.88119685286017,180.58,147.8206255585344,241.45806200348642
2007-12-01,98.7641,168.67614533965246,13833.1,11313.499642857141,179.21807852198174,1468.359985,1.00207,1471.39949016895,1203.394583031034,64.88355458114758,143.01,116.96175,176.812925170068,113.11,92.50782142857142,137.39465532239925,117.46,96.06549999999999,163.65502555366268,170.07,139.0929642857143,200.6244977437102,110.71,90.54496428571427,145.8520687592047,180.31,147.46782142857143,240.88177299668644
2008-01-01,98.7641,168.67614533965246,13155.1,10778.239355992844,170.7389762857865,1378.550049,1.0099428571428573,1392.2567752014859,1140.7041199325233,61.503466169976186,145.49,119.20289803220035,180.20090405472462,114.3,93.64830053667264,139.08852003070348,119.39,97.81864042933809,166.64163616582297,167.17,136.9657602862254,197.55626754107226,113.4,92.91091234347049,149.66319642955943,179.56,147.11713774597496,240.30894764125281
2008-02-01,98.7641,168.67614533965246,13582.7,11088.906595365419,175.66028158102586,1330.630005,0.998555,1328.7072446427749,1084.7556471415166,58.48688637208165,146.47,119.57800356506237,180.7679570144556,112.28,91.665311942959,136.14334166487302,118.12,96.43308377896612,164.2812330135709,167.67,136.88566844919782,197.4407449144639,110.06,89.8529055258467,144.7372833857067,175.32,143.1311229946524,233.79797940975564
2008-03-01,99.9306,170.66837453567308,13350.1,10860.294493783304,172.03881847360566,1322.699951,1.0029428571428571,1326.5924679986572,1079.1817945708437,58.1863603662344,150.02,122.04113676731795,184.4915143874799,112.64,91.63253996447602,136.0946680001129,118.27,96.21253996447601,163.9055195306235,167.88,136.57023090586145,196.98576504523504,114.72,93.32461811722912,150.329603925949,177.73,144.5831971580817,236.1698744823288
2008-04-01,99.9306,170.66837453567308,13937.0,11247.83436123348,178.1778693939753,1385.589966,1.0137181818181817,1404.5977410790363,1133.5784412584997,61.11927018996003,151.0,121.86431718061672,184.22421342496858,114.97,92.78636123348016,137.80834877986064,121.16,97.78199118942729,166.57920134485056,169.72,136.97226431718062,197.56564880597233,113.83,91.86632599118943,147.98055088786958,177.81,143.50128634361232,234.4026238869852
2008-05-01,99.9306,170.66837453567308,14714.7,11761.487958115185,186.3146982767308,1400.380005,0.9993047619047618,1399.4064074727141,1118.5482279624835,60.30888457038872,150.74,120.48677137870855,182.1417556745405,115.13,92.023630017452,136.67552356668946,123.45,98.6738219895288,168.09850424110527,169.2,135.2418848167539,195.06978914864257,116.07,92.77497382198952,149.44422329573058,177.25,141.6762652705061,231.42153752124486
2008-06-01,98.653,168.48640109303616,14467.0,11483.33795493934,181.90850119504077,1280.0,1.0166238095238096,1301.2784761904763,1032.9038857803087,55.691189402983845,150.9,119.77850953206239,181.07106505224849,116.92,92.8065164644714,137.8382837731641,123.68,98.17233968804157,167.24419026923607,168.69,133.89951473136912,193.13358536184785,116.68,92.61601386481802,149.18816666368883,176.25,139.9003466204506,228.52065766163116
2008-07-01,98.653,168.48640109303616,13592.9,10752.242141623488,170.32715227435943,1267.380005,1.0129636363636363,1283.8098585193636,1015.5179882588402,54.75379210480492,151.11,119.53088082901554,180.69672082995544,118.94,94.08379965457685,139.73533291931807,123.07,97.35070811744386,165.8444772017783,167.55,132.53523316062174,191.16577695171173,117.27,92.76279792746114,149.424610063565,175.9,139.14024179620034,227.27906206501197
2008-08-01,98.653,168.48640109303616,13771.3,10912.206574394462,172.86116201299703,1282.829956,1.0534571428571429,1351.4063802193143,1070.837581557865,57.73646453979593,149.35,118.34307958477508,178.90110292483004,118.25,93.69982698961938,139.1650482542988,124.0,98.25605536332179,167.38680641111037,162.85,129.04031141868512,186.12478208378064,120.27,95.30044982698962,153.51232253058896,172.64,136.79778546712802,223.45276946606995
2008-09-01,95.68,163.40890653686864,11752.9,9304.802420051858,147.39814057458548,1166.359985,1.0582047619047619,1234.2476902221667,977.1572033219572,52.68548955606085,149.41,118.28829732065685,178.81828771074353,115.37,91.33873811581677,135.65830701888723,123.7,97.93362143474502,166.83751522103069,158.89,125.79363872082972,181.4418559365783,118.27,93.63467588591183,150.82905265127553,170.52,135.00114088159032,220.51803476248008
2008-10-01,95.68,163.40890653686864,9762.8,7810.239999999999,123.72265433174393,968.75,1.1846954545454547,1147.6737215909093,918.1389772727273,49.50339754306317,145.5,116.39999999999999,175.96371882086166,113.36,90.68799999999999,134.69181642655576,122.56,98.04799999999999,167.03236797274272,162.31,129.84799999999998,187.28977354680512,119.62,95.69599999999998,154.14948453608247,169.51,135.608,221.50931068278342
2008-11-01,95.68,163.40890653686864,9270.6,7442.479929886064,117.89693680811799,896.2399902,1.2170944444444443,1090.8087129613632,875.7062060233205,47.2155452723178,143.75,115.4031551270815,174.4567726788836,112.47,90.29142857142857,134.10281980013156,123.82,99.40326029798422,169.3411589403479,158.76,127.45325153374232,183.8356433488278,116.4,93.44645048203331,150.5258545135846,162.85,130.73672217353197,213.55230671926165
2008-12-01,93.3232,159.38380086247383,8987.7,7266.313503971757,115.10626996327653,903.25,1.2336954545454546,1114.335419318182,900.9101889633315,48.57447111909331,137.15,110.88208296557812,167.62219647101756,111.58,90.20942630185348,133.98102822197163,120.65,97.5422771403354,166.17082988132094,154.66,125.03844660194174,180.35258416550087,114.88,92.87738746690202,149.60919372890146,162.07,131.02923212709618,214.0301080155116
2009-01-01,93.3232,159.38380086247383,8694.9,7048.255221238938,111.65199076843409,825.8800049,1.22482,1011.554347601618,819.9856481443203,44.21125398713684,133.73,108.40414159292034,163.8762533528652,108.35,87.83061946902654,130.44797188330097,123.9,100.43575221238937,171.1000889478524,151.79,123.04392920353982,177.47573806943578,115.0,93.22123893805309,150.16307818629687,158.42,128.41833628318582,209.7653320535541
2009-02-01,93.3232,159.38380086247383,8123.0,6538.372583479789,103.57489795934845,735.0900269,1.2451999999999999,915.3341014958798,736.7715614852601,39.72459116698001,134.97,108.64017574692441,164.23306991220622,102.86,82.79416520210896,122.96771899912218,119.45,96.14780316344465,163.79523537213737,158.75,127.78119507908612,184.30866158818134,114.48,92.14734622144114,148.4332252278369,156.4,125.8896309314587,205.63481040747908
2009-03-01,90.6825,154.87383117714873,8720.4,7006.917894736841,110.99716277879261,797.8699951,1.2645181818181819,1008.9211155311336,810.6769665144898,43.7093568030176,131.97,106.03905263157894,160.30091100767788,104.45,83.92649122807018,124.64947457013244,121.66,97.75487719298245,166.5330105502256,150.08,120.59059649122807,173.93710730019916,113.06,90.84470175438597,146.33489328992587,155.99,125.33933333333333,204.73592507895023
2009-04-01,90.6825,154.87383117714873,9324.8,7499.136786654959,118.79444273694236,872.8099976,1.224181818181818,1068.4781297892362,859.2853089437579,46.33017800628804,132.98,106.94440737489023,161.66955007541983,106.58,85.71315188762071,127.3030623609397,124.25,99.92361720807725,170.22762727100042,148.49,119.4177699736611,172.2454492624565,114.35,91.96189640035118,148.134498067576,157.06,126.30988586479366,206.32127713948654
2009-05-01,90.6825,154.87383117714873,10370.1,8281.614298169137,131.1897333655827,919.1400146,1.1527850000000002,1059.5708217306612,846.1786161336404,45.62350304670692,134.45,107.37244986922404,162.31662867607562,109.09,87.11982563208369,129.3922852102832,124.68,99.57007846556233,169.6253466193566,146.43,116.93973844812554,168.6711934921759,118.88,94.93816913687881,152.92875183131252,156.0,124.58238884045335,203.49949173546773
2009-06-01,91.9593,157.0544383245805,10374.9,8256.653692441354,130.79433035692102,919.3200073,1.1263545454545456,1035.4802689496612,824.0659655585488,44.43125289804076,137.11,109.11621198957428,164.95270142036927,112.23,89.31596872284969,132.6540453332091,127.26,101.27728931364032,172.53371262971092,149.35,118.85716768027801,171.43684938739077,120.72,96.07256298870546,154.75606151531164,157.58,125.40684622067768,204.84620421541598
2009-07-01,91.9593,157.0544383245805,10787.2,8614.712467306015,136.4663688644481,987.4799805,1.1228608695652174,1108.8026295824739,885.4953868330828,47.743349582168634,139.53,111.42936355710549,168.44952918685635,113.87,90.93715780296425,135.06187108712945,126.22,100.79993025283348,171.72049446820012,153.18,122.33032258064515,176.44644826286623,121.39,96.94266782911944,156.15764792061768,159.42,127.31361813426328,207.96082674659147
2009-08-01,91.9593,157.0544383245805,10868.2,8679.399476896251,137.49108110469768,1020.619995,1.0872380952380953,1109.6569393257143,886.1776429139968,47.780134856332666,141.64,113.11442022667826,170.99685597381443,118.23,94.4190758500436,140.23329251454567,128.68,102.76449869224062,175.0672890838852,153.24,122.37823888404532,176.51556163860567,123.96,98.99508282476023,159.4637287769978,162.65,129.89311246730603,212.17430981265278
2009-09-01,95.0574,162.34558729345457,11395.0,9100.10462074978,144.15550589683937,1057.079956,1.0816380952380953,1143.3779501222095,913.1074126520871,49.232110134680795,145.91,116.52446381865734,176.15187274173442,117.66,93.96387096774191,139.5572121903192,126.78,101.24714908456843,172.4823664132341,153.89,122.89733217088055,177.26428987578328,122.99,98.22043591979076,158.21590837595164,163.86,130.85942458587618,213.75273535752396
2009-10-01,95.0574,162.34558729345457,10910.8,8721.023385689354,138.15044886798603,1036.189941,1.0546761904761905,1092.8448595836287,873.5129942221674,47.0972936368071,147.08,117.56132635253054,177.71931421395394,119.42,95.4526352530541,141.76835772026453,128.31,102.55842931937173,174.71623393419372,155.32,124.14757417102966,179.06761022793836,123.41,98.64184991273996,158.89473246253218,164.45,131.44520069808027,214.70957317556397
2009-11-01,95.0574,162.34558729345457,11447.2,9102.113888888889,144.18733487871893,1095.630005,1.0593,1160.6008642964998,922.8388816802029,49.756802792221386,149.75,119.0720486111111,180.00309691777943,121.03,96.23565972222222,142.93132292027659,129.36,102.85916666666667,175.22856331629754,157.51,125.24232638888887,180.64665568857475,123.79,98.43024305555555,158.55387090134593,163.0,129.60763888888889,211.70800210533955
2009-12-01,97.6107,166.70628922761622,11746.1,9372.32369337979,148.46775061985824,1115.099976,1.053690909090909,1174.9707074386909,937.5201811967255,50.54837599018541,151.28,120.70773519163762,182.47579016120577,122.05,97.38484320557491,144.63811555855474,128.42,102.46752613240417,174.56137330903607,162.12,129.35707317073172,186.58167196124583,124.08,99.00459930313588,159.47905815582456,166.17,132.588606271777,216.57727257722476
2010-01-01,97.6107,166.70628922761622,11094.3,8829.173588184187,139.86366512243868,1073.869995,1.0438105263157895,1120.9168046756843,892.0588992901189,48.09723518607214,151.86,120.85470026064293,182.69795957769148,121.77,96.90818418766291,143.93017107925579,130.73,104.03881841876627,177.23819151408222,155.51,123.75947871416159,178.50783025264906,125.41,99.80500434404864,160.7683703995629,162.3,129.16316246741965,210.98197070797067
2010-02-01,97.6107,166.70628922761622,11629.6,9215.150173010381,145.97795195416194,1104.48999,1.0572105263157894,1167.678443638421,925.2538532636622,49.88701107365858,151.82,120.30027681660899,181.85982889887978,122.43,97.01200692041523,144.08437089026472,130.63,103.5095847750865,176.3366009797044,155.7,123.37474048442905,177.95289266468924,121.58,96.33847750865051,155.18440320336748,166.81,132.1781660899654,215.90683778171416
2010-03-01,100.2438,171.20327910849235,12037.7,9538.523529411765,151.10053589449467,1169.430054,1.0229,1196.2100022365998,947.8619048864407,51.10597181365563,154.35,122.30501730103805,184.89042675893884,121.94,96.62373702422146,143.50770388269933,131.46,104.16726643598616,177.4570126677788,158.8,125.83114186851212,181.495949615624,125.82,99.69820069204152,160.59632843434525,167.37,132.62190311418686,216.63166140834184
2010-04-01,100.2438,171.20327910849235,12210.7,9642.242413793103,152.7435552741791,1186.689941,1.005209090909091,1192.8715167835728,941.9571632532351,50.78760522679541,156.36,123.47048275862069,186.65227930252559,123.73,97.70403448275863,145.11218547862563,134.02,105.82958620689656,180.2889032485461,157.08,124.03903448275861,178.91105507393425,128.66,101.5970344827586,163.65501688588694,169.13,133.5543793103448,218.15481756018426
2010-05-01,100.2438,171.20327910849235,11763.0,9264.753224419603,146.76371797201836,1089.410034,1.0402799999999999,1133.29147016952,892.6010203570767,48.126464785684384,156.87,123.55367153912296,186.77803709617982,126.74,99.82273430782458,148.25892515643037,136.11,107.20271711092005,182.62813817873942,160.54,126.44423043852106,182.3802544908713,130.16,102.51638865004298,165.13593532545585,169.62,133.59580395528803,218.22248277570733
2010-06-01,101.3371,173.07049229324113,11294.4,8903.330808950086,141.03839575696747,1030.709961,1.0376227272727272,1069.4880807599864,843.0732202892834,45.45606908647095,158.04,124.58230636833045,188.33304061727958,131.37,103.5584509466437,153.8072938461959,136.11,107.29497418244407,182.7853052511824,160.65,126.63975903614458,182.66228045023018,134.84,106.29383820998278,171.2207445392764,169.96,133.9787951807229,218.8480809877865
2010-07-01,101.3371,173.07049229324113,11713.4,9186.193835616437,145.51925223147683,1101.599976,1.0422285714285715,1148.1189692722287,900.408369737467,48.54741447816242,154.41,121.09551369863013,183.06200105613019,128.53,100.79921232876713,149.70921183538857,137.71,107.99859589041097,183.98397937037643,159.38,124.99321917808217,180.28734916786698,134.21,105.25373287671233,169.54531713387945,169.75,133.12585616438355,217.45484509046645
2010-08-01,101.3371,173.07049229324113,11913.9,9351.441645244215,148.1369563775281,1049.329956,1.0403954545454546,1091.718116540782,856.9098498297825,46.20210012289862,155.21,121.82721508140531,184.16812559547287,128.1,100.54807197943443,149.33621265325178,139.56,109.54323907455012,186.61539876413988,157.75,123.82090831191087,178.59643489385672,134.97,105.94046272493573,170.65151856465164,167.8,131.70934018851756,215.14103265030636
2010-09-01,99.7146,170.29947483028053,12368.7,9691.812831479896,153.52880433855395,1141.199951,1.032957142857143,1178.8106408136716,923.6873797992498,49.802551356155014,156.08,122.30049615055603,184.8835920643326,124.63,97.65704020530366,145.04238854196296,136.69,107.10696321642429,182.46501399731565,150.41,117.85762189905901,169.99512750477285,132.14,103.54169375534644,166.7875221574524,161.36,126.4377758768178,206.53017947863083
2010-10-01,99.7146,170.29947483028053,12676.2,9890.459284497445,156.6755791420065,1183.26001,1.0179,1204.440364179,939.7507441124054,50.668641489737254,154.67,120.67948892674615,182.43308983635092,125.17,97.66245315161838,145.0504279691347,136.09,106.18265758091992,180.8903877017375,154.52,120.5624531516184,173.8965139933916,133.29,103.99798977853492,167.5225350814029,166.05,129.55860306643953,211.62790438817302
2010-11-01,99.7146,170.29947483028053,12952.9,10097.750127659574,159.95929044085057,1180.550049,1.0129,1195.7791446320998,932.1988906238328,50.26146739661438,158.4,123.48459574468086,186.67361412650166,126.06,98.27315744680851,145.95745944869822,137.6,107.26944680851062,182.74181739098913,155.2,120.9899574468085,174.51313637214554,131.82,102.76350638297872,165.53399868392194,162.65,126.79778723404254,207.11824115328739
2010-12-01,98.7219,168.6040732675804,13443.2,10479.975489361703,166.01415383847961,1257.640015,1.0080619047619048,1267.7789890256904,988.3281310191765,53.28779366078681,158.38,123.46900425531915,186.6500442257281,126.85,98.88902127659573,146.87215398276507,139.06,108.40762553191487,184.68079306970165,152.3,118.72919148936171,171.2522594682846,131.52,102.52963404255318,165.15727133143236,161.18,125.65181276595744,205.24634558307326
2011-01-01,98.7219,168.6040732675804,13552.0,10537.887945670627,166.93154982290665,1286.119995,0.9939450000000001,1278.332538430275,994.0174916826246,53.5945475288397,158.38,123.15456706281833,186.17470455452505,127.33,99.01042444821732,147.05246464906776,138.92,108.02268251273343,184.02501279852373,150.06,116.68502546689304,168.30380133692924,130.93,101.8097453310696,163.99765678329516,160.06,124.46091680814939,203.3010728653208
2011-02-01,98.7219,168.6040732675804,14136.5,10964.465707027943,173.68900323202342,1327.219971,0.9876368421052631,1310.811340937479,1016.6834786610759,54.81663197561172,160.76,124.6876883996613,188.4923482988077,126.11,97.81266723116003,145.27352923089268,139.77,108.40755292125317,184.68066937181118,153.61,119.14204911092297,171.8477558213226,133.42,103.48240474174428,166.69201794739737,157.93,122.49270110076206,200.0860847774617
2011-03-01,100.5969,171.8063276546689,14116.1,10829.436850921273,171.55000001459396,1325.829956,0.9765608695652174,1294.753654726974,993.295098601263,53.55559818372506,162.72,124.83376884422108,188.71318041454433,128.02,98.21299832495812,145.8681097949772,140.85,108.05577889447235,184.08139505020844,150.75,115.65075376884421,166.8119915892748,131.15,100.6142378559464,162.07190376280028,162.25,124.47319932998325,203.3211357889305
2011-04-01,100.5969,171.8063276546689,13944.8,10662.301168614356,168.90238992213088,1363.609985,0.957952380952381,1306.2734318211906,998.7866974525964,53.851689306979736,166.7,127.4601001669449,192.68344696439138,129.99,99.39135225375627,147.6182270217678,142.8,109.18597662771286,186.0067744935483,151.91,116.15155258764607,167.53433230585037,136.68,104.5065776293823,168.34178097516482,162.51,124.25639398998328,202.96699442989757
2011-05-01,100.5969,171.8063276546689,13802.9,10483.794693200663,166.07465416067078,1345.199951,0.9680428571428572,1302.2112039944716,989.075839849864,53.32810795786842,168.64,128.08809286898838,193.6327934527413,132.62,100.72961857379768,149.60584965661323,144.22,109.54023217247098,186.61027627337475,156.79,119.08759535655058,171.76921297641798,136.2,103.44875621890546,166.63781607426785,162.68,123.56126036484245,201.83152624116704
2011-06-01,102.5685,175.1735621877802,13300.9,10169.970283806344,161.10333587539952,1320.640015,0.9766454545454546,1289.7970677405908,986.1887429468957,53.17244404502864,171.63,131.22961602671117,198.38188363826328,136.12,104.07839732888147,154.57952967307511,146.09,111.70153589315525,190.29222469021337,158.86,121.46557595993322,175.19915759401877,139.43,106.6092487479132,171.7288156377468,165.93,126.87135225375627,207.23840616425395
2011-07-01,102.5685,175.1735621877802,12945.6,9881.808,156.53853343260414,1292.280029,0.955315,1234.5344959041352,942.3613318734897,50.80939682956814,171.84,131.1712,198.2935752078609,137.32,104.82093333333331,155.68236051289665,144.56,110.34746666666668,187.9854628052243,162.74,124.22486666666667,179.17909514880523,140.74,107.43153333333333,173.05337199312717,165.56,126.37746666666665,206.43166721115102
2011-08-01,102.5685,175.1735621877802,12768.7,9722.468162926018,154.01441796578354,1218.890015,0.9817086956521739,1196.5949267691087,911.122986633835,49.12511562458153,171.78,130.79840399002492,197.7300135903627,138.93,105.78543640897755,157.11486173916168,145.27,110.61290108063176,188.43765090397233,160.26,122.0267331670823,176.00855786395832,140.59,107.0494098088113,172.43783796522442,165.9,126.3211970074813,206.33975336079925
2011-09-01,103.7585,177.20592630545235,11623.8,8828.69054726368,139.8560132314807,1131.420044,1.0025,1134.2485941099999,861.5022489260032,46.44970899667927,171.07,129.93376451077944,196.42292443050556,138.45,105.15771144278607,156.1825507838795,144.57,109.80606965174128,187.06315102511292,155.14,117.83436152570481,169.96157727636637,139.33,105.82610281923715,170.46730479902894,163.84,124.44232172470977,203.27069866826162
2011-10-01,103.7585,177.20592630545235,12252.1,9290.499668874172,147.17156951659626,1253.300049,1.0198,1278.1153899701999,969.1669678913105,52.25467917682947,170.26,129.1044370860927,195.1692170613646,137.81,104.49831125827815,155.20319509620995,144.28,109.40437086092716,186.37882599817232,155.41,117.84400662251655,169.9754891425307,138.07,104.69546357615893,168.64604313169934,164.87,125.01731788079469,204.20992793334648
2011-11-01,103.7585,177.20592630545235,12204.1,9246.447973531844,146.47374298686526,1246.959961,1.024755,1277.828454834555,968.1479442749812,52.19973637140064,171.54,129.96744416873446,196.47383850148822,139.17,105.44228287841189,156.6052025522232,147.06,111.42014888337468,189.81286010796367,152.37,115.44327543424316,166.51272960369704,139.74,105.87414392059553,170.5446905937428,165.71,125.55033912324234,205.0805931447931
2011-12-01,103.6796,177.0711754408437,11955.1,9110.542096505824,144.32084680890625,1257.599976,1.0235238095238095,1287.1835182925713,980.9152269184652,52.88811131668661,169.5,129.16971713810315,195.26790194724586,138.96,105.89630615640598,157.27952793168868,142.09,108.28156405990016,184.46603758074986,157.95,120.36788685524125,173.6158760352535,136.6,104.09783693843592,167.68337135701665,164.05,125.01647254575707,204.2085471181919
2012-01-01,103.6796,177.0711754408437,12452.2,9450.054018227009,149.69908309007255,1312.410034,1.012985,1329.45167829149,1008.9293598301613,54.39855232036918,168.33,127.74671085335542,193.11672086675043,140.04,106.27724937862467,157.8453132015813,145.87,110.70167357083679,188.5888817220388,153.85,116.75774647887322,168.40869245474286,138.25,104.91880695940347,169.0058101794515,159.52,121.06074565037282,197.7470526794721
2012-02-01,103.6796,177.0711754408437,12644.0,9556.026402640262,151.3778003491416,1365.680054,0.996745,1361.2347654242299,1028.7879910301936,55.46927226505165,169.31,127.96036303630363,193.43970224686865,139.49,105.42313531353136,156.57676416683702,146.5,110.7211221122112,188.6220138197806,150.4,113.66864686468645,163.95304610512974,137.51,103.92669966996698,167.4076992106427,161.06,121.72521452145213,198.83243143001002
2012-03-01,105.5386,180.24610392382905,12392.2,9327.243385373871,147.75362975230678,1408.469971,0.9937727272727273,1399.699044362409,1053.51218129496,56.80232907878445,173.06,130.2571569433032,196.91180187952105,140.62,105.84052588331963,157.19668184066484,147.35,110.9059983566146,188.93696483239285,154.02,115.92631059983566,167.20944843478387,136.37,102.64167625308136,165.33775169632955,164.31,123.67129005751849,202.01125458594987
2012-04-01,105.5386,180.24610392382905,12292.7,9214.495253682488,145.96757732321333,1397.910034,0.9928238095238096,1387.8783653274381,1040.3409023240042,56.092171820254144,172.03,128.95211129296234,194.93894375353338,143.63,107.66373158756137,159.90454713732566,149.68,112.19875613747955,191.13927791734164,161.15,120.79656301145663,174.23418867944127,141.26,105.88720130932896,170.56572375858403,166.29,124.64945990180031,203.60904916987965
2012-05-01,105.5386,180.24610392382905,11513.2,8637.25733005733,136.82350388989386,1310.329956,1.009731818181818,1323.0818488899815,992.5822879469476,53.51716549535546,174.91,131.21831285831286,198.36479646003454,145.71,109.31233415233416,162.35308800287268,151.0,113.28091728091728,192.98282330650304,159.22,119.44760032760031,172.2884758799947,139.65,104.76609336609337,168.75981534486692,167.87,125.93687141687143,205.7119755257619
2012-06-01,106.9303,182.6229452201016,11596.6,8735.596710526315,138.38130610557,1362.160034,1.028,1400.300514952,1054.831637907921,56.87347036226013,172.83,130.19101973684212,196.81182121971597,147.77,111.31358552631579,165.3253906524815,152.19,114.64312500000001,195.3034497444634,162.42,122.34927631578947,176.47378669521055,144.6,108.92565789473684,175.46014480466633,170.28,128.27013157894737,209.5232466170326
2012-07-01,106.9303,182.6229452201016,11664.7,8794.127736625514,139.30850090492999,1379.319946,1.0142,1398.9062892332001,1054.6486921297212,56.86360645514886,172.78,130.26047736625515,196.91682141535168,150.62,113.55384362139918,168.65267135214495,151.11,113.92325925925925,194.077102656319,162.18,122.26903703703704,176.3580514020439,143.19,107.9522962962963,173.89222985872473,168.29,126.87542386831275,207.24505695575425
2012-08-01,106.9303,182.6229452201016,11949.3,8986.501477832511,142.3559091645811,1406.579956,0.9923826086956522,1395.8654860742956,1049.7641914975818,56.60024831158067,169.21,127.25481116584565,192.37310833839098,148.81,111.91293924466339,166.2155640051439,152.0,114.311986863711,194.73933026185858,161.3,121.30607553366174,174.96909784171606,144.49,108.66407224958951,175.03877617524086,171.54,129.0070935960591,210.7270395231282
2012-09-01,106.0767,181.16510823619828,12317.5,9248.221311475409,146.50183457910893,1440.670044,0.9783000000000001,1409.4075040452,1058.210880086396,57.055669324613554,169.97,127.61681967213113,192.92036231614682,148.16,111.24144262295081,165.2182424223241,149.01,111.87963934426227,190.59563772446722,164.95,123.84770491803276,178.63508570320604,140.79,105.70790163934424,170.27690341389217,166.62,125.1015737704918,204.34755597924178
2012-10-01,106.0767,181.16510823619828,12422.9,9312.091980360065,147.513615099087,1412.160034,0.9871545454545455,1394.0201964723456,1044.944762658485,56.340398650845216,167.74,125.7363666121113,190.0776517189891,148.05,110.97692307692309,164.82537216236906,150.37,112.71597381342062,192.02039831928553,161.09,120.75158756137479,174.16931712299842,142.51,106.82418985270047,172.07504808746856,169.85,127.3180032733224,207.96798966566877
2012-11-01,106.0767,181.16510823619828,12239.4,9197.12091878589,145.69234905485592,1416.180054,0.9969699999999999,1411.8890284363797,1060.9436833861555,57.203014172728864,167.04,125.51980311730924,189.75026926275015,147.6,110.91189499589825,164.72879102316688,149.63,112.43730926989333,191.54567166932424,163.17,122.6117473338802,176.8523688646765,142.09,106.77148482362591,171.9901495225933,166.87,125.39205906480721,204.82205008952502
2012-12-01,104.7044,178.8213995986508,12433.5,9396.935643564355,148.85763054737836,1426.189941,0.9898199999999999,1411.67132740062,1066.9067127879273,57.524523467447764,165.21,124.86168316831683,188.75537893925446,146.75,110.91006600660064,164.72607456794987,148.17,111.98326732673266,190.77217602509822,160.99,121.6723102310231,175.49734635947368,139.54,105.46092409240921,169.87906587050458,166.44,125.79128712871285,205.4741704160615
2013-01-01,104.7044,178.8213995986508,12685.2,9579.260676009893,151.74585638490495,1498.109985,0.9920571428571427,1486.210711404857,1122.3157556857782,60.51201876603607,166.01,125.36286892003295,189.51302935757056,146.51,110.63739488870567,164.32109741379128,149.68,113.03122835943941,192.55745887468382,160.82,121.44362737015663,175.16749945212266,143.78,108.57582852431986,174.8966309992266,165.88,125.26469909315745,204.61401354648393
2013-02-01,104.7044,178.8213995986508,12821.8,9571.938712306437,151.62986855555368,1514.680054,1.0097842105263157,1529.5000025283473,1141.8272227513985,61.56402062491247,169.64,126.64241238793804,191.44733543150116,146.39,109.28544417277912,162.3131504125637,147.04,109.77069274653624,187.00288372493395,157.09,117.27338223308882,169.15243362626398,138.21,103.17877750611245,166.2029276838152,165.03,123.20088019559903,201.2428621293679
2013-03-01,105.4775,180.14175312753514,12749.9,9502.773311635474,150.53421375378957,1569.189941,1.0244238095238094,1607.5155372256618,1198.1157299419901,64.59893409393702,165.29,123.19417412530511,186.23457917657612,147.59,110.0019853539463,163.37737316789887,151.88,113.19941415785189,192.84397641882774,167.46,124.81152156224572,180.02527269904186,138.86,103.4953295362083,166.71283752610876,171.49,127.81516680227827,208.78008298313992
2013-04-01,105.4775,180.14175312753514,12456.5,9299.22901385493,147.3098517885363,1597.569946,1.0186727272727272,1627.4009339007634,1214.9138186251828,65.50463844004574,167.15,124.7835370823146,188.63724426653755,148.33,110.73372453137735,164.46416832225955,151.81,113.33167074164629,193.06928576089658,165.8,123.77571312143439,178.53124638891447,143.41,107.0607660961695,172.4561309538813,172.37,128.68045639771802,210.19349297242405
2013-05-01,105.4775,180.14175312753514,12650.4,9420.948292682926,149.238016897412,1630.73999,1.0195590909090908,1662.6357817135,1238.1905496337934,66.75965243808442,169.55,126.26650406504066,190.87906888139176,151.06,112.49671544715447,167.08260128791693,153.49,114.30637398373985,194.7297682857578,168.52,125.49944715447154,181.017520776679,142.95,106.45707317073169,171.4836874528539,174.87,130.22839024390242,212.72197034286577
2013-06-01,107.0699,182.86136373340165,12129.1,9032.728130081301,143.08818936558527,1606.280029,1.0314,1656.7172219106,1233.7829067236664,66.5220050833713,168.02,125.12708943089432,189.15659777912973,154.07,114.73830894308941,170.41186535435827,154.48,115.04364227642274,195.98576197005576,174.79,130.16881300813006,187.75250686301754,143.74,107.04539837398374,172.4313762467522,173.18,128.9698211382114,210.6661567105707
2013-07-01,107.0699,182.86136373340165,12486.6,9291.409910641754,147.18598873131552,1685.72998,1.0402136363636363,1753.519312423,1304.8120960028173,70.3516934868545,170.99,127.23545085296507,192.34384104756623,154.36,114.8608935824533,170.59393076259218,152.36,113.37267262388302,193.13913564545658,168.92,125.69514216084484,181.29978676019738,145.3,108.11925264012999,174.16116726825064,176.3,131.18667749796913,214.28728764777708
2013-08-01,107.0699,182.86136373340165,12653.9,9415.899593826156,149.15804004350207,1632.969971,1.0407181818181819,1699.4615391828092,1264.5871404479717,68.18288025130434,171.91,127.92003249390739,193.37873392880934,156.42,116.39376116978066,172.87057948875787,151.76,112.92620633631192,192.37854571773752,173.89,129.39337124289193,186.63402746703005,144.03,107.17423233143786,172.6389051730636,174.14,129.57939886271322,211.66187334647702
2013-09-01,107.4486,183.5081337261432,12787.2,9499.655474452555,150.4848238384931,1681.550049,1.034235,1739.117914927515,1291.9967640499624,69.6607278618105,173.76,129.08690997566907,195.14272105165392,153.97,114.3848499594485,169.8869002813731,152.12,113.01047850770479,192.52210989387527,173.55,128.930900243309,185.96696991678783,143.91,106.91124087591241,172.21527202949812,170.84,126.91763179237631,207.3140016210002
2013-10-01,107.4486,183.5081337261432,13361.3,9950.36650406504,157.6245743353088,1756.540039,1.0362818181818183,1820.270505324082,1355.5835633145196,73.08914412601764,174.95,130.2879674796748,196.9583786540813,153.32,114.17977235772355,169.5823145072383,151.48,112.80949593495933,192.17972050248605,172.97,128.81343089430894,185.7975348251968,142.84,106.37515447154472,171.3517307853491,174.29,129.79645528455285,212.01642483592428
2013-11-01,107.4486,183.5081337261432,13395.4,9975.761300813008,158.02685539963898,1805.810059,1.0486421052631578,1893.648461975147,1410.2292611131988,76.03548206516231,174.95,130.2879674796748,196.9583786540813,155.71,115.95964227642277,172.22581654006055,149.25,111.14878048780487,189.3505630115926,172.24,128.26978861788618,185.0133976891478,142.65,106.23365853658537,171.12380563238625,172.91,128.76874796747967,210.3377131125117
2013-12-01,108.0217,184.48691345373808,13621.6,10169.018418907905,161.0882573052403,1848.359985,1.0639190476190477,1966.5053948983573,1468.0675971694336,79.15395782307644,176.78,131.9726813365933,199.5051872057344,155.65,116.19837000814995,172.5803802289469,149.04,111.26376528117358,189.54644851988684,171.62,128.120554197229,184.79814538760857,141.88,105.91856560717194,170.61624614557337,173.45,129.48671556642216,211.5104795269882
2014-01-01,108.0217,184.48691345373808,13694.9,10190.518602761982,161.4288434863368,1782.589966,1.0940095238095238,1950.170399851295,1451.1422309210286,78.24139103885652,180.83,134.5574979691308,203.41269534260132,155.93,116.02914703493094,172.32904653933008,151.9,113.03038180341186,192.55601670087196,175.62,130.68068237205523,188.49081547967003,139.45,103.76620633631194,167.1491725778221,174.86,130.11515840779853,212.53701144691038
2014-02-01,108.0217,184.48691345373808,14209.6,10488.310717163578,166.1461928677678,1859.449951,1.1054421052631578,2055.514268464916,1517.2047299869967,81.80328987433035,180.22,133.02298146655923,201.09294250424674,155.08,114.46678485092667,170.00859178809844,154.99,114.40035455278003,194.88987146981265,178.19,131.5246091861402,189.7080761375165,141.26,104.26604351329573,167.954322669613,175.94,129.8638517324738,212.12651377405064
2014-03-01,109.3543,186.76281969172962,14335.3,10521.742628205127,166.6757905207776,1872.339966,1.1106809523809524,2079.5723366178,1526.3527727098594,82.29652587330295,182.75,134.1338141025641,202.77220574839617,155.6,114.20641025641025,169.6218777014856,152.98,112.28339743589743,191.28347092997856,178.76,131.2052564102564,189.24744902676534,138.92,101.96371794871793,164.24567968543482,175.78,129.0180128205128,210.744875564379
2014-04-01,109.3543,186.76281969172962,14651.9,10719.760702875397,169.81261113113877,1883.949951,1.099209090909091,2070.8549129569365,1515.0983228982059,81.6897184977903,180.37,131.96399361022364,199.4920538325376,157.47,115.2096805111821,171.11195679664652,154.17,112.79530351437698,192.1555426139301,183.43,134.20277955271564,193.57100757639643,143.47,104.96686900958466,169.08322971904747,178.4,130.5226837060703,213.20268491680872
2014-05-01,109.3543,186.76281969172962,14604.2,10633.900794912559,168.45249726602816,1923.569946,1.0893857142857142,2095.5096196017425,1525.8241745271828,82.2680253884904,179.9,130.99236883942766,198.02323331735096,161.26,117.41984101748805,174.39453589408595,157.01,114.32524642289346,194.76191894871116,184.12,134.06511923688393,193.37244949788538,143.6,104.56089030206677,168.42926917214365,178.46,129.94384737678857,212.25718290883466
2014-06-01,110.5261,188.76410059348447,15146.0,11019.647339158062,174.5631400059889,1960.22998,1.0830380952380954,2123.0037437678097,1544.6159088890497,83.2812213421165,179.84,130.84467037331214,197.79995521286793,162.58,118.2869579030977,175.68239700445224,157.02,114.24171564733916,194.61961779785207,183.11,133.22379666401906,192.1589451377745,146.53,106.60959491660047,171.72937325483326,182.0,132.41620333598092,216.29566046386955
2014-07-01,110.5261,188.76410059348447,15330.7,11171.775019888622,176.9730071108816,1930.670044,1.0739181818181818,2073.381663343309,1510.9129702644955,81.46405639171141,181.17,132.02205250596657,199.57982238241354,166.39,121.25158313444707,180.0855237404531,155.53,113.33769291964995,193.07954500792155,187.1,136.34335719968178,196.65852762106127,146.65,106.86666666666666,172.14347079037802,183.36,133.61794749403342,218.25865320815652
2014-08-01,110.5261,188.76410059348447,15625.7,11386.747175815433,180.37839871711682,2003.369995,1.0926333333333333,2188.9488355368335,1595.1289843689256,86.00474024121696,183.05,133.3920445505171,201.65086099851413,167.35,121.951153540175,181.12454112605823,155.02,112.96604614160701,192.4464159141516,188.15,137.1085123309467,197.7621698124141,147.44,107.44235481304693,173.07080350039777,181.67,132.3864120922832,216.24699786390588
2014-09-01,111.0363,189.63545536057381,14960.5,10893.337042925277,172.5622482127343,1972.290039,1.101052380952381,2171.594643369614,1581.2247164758078,85.25506234048909,184.33,134.21802861685217,202.89951416001836,165.86,120.76928457869634,179.3692032952567,154.02,112.14810810810812,191.052995073438,189.68,138.11357710651828,199.2118521657555,143.13,104.21866454689983,167.87800345827938,181.87,132.42680445151032,216.3129768891054
2014-10-01,111.0363,189.63545536057381,14613.3,10632.07529785544,168.4235794169759,2018.050049,1.1211545454545453,2262.545985391118,1646.1414794426244,88.75518640003062,186.17,135.45013502779983,204.76210888556287,165.11,120.12768864177919,178.41629086852694,155.67,113.25950754567114,192.9463501629832,189.82,138.10573471008735,199.20054047322566,143.11,104.12133439237489,167.72122163720184,181.36,131.9505639396346,215.5350603391614
2014-11-01,111.0363,189.63545536057381,14744.7,10770.450717703348,170.61559582592787,2067.560059,1.132538888888889,2341.592171930906,1710.4453185715388,92.222263379378,184.43,134.71920255183412,203.65714671479077,165.93,121.20564593301434,180.01729679639735,154.4,112.7834130781499,192.13528633415655,187.06,136.64031897926634,197.08685847290687,146.12,106.73518341307815,171.93167431230373,187.33,136.83754385964912,223.51771293637555
2014-12-01,111.8501,191.02531915802058,14632.4,10765.685461847388,170.5401090159106,2058.899902,1.1531619047619048,2374.244932704419,1746.8340227769058,94.1842370401696,185.02,136.12716465863454,205.78558527382393,167.77,123.4355983935743,183.32927134052323,154.53,113.69436144578312,193.68715748855726,183.32,134.8764016064257,194.54262455852546,142.2,104.62265060240962,168.52875419202581,183.07,134.6924658634538,220.01382859107125
2015-01-01,111.8501,191.02531915802058,14673.5,10813.295253419146,171.29429964071073,1994.98999,1.21219,2418.3069159781003,1782.115152884907,96.08649350976518,190.27,140.2150603378922,211.96532175040392,167.89,123.72263877715203,183.75559004478245,156.03,114.98268704746582,195.88192001271858,186.09,137.1347063555913,197.79995147207748,140.4,103.46452131938857,166.66321088819035,183.02,134.8723411102172,220.30764637408885
2015-02-01,111.8501,191.02531915802058,15234.3,11128.085167464113,176.28091256457796,2104.5,1.2499052631578949,2630.42562631579,1921.4273315033997,103.59780316054035,191.05,139.5548644338118,210.9672931728069,165.39,120.81119617224878,179.43145131776146,154.29,112.70306220095691,191.99840238663867,185.98,135.85141945773523,195.94896791826804,139.8,102.11866028708133,164.49526463769547,182.49,133.30210526315787,217.7427397307381
2015-03-01,114.857,196.16071047350667,14902.4,10808.074742676166,171.21160110057767,2067.889893,1.2618318181818182,2609.3292634839954,1892.4351586313062,102.03462907159395,188.14,136.44991290577985,206.27348889762635,169.01,122.57574030087093,182.05219114937017,156.37,113.40848772763262,193.20014945082218,183.68,133.2152652414885,192.14663960982043,139.79,101.38372129849563,163.31140673082416,185.49,134.52798099762472,219.74515027380713
2015-04-01,114.857,196.16071047350667,15224.5,11050.429477020602,175.0507623840924,2085.51001,1.233681818181818,2572.8557809731815,1867.4610898347337,100.6880995303072,192.64,139.82427892234546,211.37457131117984,168.23,122.10671949286844,181.35559110778024,155.77,113.06285261489698,192.61133324513966,187.36,135.99188589540412,196.15157348248107,139.3,101.10839936608559,162.86791135000905,185.99,134.99749603803485,220.51208108140293
2015-05-01,114.857,196.16071047350667,15014.1,10837.600945626476,171.6793281104199,2107.389893,1.21764,2566.0422293125202,1852.2416722224336,99.86751256135665,194.75,140.57604412923558,212.51102665039392,173.84,125.48261623325452,186.36954735371233,158.63,114.50360914105593,195.0657736644905,169.39,122.27048069345939,176.36013369891734,144.53,104.32583136327817,168.05063041765172,186.3,134.47659574468085,219.66121487206937
2015-06-01,117.4469,200.58392041330427,14553.3,10480.206603773584,166.01781494089033,2063.110107,1.2364954545454545,2551.0262695322863,1837.0597978707342,99.04894981640767,197.06,141.90798742138364,214.52454636641517,177.65,127.93034591194969,190.0049694221739,158.59,114.20474842767295,194.5566412737188,184.23,132.66877358490564,191.35839259325783,145.9,105.06635220125787,169.24347970563448,185.37,133.48971698113206,218.049194676792
2015-07-01,117.4469,200.58392041330427,14468.4,10410.88326787117,164.91965827413262,2103.840088,1.2863136363636363,2706.1981939228726,1947.2722275203075,104.99128518630567,201.5,144.99135899450116,219.18572788284374,180.34,129.7654673998429,192.73053230334605,158.26,113.87758051846032,193.99928538068195,189.44,136.31346425765906,196.61541072790865,147.61,106.2142655145326,171.0925668726363,182.82,131.54997643362137,214.88071942767294
2015-08-01,117.4469,200.58392041330427,13859.1,9972.455302435192,157.9744848073755,1972.180054,1.3147238095238096,2592.8720736617524,1865.7272737424707,100.5946171824204,195.46,140.64521602513747,212.615594898167,182.12,131.0462843676355,194.6328298940079,156.79,112.81982717989003,192.197320579029,189.0,135.99685781618226,196.15874486684302,144.39,103.89728201099763,167.36031251771527,183.24,131.85219167321287,215.37437385366363
2015-09-01,119.1831,203.54912258229794,13307.0,9590.25334382376,151.91999214003138,1920.030029,1.3265809523809524,2547.0752644708477,1835.6577043708076,98.9733529910495,204.22,147.17979543666405,222.49402182413309,180.82,130.31559402045633,193.54759248545423,157.14,113.24959874114869,192.92946974642024,187.86,135.38926829268294,195.28237169000857,144.96,104.47156569630212,168.28538288708464,185.01,133.335295043273,217.79695368061581
2015-10-01,119.1831,203.54912258229794,13529.2,9742.725786163523,154.33532064193648,2079.360107,1.3072238095238096,2718.189040444376,1957.4380196910759,105.5393952912318,205.27,147.82022012578616,223.4621619437432,181.71,130.85405660377359,194.34732898228663,157.09,113.12455974842767,192.71645613020044,185.26,133.41050314465406,192.42824627816827,145.27,104.61267295597484,168.51268195227908,183.89,132.42393081761006,216.30828294284558
2015-11-01,119.1831,203.54912258229794,13469.8,9707.582061369001,153.77860600644735,2080.409912,1.3278526315789474,2762.4777764121263,1990.896650821013,107.34338788829152,207.52,149.55808025177026,226.08931254991722,182.64,131.62725413060582,195.4956989909488,159.2,114.73422501966954,195.45864568938592,182.38,131.43987411487018,189.58585621645778,142.29,102.54731707317072,165.18575559466936,178.66,128.75889850511408,210.32162447748135
2015-12-01,120.847,206.39084582212544,13010.0,9420.679841897234,149.23376434643234,2043.939941,1.3712545454545455,2802.7619347323457,2029.5098278378093,109.425298687832,210.64,152.52667193675887,230.57697949623412,181.5,131.42608695652171,195.19692107013472,156.01,112.96850592885374,192.45060635239136,178.49,129.24651383399208,186.42220371266708,142.42,103.12784189723318,166.12087934476997,183.08,132.57018181818182,216.54717709601735
2016-01-01,120.847,206.39084582212544,12822.1,9262.652681388012,146.7304430970585,1940.23999,1.4208105263157895,2756.7134013708423,1991.442804144867,107.37283489553057,216.72,156.5579810725552,236.67117320114164,181.34,130.99955835962146,194.56343139703174,154.41,111.54539432176655,190.02622542038594,181.06,130.79728706624607,188.659003413019,142.09,102.64545741324922,165.3438424826824,180.79,130.60223974763406,213.3326359811076
2016-02-01,120.847,206.39084582212544,12860.4,9268.392132179386,146.8213622091876,1932.22998,1.37969,2665.8783811062003,1921.2782038499445,103.58976262888184,223.8,161.29095200629425,243.82608013045237,184.04,132.63622344610542,196.9942424567138,156.95,113.11266719118804,192.6961962371176,177.01,127.56975609756095,184.00368685642715,139.86,100.79603461841072,162.36474648584203,179.4,129.29221085759244,211.19276520351593
2016-03-01,126.8984,216.72584432774005,13494.4,9664.480375293197,153.0958286516577,2059.73999,1.3226391304347827,2724.292709295348,1951.096264045769,105.19746617308986,225.61,161.57838936669273,244.26060372893835,183.15,131.16919468334635,194.81537900393042,159.19,114.00941360437841,194.223873261292,177.73,127.28747458952304,183.5965304911626,144.33,103.36691164972636,166.50597881721387,184.65,132.24347146207975,216.0135110455403
2016-04-01,126.8984,216.72584432774005,13951.5,9960.696804364768,157.78821747215562,2065.300049,1.2818142857142856,2647.331107094614,1890.0664802016101,101.90691678308484,233.08,166.40785658612626,251.56138561772673,188.97,134.9154481683554,200.3793972498966,158.79,113.36838659392048,193.1318340611933,179.42,128.09720966484798,184.7644737701543,144.51,103.17315666406857,166.19387349237854,182.29,130.146250974279,212.58779969663348
2016-05-01,126.8984,216.72584432774005,14065.8,10003.317391304347,158.46337369595176,2096.949951,1.2945285714285715,2714.561624425243,1930.542273271368,104.08925445178376,238.55,169.65201863354037,256.46563663422575,193.61,137.69158385093166,204.502575153619,159.72,113.58968944099377,193.50884061498087,180.5,128.3680124223602,185.15507344924308,145.15,103.22779503105588,166.28188632579878,181.56,129.12186335403726,210.9145105423673
2016-06-01,133.3705,227.77934332436703,14064.5,9979.14949651433,158.08052808646588,2098.860107,1.2894045454545455,2706.279762239014,1920.179908761376,103.53054573499666,246.6,174.96948102246319,264.5041285298007,201.73,143.1329821843532,212.58425989061814,161.38,114.50354763749031,195.06566888839916,179.27,127.19699457784664,183.46602419998072,148.81,105.58478698683192,170.07858728548956,183.25,130.02091402013943,212.38306765785597
2016-07-01,133.3705,227.77934332436703,14582.7,10362.880682699768,164.15924537360826,2173.600098,1.3052350000000001,2837.05892391303,2016.0946270786153,108.70198987212846,250.78,178.21138867339022,269.40497153951657,207.57,147.50513576415824,219.07787875264853,161.48,114.75227307990689,195.48939195895548,179.11,127.28065166795966,183.5866892657719,148.65,105.63491078355314,170.15932793742454,182.15,129.4409619860357,211.43574319835952
2016-08-01,133.3705,227.77934332436703,14598.0,10389.874125874127,164.58685072748787,2170.949951,1.299782608695652,2821.762990658478,2008.3410252083652,108.28393808990941,252.39,179.6342191142191,271.555886793982,210.3,149.6773892773893,222.30415754847658,161.31,114.80960372960372,195.58705916457194,179.37,127.6634965034965,184.13889586542118,147.97,105.31508935508936,169.64415166734756,183.89,130.88052836052836,213.78720738407117
2016-09-01,137.1935,234.30852653601465,14725.9,10472.767391304345,165.89996976419513,2168.27002,1.3107761904761905,2842.1167167393332,2021.256919668656,108.9803257544341,249.61,177.5176708074534,268.35626728262037,214.24,152.3632298136646,226.29322711074497,160.4,114.07329192546582,194.33269493265047,180.81,128.58847826086955,185.4730683122307,147.86,105.15509316770185,169.38642585003524,181.58,129.13608695652172,210.9377441302217
2016-10-01,137.1935,234.30852653601465,14787.3,10491.995972114639,166.20457129460672,2126.149902,1.325095,2817.35060439069,1998.9877255010629,107.77963522812985,249.52,177.0413013168087,267.63613199819906,215.48,152.88898528272657,227.0740907214118,158.83,112.69425251742835,191.98339440788473,181.78,128.97790859798604,186.03477368813796,148.88,105.63445391169635,170.15859199693358,181.89,129.05595662277304,210.80685498656163
2016-11-01,137.1935,234.30852653601465,15082.9,10743.340902021773,170.1861470055883,2198.810059,1.3434149999999998,2953.9144154114842,2104.032351879409,113.44333759573466,242.63,172.82199066874028,261.2577334372491,217.47,154.90087091757385,230.06218760964484,159.86,113.86606531881806,193.97966834551627,183.14,130.44808709175737,188.15532538837064,144.31,102.79001555209952,165.57670030943868,182.96,130.31987558320373,212.87140735577216
2016-12-01,138.2738,236.15353742367958,15287.6,10906.107165109033,172.7645407687524,2238.830078,1.3339190476190477,2986.4180854266383,2130.4976372669785,114.87026922162326,246.11,175.57380062305296,265.4176880167089,220.41,157.23953271028037,233.53561964990402,159.82,114.01489096573206,194.23320437092343,184.08,131.3218691588785,189.415648577641,146.16,104.26990654205606,167.96054533192023,181.69,129.6168535825545,211.72305387545657
2017-01-01,138.2738,236.15353742367958,15386.0,10883.07027027027,172.39961142253347,2278.870117,1.3183052631578946,3004.246469294347,2125.011402219013,114.57446729912908,245.18,173.42461776061776,262.1687343319996,222.9,157.66517374517375,234.16779109635192,160.88,113.79620077220076,193.8606486749587,182.71,129.23734362934363,186.40897682005428,146.69,103.75910424710423,167.13773235680452,181.07,128.0773127413127,209.20828608512366
2017-02-01,138.2738,236.15353742367958,15399.2,10875.610794140324,172.28144524752204,2363.639893,1.3109157894736843,3098.5328563635894,2188.3238985574776,117.9880939431004,252.08,178.03028527370856,269.1311946692495,229.12,161.8148959136469,240.3310499237292,160.52,113.36647648419431,193.12858004121688,178.76,126.24838858905166,182.097776704243,146.06,103.15417116422515,166.1632911794864,178.59,126.12832690824982,206.02470909547503
2017-03-01,146.4193,250.06498441569528,15547.8,10963.652655889144,173.6761236220499,2362.719971,1.3387,3162.9732251777,2230.3952842669537,120.25646135099564,249.33,175.81699769053117,265.7853328655044,233.5,164.65434949961508,244.54826897313987,162.32,114.46121632024632,194.99355420825609,180.88,127.5489453425712,183.9736699012999,146.05,102.988298691301,165.896099696039,173.07,122.04166281755194,199.34933488655986
2017-04-01,146.4193,250.06498441569528,15586.1,10948.518098159508,173.43637584804455,2384.199951,1.343705,3203.661395158455,2250.4247223659086,121.33639070953568,252.41,177.30641104294475,268.0369025592513,243.68,171.17398773006133,254.23137937035696,163.68,114.97766871165645,195.8733708886822,182.69,128.33131901840488,185.1021477259554,146.48,102.89546012269938,165.74655303269876,182.78,128.3945398773006,209.72646174011857
2017-05-01,146.4193,250.06498441569528,15349.9,10774.335938697317,170.67714193130226,2411.800049,1.3605727272727273,3281.4293703044273,2303.2868223746013,124.18656221566722,258.38,181.36098084291186,274.1662597776445,252.52,177.24775478927202,263.2522720767444,163.39,114.68600766283522,195.37650368455743,181.43,127.34856704980842,183.68464885303393,149.5,104.93639846743294,169.03414701583915,181.93,127.69952490421456,208.59118736395712
2017-06-01,153.8374,262.7341274924213,15182.2,10664.796932515337,168.9419255233947,2423.409912,1.3294863636363636,3221.8904315052,2263.2297816401556,122.02680246146727,266.76,187.3866257668711,283.2753223988981,260.11,182.71530674846625,271.3728007551853,166.05,116.64248466257668,198.70951390558207,182.59,128.2610736196319,185.00082737578524,151.38,106.33748466257667,171.2910513250269,182.19,127.98009202453987,209.0494806019926
2017-07-01,153.8374,262.7341274924213,15143.9,10637.892944785275,168.51573724056703,2470.300049,1.26904,3134.9095741829597,2202.1297315579686,118.73246451918304,273.64,192.21950920245396,290.5812686356069,259.36,182.1884662576687,270.5903256463221,168.12,118.0965644171779,201.18665147730476,184.94,129.91184049079752,187.3818556047851,155.57,109.28076687116564,176.03216313009932,185.8,130.5159509202454,213.19168722679743
2017-08-01,153.8374,262.7341274924213,15211.9,10677.471570881225,169.14270551239923,2471.649902,1.2607695652173911,3116.1809723141478,2187.296375969164,117.93269289768908,277.8,194.99218390804597,294.77276478918515,248.51,174.43307279693485,259.07184434417775,165.68,116.29339463601532,198.11481198639746,181.84,127.63635249042144,184.09974396426,154.96,108.7688582375479,175.20756803728722,186.23,130.71776245210728,213.52133690314812
2017-09-01,155.6623,265.8508176422868,15634.9,10949.211314984708,173.44735715279847,2519.360107,1.227875,3093.459291382625,2166.3675159835507,116.80426931298469,280.87,196.6948929663608,297.34677697106696,240.73,168.58461773700301,250.38558998515228,167.96,117.62336391437307,200.3805177416918,186.3,130.46697247706422,188.1825652344789,152.49,106.78963302752292,172.01938309845835,183.18,128.28201834862384,209.54266309804615
2017-10-01,155.6623,265.8508176422868,16025.6,11214.247211611917,177.64581259384917,2575.26001,1.2606904761904763,3246.6057683211907,2271.8799723317115,122.49319571916273,279.63,195.67691367456072,295.8078815941961,238.12,166.6294270435447,247.48169767346604,168.07,117.61048128342244,200.35857118129888,183.6,128.47792207792205,185.31360461260934,154.33,107.99563025210084,173.96203326691503,182.06,127.40027501909854,208.10237670548602
2017-11-01,155.6623,265.8508176422868,16067.5,11209.314546839298,177.56767384541158,2647.580078,1.277335,3381.84669893213,2359.3081311666647,127.2070691200293,282.69,197.2155674028941,298.1338887420923,238.48,166.37294744859096,247.10076852605224,168.23,117.36380807311498,199.93834424721462,185.68,129.53760853008376,186.8420720180063,151.63,105.7830007616146,170.39787493816786,182.05,127.00517897943638,207.45700584684155
2017-12-01,154.6915,264.19281841082784,16209.1,11351.326911314984,179.8173033933972,2673.610107,1.27687,3413.85253732509,2390.7407677291912,128.90182595107402,287.57,201.3869418960244,304.4398214603544,238.78,167.21902140672782,248.35737621673522,169.98,119.03798165137613,202.79042870762544,182.79,128.00889908256877,184.63709661411912,154.69,108.33030581039753,174.5011369368517,183.61,128.5831498470948,210.0345472837223
2018-01-01,154.6915,264.19281841082784,15951.7,11094.728321943812,175.75250403066536,2823.810059,1.242904761904762,3509.726969045667,2441.0857279011625,131.61628055911805,290.6,202.11814730447992,305.54519622748285,239.88,166.84136674259682,247.79647518579657,168.48,117.18123006833713,199.6273084639474,181.86,126.48728929384967,182.44236159505218,152.93,106.36589217919514,171.3368108556623,180.41,125.47878511769171,204.96371303118542
2018-02-01,154.6915,264.19281841082784,15442.7,10675.859018867925,169.1171609433036,2713.830078,1.258821052631579,3416.2264354512004,2361.708237640226,127.33647591774451,286.92,198.35375094339625,299.85449878064435,238.0,164.5343396226415,244.3700276587576,168.67,116.60507169811319,198.64577802063573,181.09,125.1912754716981,180.57302101788275,149.25,103.17962264150944,166.20428904882323,178.14,123.151879245283,201.1628213741963
2018-03-01,154.147,263.26288373681734,15367.3,10591.758314522196,167.7849147674085,2640.870117,1.2932545454545454,3415.317282765327,2353.9733867667715,126.91943513502737,291.11,200.64466516177575,303.3177099951258,238.8,164.5905191873589,244.45346678651254,169.15,116.5849510910459,198.6115010068925,180.45,124.37336343115122,179.39328347201965,151.42,104.36472535741157,168.11328182572743,176.51,121.65775771256583,198.7222438950765
2018-04-01,154.147,263.26288373681734,15607.9,10725.308627156788,169.90049625606773,2648.050049,1.2731619047619047,3371.396444289695,2316.7285393618604,124.91130070967844,293.13,201.4306676669167,304.505922398967,241.89,166.21998499624902,246.8735853204352,169.68,116.59930982745685,198.63596222735407,181.83,124.94844711177794,180.2227709675147,151.69,104.23708927231807,167.9076824618526,181.69,124.85224306076516,203.94028595355303
2018-05-01,154.147,263.26288373681734,16061.5,11028.736131934033,174.70711632002207,2705.27002,1.2866272727272727,3480.6741878234543,2390.028152958234,128.86340382416842,297.4,204.2116941529235,308.710044070935,247.53,169.96812593703146,252.4404068573169,170.43,117.02689655172414,199.36438935557774,183.2,125.79550224887555,181.44454384664007,157.28,107.99736131934031,173.96482171285493,181.95,124.93718140929533,204.0790287639584
2018-06-01,154.8542,264.47068869817684,16277.7,11160.458982035929,176.7937488243688,2718.370117,1.312452380952381,3567.731332366452,2446.1391470416693,131.88874629998804,295.43,202.5552994011976,306.2060459579707,247.24,169.51485029940122,251.76719188979834,172.8,118.47664670658683,201.83415111854654,183.44,125.7717365269461,181.4102647150528,160.84,110.27652694610778,177.63615809617878,184.36,126.4025149700599,206.47258244047683
2018-07-01,154.8542,264.47068869817684,16434.0,11208.893521965747,177.56100435575502,2816.290039,1.3133428571428571,3698.7544063632286,2522.754308435381,136.01961416006395,296.88,202.4885182427401,306.10509182575976,247.7,168.94504839910644,250.9209095486506,176.22,120.19174981384957,204.75596220417302,181.76,123.97033507073714,178.81196461955452,162.59,110.89533879374534,178.632955531162,185.4,126.45301563663438,206.55507291184966
2018-08-01,154.8542,264.47068869817684,16262.9,11100.459314456037,175.84328915449868,2901.52002,1.3042478260869566,3784.3011784327828,2583.0252454876522,139.26924872634078,294.34,200.90569299552905,303.7123098949797,249.5,170.29955290611028,252.93264949667355,176.47,120.45195230998509,205.1992373253579,181.74,124.0490611028316,178.92551724048985,163.71,111.74244411326379,179.99749373914918,182.81,124.77940387481371,203.82130655800998
2018-09-01,154.4196,263.7284488279749,16073.1,11011.936873597608,174.44099788676172,2913.97998,1.3034000000000001,3798.0815059320003,2602.126147669194,140.29911411440295,294.74,201.93106955871355,305.2623878438602,246.55,168.91533283470457,250.87677533744923,175.19,120.02545998504114,204.47267459121144,182.6,125.10216903515332,180.4444959399298,161.39,110.57086013462975,178.11027727872064,184.23,126.21890800299177,206.17266906728483
2018-10-01,154.4196,263.7284488279749,15027.3,10264.73288590604,162.60447805069208,2711.73999,1.300440909090909,3526.4576178137727,2408.825636030884,129.87690973164933,289.94,198.04999254287844,299.3953024079795,246.42,168.32268456375837,249.9965610630601,177.36,121.1497091722595,206.3879202253143,179.86,122.85739000745714,177.20667821643897,160.36,109.53747949291574,176.44568217286687,181.35,123.8751677852349,202.34427929636541
2018-11-01,154.4196,263.7284488279749,15197.8,10427.853782771534,165.18848959671035,2760.169922,1.32048,3644.7491786025603,2500.8166648688725,134.8367998830176,289.23,198.4529438202247,300.00445021953846,248.65,170.6092883895131,253.39267546340872,176.17,120.87769288389511,205.9245193933477,178.26,122.31173033707864,176.41963123767292,161.71,110.95607490636705,178.73079076412222,180.23,123.66343071161046,201.99841671285603
2018-12-01,154.286,263.5002775287135,14322.9,9834.91484257871,155.79569506833383,2506.850098,1.343611111111111,3368.2316455627774,2312.81873113606,124.70049516094346,284.4,195.28515742128934,295.2156574773837,247.75,170.11919040479756,252.664771134409,177.25,121.70989505247375,207.34224029382239,179.54,123.28233883058469,177.81961464097026,166.5,114.32833583208394,184.1629121006507,176.48,121.18116941529235,197.94375925398947
2019-01-01,154.286,263.5002775287135,15540.6,10655.082035928144,168.78803104738296,2704.100098,1.330045,3596.5748148444095,2465.9150676627837,132.95500672953116,287.27,196.96056886227544,297.7484034199175,246.85,169.24745508982036,251.3700506309526,178.7,122.52185628742514,208.7254791949321,177.17,121.47284431137723,175.20964129724106,159.04,109.04239520958082,175.64818815976292,176.29,120.86949101796408,197.43464720346958
2019-02-01,154.286,263.5002775287135,15999.0,10895.973234200743,172.60400833558927,2784.48999,1.3208722222222222,3677.9554808468333,2504.8380821231967,135.0536230676935,283.04,192.76181412639406,291.4010795561512,247.22,168.36692936802973,250.06227442155017,178.14,121.32062453531597,206.6790877944054,174.44,118.80077323420073,171.3555073333344,158.83,108.1697249070632,174.24246924462503,179.97,122.56692936802972,200.2073331722145
2019-03-01,152.5901,260.6039024806797,16102.1,10893.296602658787,172.56160759514609,2834.399902,1.3370523809523809,3789.7411375402953,2563.8130590745277,138.23338321444908,280.86,190.00573116691285,287.2346654072756,245.78,166.27361890694237,246.95324358672565,177.28,119.93240768094535,204.31415277844184,176.78,119.59415066469718,172.49985672104023,159.18,107.68750369276218,173.4656953813824,178.86,121.0012998522895,197.64995075512823
2019-04-01,152.5901,260.6039024806797,16580.7,11167.589117647058,176.9066978891292,2945.830078,1.3378136363636364,3940.9716487585547,2654.360316369732,143.11542938095994,283.54,190.9725294117647,288.6961895869459,249.05,167.7425,249.13485816129514,177.54,119.57841176470588,203.71109329592142,175.65,118.30544117647058,170.64105174739734,162.87,109.69773529411763,176.7038261825349,176.59,118.93855882352942,194.28055998616372
2019-05-01,152.5901,260.6039024806797,16037.5,10754.282576866764,170.35947497689997,2752.060059,1.3459772727272727,3704.2102925944773,2483.936038079459,133.9266453209984,281.4,188.69868228404098,285.2587789630249,252.43,169.2722401171303,251.40686189979255,181.05,121.4068814055637,206.82603305888193,175.81,117.89308931185944,170.04628488657067,166.58,111.70371888726208,179.9351141869557,178.39,119.6231625183016,195.39882802728127
2019-06-01,151.8894,259.40719866786213,16382.2,11009.60763022744,174.40410015092496,2941.76001,1.32887,3909.2166244887,2627.177129883821,141.64979060468613,278.42,187.11131327953044,282.8591281625554,256.0,172.04402054292,255.5235712801426,182.21,122.4536757153338,208.609328305509,176.29,118.47515774027876,170.88584702189348,169.77,114.09341159207628,183.78449032228787,178.81,120.16871606749815,196.28996417428644
2019-07-01,151.8894,259.40719866786213,16406.6,10969.668321167881,173.7714182705955,2980.379883,1.3105227272727271,3905.8555725779315,2611.506353636047,140.8048676838596,275.12,183.94884671532847,278.07837749860687,258.52,172.84986861313865,256.72043459548297,186.84,124.92367883211678,212.81717007174922,178.88,119.60151824817518,172.5104835542697,173.33,115.89071532846715,186.67963165023707,179.12,119.76198540145985,195.62558869888903
2019-08-01,151.8894,259.40719866786213,16442.1,11009.47631578947,174.4020199881108,2926.459961,1.3273136363636364,3884.3302125074956,2600.911165684843,140.2336058006642,274.91,184.07716374269006,278.2723563759487,258.65,173.1896198830409,257.22504066989586,187.21,125.35406432748536,213.55036512348443,178.86,119.76298245614034,172.74337582019376,175.34,117.40602339181285,189.12052737083258,177.5,118.85233918128652,194.13972424254578
2019-09-01,151.7732,259.208744289313,16658.6,11203.5812041116,177.47685149162166,2976.73999,1.3240500000000002,3941.3525837595007,2650.7187714564634,142.91908781396978,274.6,184.6795888399413,279.1830519122317,256.82,172.7218208516887,256.5302552379158,187.99,126.43086637298092,215.38478087390277,177.8,119.5776798825257,172.47609964304874,173.99,117.01530102790016,188.49114211968455,178.66,120.15606461086638,196.26929861298004
2019-10-01,151.7732,259.208744289313,16483.2,11053.1560761347,175.09395466495633,3037.560059,1.3189227272727273,4006.3069972709864,2686.5133305272498,144.84902688792488,277.52,186.09686676427523,281.3255733397963,257.39,172.59827232796485,256.34675824738576,186.21,124.86702781844802,212.72066067878708,178.27,119.54269399707175,172.42563680523836,174.03,116.69947291361639,187.9823983788924,173.87,116.59218155197657,190.4478627114939
2019-11-01,151.7732,259.208744289313,17040.2,11443.418768328445,181.27613807607594,3140.97998,1.323657894736842,4157.582947737368,2792.0425074248014,150.5388548177547,278.37,186.94055718475073,282.6009934765695,258.76,173.77137829912022,258.08908109181675,188.24,126.41337243401759,215.35497859287491,179.7,120.67829912023458,174.06360755839404,175.31,117.73017595307917,189.64268033678994,178.19,119.66425219941348,195.465946095089
2019-12-01,153.6002,262.329020964092,17063.4,11458.998826979472,181.52294306682518,3230.780029,1.3168952380952381,4254.598835523296,2857.193939398342,154.05163155125783,273.48,183.65665689149557,277.6366695260704,260.39,174.86601173020526,259.714854790146,189.81,127.46771260997068,217.1511288074458,174.66,117.29366568914955,169.18169001752423,175.64,117.95178885630497,189.9996598845119,177.18,118.98598240469208,194.35802418277046
2020-01-01,153.6002,262.329020964092,17318.5,11596.305555555555,183.69803024942664,3225.52002,1.3089095238095239,4221.913873416286,2826.95402635184,152.4211829217319,278.66,186.58812865497075,282.068221700636,258.49,173.08248538011694,257.0659221448343,189.0,126.55263157894736,215.5922173406258,172.17,115.28342105263157,166.28215931433948,173.98,116.49538011695904,187.65364065231807,174.25,116.67616959064325,190.58505323528792
2020-02-01,153.6002,262.329020964092,16263.1,10842.066666666666,171.75006996477998,2954.219971,1.3286368421052632,3925.0854931537424,2616.723662102495,141.08616986306407,285.05,190.0333333333333,287.2763920382967,262.1,174.73333333333332,259.51779791078764,194.75,129.83333333333331,221.18114707552522,174.8,116.53333333333333,168.08500408673495,175.93,117.28666666666666,188.92826460481103,171.21,114.13999999999999,186.44233910486767
2020-03-01,156.2749,266.89705819563636,13378.8,8971.43543191801,142.11724669187527,2584.590088,1.3960227272727272,3608.146503531818,2419.518445999374,130.45343511160317,282.39,189.3625475841874,286.26235462462193,267.52,179.39115666178623,266.43569977986965,192.21,128.89045387994145,219.57487884146752,174.06,116.71959004392387,168.3536564891445,181.96,122.01710102489021,196.54816531071236,174.41,116.95428989751098,191.03934971824728
2020-04-01,156.2749,266.89705819563636,14780.7,9977.244804716287,158.0503557070079,2912.429932,1.4047954545454546,4091.3683301557276,2761.7489981006975,148.90551643199072,283.58,191.42172439204126,289.3752447347562,274.46,185.26555637435516,275.16048770882986,198.29,133.84940309506263,228.0228332113503,173.23,116.93344141488578,168.66211079602738,187.44,126.5254532056006,203.81033055025873,174.45,117.75696389093588,192.3504800570661
2020-05-01,156.2749,266.89705819563636,15192.8,10225.279059515062,161.97948674125274,3044.310059,1.3972,4253.5100144348,2862.75912801049,154.3516904215256,285.65,192.25231447465097,290.6308608838261,278.9,187.7093313739897,278.79003620078674,197.71,133.0656576047024,226.68766201823237,174.16,117.21569434239528,169.06922593739404,188.31,126.7391329904482,204.15453123461376,175.66,118.22524614254225,193.1153971619442
2020-06-01,160.4669,274.0564450706631,15515.2,10358.544606413994,164.0905572324678,3100.290039,1.3551772727272728,4201.44259971555,2805.04476774012,151.23989907933208,283.74,189.43574344023324,286.3730059565128,272.61,182.00492711370265,270.3177292643735,200.12,133.60781341107872,227.61126645839647,173.54,115.86198250728863,167.116663071237,189.99,126.84463556851313,204.32447739773377,170.57,113.87909620991253,186.01616499495677
2020-07-01,160.4669,274.0564450706631,16169.2,10795.180174927114,171.00733719212246,3271.120117,1.3496954545454545,4415.015953187095,2947.634557667186,158.92792804996657,283.74,189.43574344023324,286.3730059565128,277.31,185.1428279883382,274.9782088048986,203.24,135.69084548104956,231.15987305119177,174.02,116.18244897959185,167.57889655213017,193.49,129.1813702623907,208.08854745874788,175.87,117.41758017492712,191.79611266730993
2020-08-01,160.4669,274.0564450706631,16514.4,11041.744817518247,174.91318797849175,3500.310059,1.322890476190476,4630.526840764824,3096.031084774145,166.92903949085857,287.48,192.21290510948904,290.5712851239441,280.48,187.53261313868612,278.52757038272114,209.33,139.96078832116788,238.43405165445978,173.93,116.29188321167884,167.7367419755933,201.21,134.5316496350365,216.70690985025215,176.16,117.78289051094889,192.3928299754147
2020-09-01,161.8262,276.3779514111268,16121.4,10786.8534696859,170.8754331694188,3363.0,1.3229761904761905,4449.168928571428,2976.9457549827816,160.50830301399128,289.65,193.80525931336737,292.97847212905117,280.76,187.8569466764061,279.00927770147945,211.49,141.50828341855367,241.07032950349856,174.04,116.45043097151202,167.96542762370117,203.2,135.9614317019722,219.01003817972332,178.77,119.61528122717311,195.38595430769865
2020-10-01,161.8262,276.3779514111268,15580.6,10379.512436363635,164.4227103515712,3269.959961,1.3217714285714286,4322.139649022343,2879.33084982143,155.2451897207459,295.71,196.9966254545454,297.8029107400535,285.67,190.30816000000002,282.64987375612657,214.25,142.72945454545453,243.15068917453922,174.53,116.26871272727273,167.7033214009415,209.28,139.4185309090909,224.5788191190253,179.45,119.54632727272727,195.27332125567995
2020-11-01,161.8262,276.3779514111268,17190.3,11435.232244008714,181.14645467088116,3621.629883,1.307261111111111,4734.415904883783,3149.400848855153,169.8065827751329,296.45,197.20275962236747,298.1145270179402,286.95,190.88322440087148,283.50397207912,218.75,145.51561365286855,247.89712717694812,175.22,116.55883805374,168.12179150979375,209.3,139.22933914306464,224.27406434127684,178.88,118.99352214960058,194.37034000261448
2020-12-01,165.1458,282.0473933649289,17433.4,11622.266666666666,184.1092823461699,3756.070068,1.2809190476190477,4811.221694292972,3207.4811295286477,172.93810348688095,295.81,197.20666666666665,298.12043335852854,284.02,189.3466666666666,281.2218426654784,218.05,145.36666666666665,247.64338444065865,175.11,116.74000000000001,168.38309534112219,210.19,140.12666666666664,225.71950171821302,177.98,118.65333333333331,193.81465751932916
2021-01-01,165.1458,282.0473933649289,17337.0,11491.09406657019,182.03136639742408,3714.23999,1.272461111111111,4726.225944608722,3132.5781224758243,168.89955003572368,299.32,198.3915484804631,299.9116379145322,285.15,188.99956584659913,280.70632087717087,221.16,146.58651230101302,249.72148603239015,173.39,114.92419681620838,165.7640225244604,209.73,139.01062228654123,223.92174981723784,177.45,117.61519536903037,192.1189078226566
2021-02-01,165.1458,282.0473933649289,18060.3,11910.176241900646,188.67008161168195,3811.149902,1.2696473684210527,4838.816443732453,3191.0409376954112,172.05169590355146,304.71,200.94626349892008,303.7736409658656,291.07,191.9511303095752,285.09004947211525,221.46,146.0456155507559,248.8000264919181,177.42,117.00267818574513,168.76197632445567,206.58,136.23274298056154,219.44707310013138,178.53,117.73468682505398,192.31409151429924
2021-03-01,167.5337,286.1256137654242,18700.7,12270.65988538682,194.38053266251873,3972.889893,1.256895652173913,4993.508033077383,3276.542520271406,176.66169388598462,310.59,203.79687679083094,308.08295811161133,300.53,197.19590257879653,292.87970084478917,225.18,147.75421203438395,251.71075303983636,179.68,117.89891117478511,170.0546822079693,217.16,142.49180515759312,229.5293253182879,179.43,117.73487106017193,192.31439245372744
2021-04-01,167.5337,286.1256137654242,19108.3,12475.554383464003,197.62628326174226,4181.169922,1.2494454545454545,5224.143753725073,3410.7738263807314,183.89905758967225,317.66,207.39598004276547,313.5237793541428,312.07,203.74634354953668,302.6085601508045,231.18,150.93434069850318,257.1283487197669,180.15,117.6175338560228,169.64883002455332,227.87,148.7732858161083,239.64768978110237,179.5,117.19315751960083,191.42952878079197
2021-05-01,167.5337,286.1256137654242,19731.0,12818.15319148936,203.05341916278869,4204.109863,1.21248,5097.399126690239,3311.5018440058575,178.5465994868816,325.37,211.3751205673759,319.5391089453906,322.0,209.18581560283687,310.6873839341109,236.34,153.5371914893617,261.5625067961869,184.91,120.12592907801417,173.2668816933711,238.58,154.99239716312056,249.66558821378962,184.97,120.16490780141842,196.2837435501771
2021-06-01,176.1755,300.88467614533965,20165.6,13063.429702970296,206.9388645582761,4297.5,1.2220409090909092,5251.720806818183,3402.104850810081,183.4316515056394,336.93,218.2658274398868,329.95589938002536,324.88,210.45974540311173,312.5794525517774,245.37,158.95256011315416,270.78800700707694,187.38,121.38619519094766,175.08466059562622,245.51,159.0432531824611,256.19080731710875,185.42,120.11649222065061,196.20465896872037
2021-07-01,176.1755,300.88467614533965,20287.8,13059.469290231902,206.87612733429282,4395.259766,1.2530428571428571,5507.448855073686,3545.2024956061105,191.14706254161993,337.72,217.39390021082218,328.63779321363893,327.35,210.71862262825013,312.96394271238694,248.69,160.08435699226985,272.7161107193694,188.54,121.36517217146871,175.05433747507388,252.46,162.51114546732254,261.77697401308404,185.98,119.71727336612788,195.55255368527912
2021-08-01,176.1755,300.88467614533965,20582.9,13221.55427769986,209.44372895432798,4522.680176,1.2598954545454546,5698.104196105236,3660.212793571105,197.3480850911899,332.72,213.72476858345024,323.0911089696904,328.36,210.92409537166898,313.26911535967474,250.98,161.21856942496493,274.64832951442065,189.49,121.72008415147266,175.56625436531468,253.86,163.06855539971951,262.67486372377505,188.34,120.98137447405328,197.61740358388317
2021-09-01,177.8443,303.7347679432988,20070.3,12865.21679496151,203.798957576972,4307.540039,1.2671095238095238,5458.125007607749,3498.7001448346377,188.63979031605206,333.52,213.78888733379983,323.1880382975054,328.47,210.55179846046184,312.71617178146715,245.67,157.4763610916725,268.2731875496976,188.17,120.61841847445764,173.97723708994323,243.88,156.32895731280615,251.81855237243263,187.3,120.06074177746676,196.11359323336617
2021-10-01,177.8443,303.7347679432988,21037.1,13391.232522585127,212.13161598975285,4605.379883,1.24336,5726.14513132688,3644.995788947478,196.52762822360796,333.83,212.50054204308546,321.2404263689878,328.3,208.98040305767896,310.3823006946071,247.38,157.47052119527447,268.263238833517,189.51,120.6331897150799,173.99854278823005,244.55,155.66907574704655,250.7555988193405,187.78,119.53195274496176,195.24984113845437
2021-11-01,177.8443,303.7347679432988,20660.0,13123.828016643552,207.89563921370498,4567.0,1.2566950000000001,5739.326065,3645.7854892787796,196.57020658092424,337.04,214.0975312066574,323.6546201158842,336.08,213.48771151178917,317.0766545548629,251.12,159.51866851595008,271.75241655187403,189.81,120.57278779472955,173.9114204453044,245.57,155.99314840499306,251.2776230750533,186.96,118.76238557558948,193.9927892446741
2021-12-01,179.6678,306.84906707655523,21222.8,13500.058888888889,213.85554341072583,4766.180176,1.2800380952380952,6100.892194048609,3880.8453123253653,209.2439522280614,343.94,218.78405555555554,330.7393130091542,337.27,214.54119444444441,318.6413106259385,254.34,161.7885,275.61925042589434,189.97,120.84202777777776,174.2997660143917,241.82,153.82438888888888,247.7841315864834,184.94,117.64238888888889,192.16332716251043
2022-01-01,179.6678,306.84906707655523,21098.3,13300.786510667582,210.6988532746302,4515.549805,1.262235,5699.685008114175,3593.194402912996,193.73464734639495,348.3,219.57522367515483,331.9353343539755,347.92,219.3356641431521,325.7621626959039,251.1,158.29841706813488,269.6736236254427,189.58,119.51498967653131,172.38567672945524,242.7,153.00289057123192,246.46084177067002,188.75,118.99174122505161,194.36743094585367
2022-02-01,179.6678,306.84906707655523,21126.4,13182.413079019074,208.82369000616333,4373.939941,1.2711,5559.715059005099,3469.1410041203476,187.04604696125253,355.33,221.71817438692094,335.1748667980664,355.35,221.73065395095364,329.3192543456908,254.47,158.78373297002724,270.50039688249956,190.25,118.7118528610354,171.22725062892746,244.5,152.5626702997275,245.75172406528273,188.37,117.53877384196184,191.99407684083934
2022-03-01,198.607,339.1947397634601,21890.2,13466.368838146407,213.32185654547828,4530.410156,1.2660347826086957,5735.656836979687,3528.449739874676,190.24380241712498,363.2,223.432639355272,337.76665057486315,369.15,227.0929482874412,337.2834520829366,260.92,160.51223640026865,273.4450364570164,193.18,118.84008059100067,171.41220336218183,257.82,158.60518468770985,255.48515574695534,186.47,114.71223640026862,187.3770604382042
2022-04-01,198.607,339.1947397634601,20762.0,12695.588785046726,201.11186631784696,4131.930176,1.2628190476190477,5217.880129684724,3190.6396520635562,172.03005974317293,375.88,229.84384512683576,347.45857162031103,383.44,234.46664886515347,348.23503470244094,271.57,166.06016021361813,282.8963547080377,194.77,119.09834445927902,171.7847172353657,269.56,164.83108144192255,265.51398428144745,185.22,113.25869158878504,185.0027631309785
2022-05-01,198.607,339.1947397634601,20729.3,12500.354707044107,198.01914722771724,4132.149902,1.2859142857142858,5313.590589694686,3204.245543226025,172.76365003376714,374.57,225.87631336405528,341.4607911777102,386.09,232.8231994733377,345.7941474429492,276.12,166.50817643186303,283.659585062799,195.52,117.90409479921,170.06215894881004,273.13,164.70512179065173,265.311085358653,181.23,109.28682027649768,178.51489754409943
2022-06-01,187.6682,320.5127022757355,18861.4,11299.56991497711,178.99741655673657,3785.379883,1.2804238095238094,4846.890530285652,2903.69635431109,156.5589072351377,374.67,224.45894048397642,339.318126204046,378.57,226.79536952256373,336.8414815424977,286.35,171.54780902550687,292.2449898219878,204.11,122.279110529758,176.3725811766306,278.17,166.6472988881622,268.43959228118916,186.87,111.95089601046435,182.86654036338507
2022-07-01,187.6682,320.5127022757355,19692.9,11782.296799477466,186.64433284454302,4130.290039,1.293625,5343.046451701376,3196.754114799778,172.3597338851994,367.89,220.10923579359897,332.74260890944663,368.61,220.54001306335726,327.55088825687994,280.97,168.10484650555193,286.37963629565917,212.43,127.09724363161332,183.32214572567912,273.88,163.8628870019595,263.95439272222865,191.91,114.82009144350098,187.55323659506857
2022-08-01,187.6682,320.5127022757355,19330.8,11603.547051114023,183.8127433762736,3955.0,1.2917478260869566,5108.862652173913,3066.656742720383,165.34525994522522,360.63,216.47252948885978,327.2449425379588,353.91,212.43876802096986,315.51874056285436,281.38,168.90175622542594,287.7372337741498,215.18,129.16440366972478,186.30376989719426,265.28,159.23753604193968,256.50376295415543,197.07,118.29365661861074,193.22714246751184
2022-09-01,169.2519,289.0600742923018,18444.2,11064.10425671251,175.26738569411677,3585.620117,1.333852380952381,4782.687930251205,2868.986341918863,154.6874437805733,346.45,207.8246234446627,314.17176635625503,343.19,205.86905042567125,305.76125118917463,272.21,163.2903470857891,278.1777633488741,215.88,129.4997249508841,186.78742961327578,256.03,153.58446627373934,247.39765830177086,197.71,118.6001047806156,193.72771117382487
2022-10-01,169.2519,289.0600742923018,19426.1,11569.770871261375,183.27769213270668,3871.97998,1.368935,5300.4889139213,3156.858156795781,170.20865924582424,346.02,206.08213263979192,311.5376154796552,340.06,202.53248374512353,300.8057088149763,268.07,159.65677503250973,271.987691707853,220.14,131.110689206762,189.11104746395787,251.48,149.77612483745122,241.26308768919338,201.87,120.229466840052,196.38919771325055
2022-11-01,169.2519,289.0600742923018,20453.3,12165.72909090909,192.71831531530233,4080.110107,1.34571,5490.6449720909695,3265.8641522307325,176.08594717299917,339.42,201.8887792207792,305.1984568719262,336.2,199.9735064935065,297.0050593992374,262.92,156.3861818181818,266.41598265448346,217.44,129.33444155844154,186.54902864336006,246.49,146.61353246753245,236.1687056500201,201.24,119.6985974025974,195.52204737438322
2022-12-01,160.5654,274.22467016779814,19384.9,11598.019856303072,183.72518662859113,3839.5,1.358542857142857,5216.1253,3120.8169659046375,168.26542249760402,338.94,202.78839973873283,306.55842742060895,330.79,197.91224036577404,293.94362151459086,260.66,155.95333768778576,265.67859912740334,213.55,127.76734160679294,184.28867965785798,239.39,143.22745917700848,230.7143350145111,196.66,117.66202482037883,192.19540153606474
2023-01-01,160.5654,274.22467016779814,20767.4,12360.583755685511,195.80502408930428,4076.600098,1.34222,5471.69418353756,3256.706869473947,175.5922129781282,326.04,194.0562962962963,293.357968701884,332.75,198.05003248862897,294.14827341248923,258.28,153.72610786224817,261.8843404808316,211.07,125.62710851202078,181.2016565873659,242.17,144.13756985055227,232.1803638056577,194.92,116.01476283300843,189.50467630350937
2023-02-01,160.5654,274.22467016779814,20221.2,11988.750291262135,189.91477959133388,3970.149902,1.345442105263158,5341.606842357201,3166.93324763702,170.75187899745467,341.37,202.39153398058252,305.95847918455405,324.08,192.14063430420708,285.3715049817423,256.4,152.014498381877,258.96848105941564,207.04,122.74992880258898,177.05167864213036,238.77,141.56201941747574,228.03160344309882,191.93,113.79150809061488,185.87309390822423
2023-03-01,159.7024,272.7507792152342,20099.9,11855.446490663233,187.80310312011076,4109.310059,1.3682739130434782,5622.661754336857,3316.3928956681,178.8103108430413,345.08,203.537205408886,307.6904087813847,324.32,191.29241468126204,284.11171050239426,258.71,152.59392144236958,259.95557315565515,207.87,122.6071603348358,176.84575268258445,245.71,144.9261815840309,233.45067909798794,190.62,112.43265936896329,183.6534782243765
2023-04-01,159.7024,272.7507792152342,20636.5,12086.338874680307,191.46068836916544,4169.47998,1.3484450000000001,5622.314431631101,3292.8644625154016,177.54172579354997,343.74,201.32086956521738,304.3399388741003,336.65,197.16841432225058,292.83887468030684,263.13,154.1093861892583,262.53728481986076,208.28,121.98496163682864,175.94830756790515,243.47,142.59496163682863,229.69549232736574,184.46,108.03411764705882,176.4686665257413
2023-05-01,159.7024,272.7507792152342,19572.2,11419.194394904458,180.89239778390322,4179.830078,1.3517181818181818,5649.952313343109,3296.4052987403106,177.73263743940691,342.4,199.7696815286624,301.9949834144556,346.33,202.06259872611463,300.10782522815185,267.74,156.21008917197452,266.1159951822394,211.83,123.5899872611465,178.26335967279172,247.28,144.27291719745222,232.39838466084444,190.15,110.94101910828026,181.21695378680212
2023-06-01,165.2839,282.28325007471926,20155.3,11744.4368956743,186.04459099393762,4450.379883,1.3286047619047618,5912.795904838957,3445.36962393924,185.76436291081805,355.94,207.40524173027993,313.5377803934693,353.13,205.76786259541984,305.6109647934351,275.95,160.79529262086513,273.92724466927615,217.41,126.68419847328245,182.72637887391093,254.94,148.5528244274809,239.29256512158656,189.35,110.33371501272264,180.22495101718823
2023-07-01,165.2839,282.28325007471926,20626.6,11950.642378241619,189.31110900631455,4588.959961,1.3211249999999999,6062.589728476124,3512.544080508621,189.3862152780611,365.76,211.91407969639468,320.3538619748974,360.78,209.02876660341553,310.45413129870127,273.59,158.51261227071473,270.03852175590237,219.37,127.09862112586971,183.3241325917636,258.98,150.04786843769767,241.70081900402334,191.78,111.11352308665401,181.49873094847112
2023-08-01,165.2839,282.28325007471926,20292.6,11712.679017013232,185.54151182557752,4507.660156,1.3478391304347825,6075.600744958556,3506.773964954025,189.0751073398957,370.36,213.76796471329553,323.15640924156537,358.98,207.19954631379963,307.7373330072771,276.71,159.7141524889729,272.08543865242405,228.44,131.85320730938878,190.18203852500906,259.25,149.6364209199748,241.03804916233057,196.48,113.40622558286074,185.24375299389212
2023-09-01,162.7144,277.8948806626532,19541.3,11293.268643533122,178.8975975974325,4288.049805,1.35309,5802.117310647449,3353.1479221154973,180.79203553937867,366.6,211.86473186119872,320.2792620728627,354.11,204.64653627760254,303.94554623140135,270.09,156.08986750788642,265.91118825875026,228.89,132.27964668769715,190.7971248921061,256.04,147.97011987381703,238.35393020911252,196.32,113.45685804416402,185.32645874577594
2023-10-01,162.7144,277.8948806626532,18873.5,10900.457755359394,172.67504800417242,4193.799805,1.3712190476190476,5750.618174517047,3321.2901941094674,179.07435900745986,362.5,209.36317780580075,316.49762328919235,345.15,199.34262295081967,296.0680572565271,278.68,160.95263556116015,274.19529056415695,229.89,132.77379571248423,191.5098740984916,250.11,144.4519293820933,232.6867419170318,194.55,112.36305170239596,183.53977736425347
2023-11-01,162.7144,277.8948806626532,20236.3,11672.827959697732,184.9102279483855,4567.799805,1.370665,6260.923319720325,3611.4645849268363,194.71972270622973,360.85,208.1477329974811,314.66021617155116,341.37,196.9111586901763,292.45679294545715,271.16,156.41219143576825,266.46029205411963,228.61,131.86823677581862,190.2037166822712,255.95,147.63866498740552,237.82001447713523,196.7,113.46171284634758,185.33438883754914
2023-12-01,156.2966,266.93411895307634,20958.4,12127.539102969045,192.11334457473103,4769.830078,1.34162,6399.29942924636,3702.9426893175396,199.65195745525472,355.14,205.50109917877444,310.6592580177996,334.69,193.66774478837647,287.63960313140717,270.71,156.6458370183196,266.85832541451384,232.29,134.4141756159191,193.8759204037489,248.33,143.69569172457358,231.46857558726418,193.53,111.9857738471257,182.92351167449476
2024-01-01,156.2966,266.93411895307634,21021.9,12164.283259633607,192.69541178312937,4845.649902,1.3422714285714286,6504.177416314543,3763.6301410891474,202.9240492902504,346.48,200.4900063171194,303.08390977644655,336.15,194.51257106759314,288.89435774185824,271.95,157.36336070751736,268.08068263631577,229.29,132.6782312065698,191.37203404957418,249.61,144.4363613392293,232.66166452839775,197.21,114.11519898926089,186.40182781649935
2024-02-01,156.2966,266.93411895307634,21363.6,12323.084130982365,195.21098944955986,5096.27002,1.349995,6879.9390456499,3968.5290716721083,213.9716068690894,348.26,200.88549118387905,303.6817704971716,339.44,195.79788413098234,290.8033330327972,267.63,154.3759949622166,262.99147353018157,232.06,133.85828715365238,193.07411965044338,251.48,145.06025188916874,233.6666428627074,194.5,112.19269521410577,183.2615080269614
2024-03-01,156.4211,267.14674864437893,22167.0,12706.49061326658,201.28456307549195,5254.350098,1.353557142857143,7112.063106220029,4076.7520683964613,219.80667777094905,363.06,208.11198998748432,314.6061828986913,343.94,197.1520901126408,292.81462960439745,267.04,153.07173967459323,260.76957355126615,237.63,136.2134418022528,196.47114063501053,251.57,144.20408010012514,232.28750016128407,198.15,113.58285356695868,185.53226652557774
2024-04-01,156.4211,267.14674864437893,21714.5,12385.10709838107,196.193500378302,5035.689941,1.3673545454545455,6885.573530326082,3927.2636075832443,211.74669242350296,367.71,209.72749688667497,317.0483701990551,348.3,198.65678704856785,295.0494386582027,279.24,159.26764632627646,271.3247807943381,241.55,137.77073474470734,198.71734421564597,256.84,146.49155666251553,235.9722240053408,201.73,115.05895392278953,187.94340725708844
2024-05-01,156.4211,267.14674864437893,22269.1,12630.647430340554,200.08312497569273,5277.509766,1.366659090909091,7212.55669906541,4090.8371122872536,220.5661025904993,372.33,211.17912074303405,319.2428129146395,356.1,201.97374613003097,299.9758593940754,282.35,160.14402476780185,272.8177594000031,246.62,139.8785882352941,201.75766368858228,263.35,149.36755417956655,240.60495196450802,201.39,114.22491640866872,186.58104607753793
2024-06-01,156.3798,267.0762136544127,21875.8,12415.261957868648,196.6711859880661,5460.47998,1.370536842105263,7483.78898816821,4247.30527457378,229.00241324960072,372.66,211.49724907063197,319.72373253307927,355.99,202.03645600991325,300.0689974898459,287.53,163.18307311028497,277.99501381649907,249.25,141.45786864931844,204.03558149331954,265.8,150.85055762081785,242.99381060054426,205.78,116.78716232961584,190.76635467104842
2024-07-01,156.3798,267.0762136544127,23110.8,13059.52671190623,206.8770369557595,5522.299805,1.3714272727272727,7573.432560753499,4279.620126866259,230.74473660061648,373.34,210.96819247378158,318.92394931788596,355.69,200.99447254781,298.5214206858904,285.57,161.37083281924737,274.9077220089393,252.43,142.64397285626157,205.74639096532752,266.25,150.45342381246144,242.35409763605261,207.88,117.4695126465145,191.88094192504818
2024-08-01,156.3798,267.0762136544127,23346.2,13217.008158220024,209.37171350167162,5648.399902,1.3655,7712.890066180999,4366.506366268105,235.42939127338474,376.36,213.0690729295426,322.099883491372,349.6,197.9194066749073,293.95426507486604,290.49,164.4554017305315,280.16252424281345,251.31,142.27438813349812,205.21331044785538,269.77,152.72516687268228,246.01347756553204,205.96,116.60034610630406,190.4611991282327
2024-09-01,153.045,261.3808120917125,24000.4,13646.40993171943,216.17390231944228,5762.47998,1.3546200000000002,7805.970630507601,4438.404157383589,239.305912175079,366.72,208.51366852886406,315.2134066951837,344.83,196.06721291123523,291.20334607342227,288.6,164.0953445065177,279.5491388526707,253.13,143.9274239602731,207.59761136632497,264.7,150.50602110490377,242.438822656095,208.13,118.34083178150216,193.3042008845184
2024-10-01,153.045,261.3808120917125,24156.9,13675.970580964151,216.6421749958679,5705.450195,1.375668181818182,7848.806296209842,4443.452761018674,239.57811827782757,364.17,206.16793572311497,311.66732535618286,341.45,193.30543881334978,287.101498311822,288.44,163.29483312731764,278.1854056683435,253.29,143.3953275648949,206.8301277439707,263.54,149.19817058096413,240.33210467294484,208.8,118.20815822002471,193.08748484159543
2024-11-01,153.045,261.3808120917125,25648.0,14520.128553770084,230.01455088583467,6032.379883,1.397278947368421,8428.917413044679,4771.871662762006,257.2855153670452,366.52,207.49834363411617,313.6785240122693,340.31,192.6600494437577,286.1429517952736,289.66,163.9855129789864,279.3620323321744,251.08,142.1441779975278,205.02549833770058,263.44,149.14155747836833,240.24091088654694,207.04,117.21176761433867,191.45992749810304
2024-12-01,150.5615,257.13931941420094,24727.9,14051.33771712159,222.58839667846706,5881.629883,1.424704761904762,8379.586102071447,4761.601035668391,256.7317528663593,367.51,208.8332258064516,315.6964864798966,338.94,192.59866004962777,286.0517749140469,291.02,165.36868486352358,281.7183728509771,250.95,142.59937965260545,205.6820707523517,258.95,147.14528535980148,237.0252663656596,207.05,117.65372208436726,192.181839406023
2025-01-01,150.5615,257.13931941420094,25533.1,14499.888158710475,229.69392112266505,6040.529785,1.438861904761905,8691.48819221612,4935.773827693717,266.1226459427283,359.14,203.95055176689394,308.3152710005955,339.63,192.8710973341599,286.45640477374116,290.61,165.03332920024798,281.14706848423845,248.99,141.3979169249845,203.94910850279024,262.21,148.9053688778673,239.8604524450182,209.05,118.71655300681958,193.91792389222408
2025-02-01,150.5615,257.13931941420094,25393.5,14270.21226993865,226.05560647486257,5954.5,1.429863157894737,8514.12017368421,4784.6221344139485,257.9729839123003,358.89,201.68296932515332,304.8873308014411,338.47,190.2076809815951,282.5006401033642,289.67,162.78387730061348,277.314952811948,248.56,139.68157055214724,201.47348990645787,262.24,147.36922699386503,237.38599709063314,207.28,116.48373006134968,190.2707122857721
2025-03-01,150.6479,257.28687929635794,24917.5,13959.896024464831,221.13986130284715,5611.850098,1.4355761904761903,8056.238385210275,4513.464440888447,243.35294551754026,366.97,205.5929785932722,310.79815358015446,339.74,190.33751681957187,282.6934751515994,292.83,164.05644036697245,279.4828626353875,251.01,140.62700917431192,202.8371688652992,265.58,148.78977370030577,239.67424887291523,209.0,117.09113149847094,191.26287405826682
2025-04-01,150.6479,257.28687929635794,24841.7,13925.946878824969,220.60207009401634,5569.060059,1.3981409090909092,7786.330693672133,4364.919776868833,235.34384696286753,365.08,204.65929008567926,309.3866819133473,336.17,188.45270501835986,279.89411112187713,297.78,166.93175030599753,284.3811759897743,253.43,142.06969400244796,204.91806433354674,264.52,148.2866095471236,238.86373960554704,211.48,118.55304773561811,193.6508456968607
2025-05-01,150.6479,257.28687929635794,26175.1,14593.056360316492,231.1698062685775,5911.689941,1.386695238095238,8197.712290280218,4570.361812475155,246.4206871934015,356.38,198.68781497261105,300.35950865096146,334.25,186.34996956786367,276.7710820850493,303.84,169.39588557516734,288.57902142277226,257.85,143.7556908094948,207.34990741308928,269.69,150.35668898356664,242.1982747802298,212.43,118.43328058429701,193.45521166987425
2025-06-01,149.181,254.7816062508006,26857.1,14964.174939172748,237.0487262054707,6204.950195,1.36683,8481.11207503185,4725.4858033632445,254.7845240192926,357.4,199.13527980535275,301.03594830741156,332.17,185.0776885644769,274.88146229686157,310.72,173.12622871046227,294.9339501030022,257.94,143.71839416058393,207.29611158312986,269.75,150.2986618004866,242.10480315800032,217.16,120.9966909975669,197.64242240700244
2025-07-01,149.181,254.7816062508006,27259.8,15142.496543359612,239.8735334066186,6339.390137,1.3691090909090908,8679.316667386127,4821.257772786957,259.9482715490479,357.14,198.3870466949666,299.9048324942806,329.02,182.76671922377196,271.449159696676,305.27,169.5738750758035,288.8822403335664,258.06,143.34927835051545,206.76370741456145,272.26,151.23721043056395,243.6166405131507,218.88,121.58525166767737,198.60380866984215
2025-08-01,149.181,254.7816062508006,28564.5,15876.870145631066,251.50680605178556,6460.259766,1.3797190476190475,8913.343451717172,4954.261287483573,267.1194362916765,355.97,197.85711165048545,299.1037213159266,327.56,182.06611650485434,270.40860909676866,304.94,169.49334951456308,288.7450587982335,258.99,143.95317961165048,207.6347607264539,273.0,151.7402912621359,244.42701556400763,219.11,121.78686893203883,198.93314101933817
2025-09-01,145.2817,248.12211263396097,30022.8,16677.310369921164,264.1866454911712,6688.459961,1.3834285714285715,9253.006608903428,5139.935751216215,277.13046623297674,348.3,193.4765312310491,292.48152869395176,321.15,178.39502728926618,264.9562264804191,306.45,170.22935112189202,289.9988945858467,257.09,142.81045482110366,205.98652072854992,267.04,148.33756215888417,238.94581533325416,218.67,121.46859915100059,198.41326225253283
2025-10-01,145.2817,248.12211263396097,30260.7,16768.784754990924,265.63569874999484,6840.200195,1.3987681818181819,9567.854390032524,5301.96891788856,285.8668258293953,347.9,192.78669086509373,291.43868611503206,317.02,175.67472474289167,260.9159731811847,303.43,168.14390804597699,286.44618065754173,257.65,142.77519661222016,205.93566509767803,267.84,148.4219237749546,239.08170711171812,219.96,121.88950998185116,199.10080036238347
2025-11-01,145.2817,248.12211263396097,31382.8,17380.07545344619,275.31920499067263,6849.089844,1.4056166666666667,9627.1948362238,5331.626644486699,287.4658846498499,346.93,192.13293833131803,290.4503980821134,317.69,175.93956469165659,261.30931931034695,305.29,169.07233373639662,288.0278257860249,255.24,141.35419588875453,203.8860462840827,264.78,146.63753325272063,236.20736670863508,217.97,120.71373639661425,197.1802293312876
2025-12-01,142.2693,242.9773280389394,31712.8,17605.408969696968,278.8887317581537,6845.5,1.379490909090909,9443.305018181818,5242.465088881542,282.6585515097289,345.84,191.99359999999996,290.2397581254723,312.5,173.48484848484847,257.6635206963441,302.97,168.19425454545456,286.5319498218987,256.04,142.14099393939395,205.0209057253627,266.83,148.13107878787878,238.61320681037176,217.7,120.85648484848484,197.41340223535585
