date,Attribute,Value
1999-02-01,Canada,100.0
1999-03-01,Canada,100.28504333717603
1999-04-01,Canada,100.28504333717603
1999-05-01,Canada,100.28504333717603
1999-06-01,Canada,103.08697322915333
1999-07-01,Canada,103.08697322915333
1999-08-01,Canada,103.08697322915333
1999-09-01,Canada,101.49575167584646
1999-10-01,Canada,101.49575167584646
1999-11-01,Canada,101.49575167584646
1999-12-01,Canada,102.6026215789249
2000-01-01,Canada,102.6026215789249
2000-02-01,Canada,102.6026215789249
2000-03-01,Canada,102.59356987319073
2000-04-01,Canada,102.59356987319073
2000-05-01,Canada,102.59356987319073
2000-06-01,Canada,103.6746509542718
2000-07-01,Canada,103.6746509542718
2000-08-01,Canada,103.6746509542718
2000-09-01,Canada,102.48426625677811
2000-10-01,Canada,102.48426625677811
2000-11-01,Canada,102.48426625677811
2000-12-01,Canada,102.84479740403911
2001-01-01,Canada,102.84479740403911
2001-02-01,Canada,102.84479740403911
2001-03-01,Canada,102.35156483497715
2001-04-01,Canada,102.35156483497715
2001-05-01,Canada,102.35156483497715
2001-06-01,Canada,104.97433926817811
2001-07-01,Canada,104.97433926817811
2001-08-01,Canada,104.97433926817811
2001-09-01,Canada,105.16169249818539
2001-10-01,Canada,105.16169249818539
2001-11-01,Canada,105.16169249818539
2001-12-01,Canada,107.52247982579735
2002-01-01,Canada,107.52247982579735
2002-02-01,Canada,107.52247982579735
2002-03-01,Canada,111.47995388753682
2002-04-01,Canada,111.47995388753682
2002-05-01,Canada,111.47995388753682
2002-06-01,Canada,114.15891721104991
2002-07-01,Canada,114.15891721104991
2002-08-01,Canada,114.15891721104991
2002-09-01,Canada,111.99880449169551
2002-10-01,Canada,111.99880449169551
2002-11-01,Canada,111.99880449169551
2002-12-01,Canada,114.98330558046197
2003-01-01,Canada,114.98330558046197
2003-02-01,Canada,114.98330558046197
2003-03-01,Canada,115.89359976089833
2003-04-01,Canada,115.89359976089833
2003-05-01,Canada,115.89359976089833
2003-06-01,Canada,119.90470090944024
2003-07-01,Canada,119.90470090944024
2003-08-01,Canada,119.90470090944024
2003-09-01,Canada,121.97105162034072
2003-10-01,Canada,121.97105162034072
2003-11-01,Canada,121.97105162034072
2003-12-01,Canada,125.34716707228554
2004-01-01,Canada,125.34716707228554
2004-02-01,Canada,125.34716707228554
2004-03-01,Canada,126.81542205712822
2004-04-01,Canada,126.81542205712822
2004-05-01,Canada,126.81542205712822
2004-06-01,Canada,131.1983262883737
2004-07-01,Canada,131.1983262883737
2004-08-01,Canada,131.1983262883737
2004-09-01,Canada,127.87054352931129
2004-10-01,Canada,127.87054352931129
2004-11-01,Canada,127.87054352931129
2004-12-01,Canada,132.18786559070918
2005-01-01,Canada,132.18786559070918
2005-02-01,Canada,132.18786559070918
2005-03-01,Canada,136.52909781819733
2005-04-01,Canada,136.52909781819733
2005-05-01,Canada,136.52909781819733
2005-06-01,Canada,138.7684556594509
2005-07-01,Canada,138.7684556594509
2005-08-01,Canada,138.7684556594509
2005-09-01,Canada,139.95098415951497
2005-10-01,Canada,139.95098415951497
2005-11-01,Canada,139.95098415951497
2005-12-01,Canada,141.71862858118783
2006-01-01,Canada,141.71862858118783
2006-02-01,Canada,141.71862858118783
2006-03-01,Canada,146.2923017804534
2006-04-01,Canada,146.2923017804534
2006-05-01,Canada,146.2923017804534
2006-06-01,Canada,151.59728448827974
2006-07-01,Canada,151.59728448827974
2006-08-01,Canada,151.59728448827974
2006-09-01,Canada,155.41300542248408
2006-10-01,Canada,155.41300542248408
2006-11-01,Canada,155.41300542248408
2006-12-01,Canada,156.80218607232825
2007-01-01,Canada,156.80218607232825
2007-02-01,Canada,156.80218607232825
2007-03-01,Canada,160.1217710601597
2007-04-01,Canada,160.1217710601597
2007-05-01,Canada,160.1217710601597
2007-06-01,Canada,164.6717048802357
2007-07-01,Canada,164.6717048802357
2007-08-01,Canada,164.6717048802357
2007-09-01,Canada,168.1156227317365
2007-10-01,Canada,168.1156227317365
2007-11-01,Canada,168.1156227317365
2007-12-01,Canada,168.67614533965246
2008-01-01,Canada,168.67614533965246
2008-02-01,Canada,168.67614533965246
2008-03-01,Canada,170.66837453567308
2008-04-01,Canada,170.66837453567308
2008-05-01,Canada,170.66837453567308
2008-06-01,Canada,168.48640109303616
2008-07-01,Canada,168.48640109303616
2008-08-01,Canada,168.48640109303616
2008-09-01,Canada,163.40890653686864
2008-10-01,Canada,163.40890653686864
2008-11-01,Canada,163.40890653686864
2008-12-01,Canada,159.38380086247383
2009-01-01,Canada,159.38380086247383
2009-02-01,Canada,159.38380086247383
2009-03-01,Canada,154.87383117714873
2009-04-01,Canada,154.87383117714873
2009-05-01,Canada,154.87383117714873
2009-06-01,Canada,157.0544383245805
2009-07-01,Canada,157.0544383245805
2009-08-01,Canada,157.0544383245805
2009-09-01,Canada,162.34558729345457
2009-10-01,Canada,162.34558729345457
2009-11-01,Canada,162.34558729345457
2009-12-01,Canada,166.70628922761622
2010-01-01,Canada,166.70628922761622
2010-02-01,Canada,166.70628922761622
2010-03-01,Canada,171.20327910849235
2010-04-01,Canada,171.20327910849235
2010-05-01,Canada,171.20327910849235
2010-06-01,Canada,173.07049229324113
2010-07-01,Canada,173.07049229324113
2010-08-01,Canada,173.07049229324113
2010-09-01,Canada,170.29947483028053
2010-10-01,Canada,170.29947483028053
2010-11-01,Canada,170.29947483028053
2010-12-01,Canada,168.6040732675804
2011-01-01,Canada,168.6040732675804
2011-02-01,Canada,168.6040732675804
2011-03-01,Canada,171.8063276546689
2011-04-01,Canada,171.8063276546689
2011-05-01,Canada,171.8063276546689
2011-06-01,Canada,175.1735621877802
2011-07-01,Canada,175.1735621877802
2011-08-01,Canada,175.1735621877802
2011-09-01,Canada,177.20592630545235
2011-10-01,Canada,177.20592630545235
2011-11-01,Canada,177.20592630545235
2011-12-01,Canada,177.0711754408437
2012-01-01,Canada,177.0711754408437
2012-02-01,Canada,177.0711754408437
2012-03-01,Canada,180.24610392382905
2012-04-01,Canada,180.24610392382905
2012-05-01,Canada,180.24610392382905
2012-06-01,Canada,182.6229452201016
2012-07-01,Canada,182.6229452201016
2012-08-01,Canada,182.6229452201016
2012-09-01,Canada,181.16510823619828
2012-10-01,Canada,181.16510823619828
2012-11-01,Canada,181.16510823619828
2012-12-01,Canada,178.8213995986508
2013-01-01,Canada,178.8213995986508
2013-02-01,Canada,178.8213995986508
2013-03-01,Canada,180.14175312753514
2013-04-01,Canada,180.14175312753514
2013-05-01,Canada,180.14175312753514
2013-06-01,Canada,182.86136373340165
2013-07-01,Canada,182.86136373340165
2013-08-01,Canada,182.86136373340165
2013-09-01,Canada,183.5081337261432
2013-10-01,Canada,183.5081337261432
2013-11-01,Canada,183.5081337261432
2013-12-01,Canada,184.48691345373808
2014-01-01,Canada,184.48691345373808
2014-02-01,Canada,184.48691345373808
2014-03-01,Canada,186.76281969172962
2014-04-01,Canada,186.76281969172962
2014-05-01,Canada,186.76281969172962
2014-06-01,Canada,188.76410059348447
2014-07-01,Canada,188.76410059348447
2014-08-01,Canada,188.76410059348447
2014-09-01,Canada,189.63545536057381
2014-10-01,Canada,189.63545536057381
2014-11-01,Canada,189.63545536057381
2014-12-01,Canada,191.02531915802058
2015-01-01,Canada,191.02531915802058
2015-02-01,Canada,191.02531915802058
2015-03-01,Canada,196.16071047350667
2015-04-01,Canada,196.16071047350667
2015-05-01,Canada,196.16071047350667
2015-06-01,Canada,200.58392041330427
2015-07-01,Canada,200.58392041330427
2015-08-01,Canada,200.58392041330427
2015-09-01,Canada,203.54912258229794
2015-10-01,Canada,203.54912258229794
2015-11-01,Canada,203.54912258229794
2015-12-01,Canada,206.39084582212544
2016-01-01,Canada,206.39084582212544
2016-02-01,Canada,206.39084582212544
2016-03-01,Canada,216.72584432774005
2016-04-01,Canada,216.72584432774005
2016-05-01,Canada,216.72584432774005
2016-06-01,Canada,227.77934332436703
2016-07-01,Canada,227.77934332436703
2016-08-01,Canada,227.77934332436703
2016-09-01,Canada,234.30852653601465
2016-10-01,Canada,234.30852653601465
2016-11-01,Canada,234.30852653601465
2016-12-01,Canada,236.15353742367958
2017-01-01,Canada,236.15353742367958
2017-02-01,Canada,236.15353742367958
2017-03-01,Canada,250.06498441569528
2017-04-01,Canada,250.06498441569528
2017-05-01,Canada,250.06498441569528
2017-06-01,Canada,262.7341274924213
2017-07-01,Canada,262.7341274924213
2017-08-01,Canada,262.7341274924213
2017-09-01,Canada,265.8508176422868
2017-10-01,Canada,265.8508176422868
2017-11-01,Canada,265.8508176422868
2017-12-01,Canada,264.19281841082784
2018-01-01,Canada,264.19281841082784
2018-02-01,Canada,264.19281841082784
2018-03-01,Canada,263.26288373681734
2018-04-01,Canada,263.26288373681734
2018-05-01,Canada,263.26288373681734
2018-06-01,Canada,264.47068869817684
2018-07-01,Canada,264.47068869817684
2018-08-01,Canada,264.47068869817684
2018-09-01,Canada,263.7284488279749
2018-10-01,Canada,263.7284488279749
2018-11-01,Canada,263.7284488279749
2018-12-01,Canada,263.5002775287135
2019-01-01,Canada,263.5002775287135
2019-02-01,Canada,263.5002775287135
2019-03-01,Canada,260.6039024806797
2019-04-01,Canada,260.6039024806797
2019-05-01,Canada,260.6039024806797
2019-06-01,Canada,259.40719866786213
2019-07-01,Canada,259.40719866786213
2019-08-01,Canada,259.40719866786213
2019-09-01,Canada,259.208744289313
2019-10-01,Canada,259.208744289313
2019-11-01,Canada,259.208744289313
2019-12-01,Canada,262.329020964092
2020-01-01,Canada,262.329020964092
2020-02-01,Canada,262.329020964092
2020-03-01,Canada,266.89705819563636
2020-04-01,Canada,266.89705819563636
2020-05-01,Canada,266.89705819563636
2020-06-01,Canada,274.0564450706631
2020-07-01,Canada,274.0564450706631
2020-08-01,Canada,274.0564450706631
2020-09-01,Canada,276.3779514111268
2020-10-01,Canada,276.3779514111268
2020-11-01,Canada,276.3779514111268
2020-12-01,Canada,282.0473933649289
2021-01-01,Canada,282.0473933649289
2021-02-01,Canada,282.0473933649289
2021-03-01,Canada,286.1256137654242
2021-04-01,Canada,286.1256137654242
2021-05-01,Canada,286.1256137654242
2021-06-01,Canada,300.88467614533965
2021-07-01,Canada,300.88467614533965
2021-08-01,Canada,300.88467614533965
2021-09-01,Canada,303.7347679432988
2021-10-01,Canada,303.7347679432988
2021-11-01,Canada,303.7347679432988
2021-12-01,Canada,306.84906707655523
2022-01-01,Canada,306.84906707655523
2022-02-01,Canada,306.84906707655523
2022-03-01,Canada,339.1947397634601
2022-04-01,Canada,339.1947397634601
2022-05-01,Canada,339.1947397634601
2022-06-01,Canada,320.5127022757355
2022-07-01,Canada,320.5127022757355
2022-08-01,Canada,320.5127022757355
2022-09-01,Canada,289.0600742923018
2022-10-01,Canada,289.0600742923018
2022-11-01,Canada,289.0600742923018
2022-12-01,Canada,274.22467016779814
2023-01-01,Canada,274.22467016779814
2023-02-01,Canada,274.22467016779814
2023-03-01,Canada,272.7507792152342
2023-04-01,Canada,272.7507792152342
2023-05-01,Canada,272.7507792152342
2023-06-01,Canada,282.28325007471926
2023-07-01,Canada,282.28325007471926
2023-08-01,Canada,282.28325007471926
2023-09-01,Canada,277.8948806626532
2023-10-01,Canada,277.8948806626532
2023-11-01,Canada,277.8948806626532
2023-12-01,Canada,266.93411895307634
2024-01-01,Canada,266.93411895307634
2024-02-01,Canada,266.93411895307634
2024-03-01,Canada,267.14674864437893
2024-04-01,Canada,267.14674864437893
2024-05-01,Canada,267.14674864437893
2024-06-01,Canada,267.0762136544127
2024-07-01,Canada,267.0762136544127
2024-08-01,Canada,267.0762136544127
2024-09-01,Canada,261.3808120917125
2024-10-01,Canada,261.3808120917125
2024-11-01,Canada,261.3808120917125
2024-12-01,Canada,257.13931941420094
2025-01-01,Canada,257.13931941420094
2025-02-01,Canada,257.13931941420094
2025-03-01,Canada,257.28687929635794
2025-04-01,Canada,257.28687929635794
2025-05-01,Canada,257.28687929635794
2025-06-01,Canada,254.7816062508006
2025-07-01,Canada,254.7816062508006
2025-08-01,Canada,254.7816062508006
2025-09-01,Canada,248.12211263396097
2025-10-01,Canada,248.12211263396097
2025-11-01,Canada,248.12211263396097
2025-12-01,Canada,242.9773280389394
1999-02-01,TSX,100.0
1999-03-01,TSX,104.06187388983284
1999-04-01,TSX,110.03926790224253
1999-05-01,TSX,107.09543606116256
1999-06-01,TSX,109.49362198638543
1999-07-01,TSX,110.36344189930867
1999-08-01,TSX,108.41298485872683
1999-09-01,TSX,107.86242331460703
1999-10-01,TSX,112.36989539086888
1999-11-01,TSX,116.62914225684516
1999-12-01,TSX,130.2965499627481
2000-01-01,TSX,131.6196998343633
2000-02-01,TSX,140.77123041288476
2000-03-01,TSX,144.8349215522202
2000-04-01,TSX,143.53196625631557
2000-05-01,TSX,141.46523801359635
2000-06-01,TSX,154.9121495875886
2000-07-01,TSX,157.61993923307932
2000-08-01,TSX,170.5453300017733
2000-09-01,TSX,156.69906923504072
2000-10-01,TSX,145.24896580186697
2000-11-01,TSX,132.48504501802717
2000-12-01,TSX,134.05567794761956
2001-01-01,TSX,140.46187957056554
2001-02-01,TSX,121.10064232315625
2001-03-01,TSX,113.69244256551336
2001-04-01,TSX,117.90244763509973
2001-05-01,TSX,120.11428971334422
2001-06-01,TSX,113.73708319837516
2001-07-01,TSX,113.39518696405142
2001-08-01,TSX,109.11136551288207
2001-09-01,TSX,100.63999578942105
2001-10-01,TSX,101.84961994401623
2001-11-01,TSX,110.85402273201824
2001-12-01,TSX,114.54004149062436
2002-01-01,TSX,113.71212520583668
2002-02-01,TSX,112.85480596335766
2002-03-01,TSX,115.19580562738992
2002-04-01,TSX,111.75802977693606
2002-05-01,TSX,111.42759626798085
2002-06-01,TSX,103.78952780144029
2002-07-01,TSX,95.37035149942935
2002-08-01,TSX,95.08718741710021
2002-09-01,TSX,88.88034681074505
2002-10-01,TSX,89.59761209146679
2002-11-01,TSX,93.93038242323453
2002-12-01,TSX,94.93496358282475
2003-01-01,TSX,93.45713605035849
2003-02-01,TSX,92.52658420222491
2003-03-01,TSX,89.27644927196091
2003-04-01,TSX,93.32729680841794
2003-05-01,TSX,97.11088487126415
2003-06-01,TSX,98.8563835891024
2003-07-01,TSX,102.6464519634929
2003-08-01,TSX,105.90640679101809
2003-09-01,TSX,104.44555005945631
2003-10-01,TSX,109.7132585358932
2003-11-01,TSX,110.61424265099389
2003-12-01,TSX,115.58992742942335
2004-01-01,TSX,119.69911880797896
2004-02-01,TSX,123.21248883375885
2004-03-01,TSX,119.90867425494656
2004-04-01,TSX,114.91258027993428
2004-05-01,TSX,116.32252745221838
2004-06-01,TSX,117.98319901748513
2004-07-01,TSX,116.88636135620787
2004-08-01,TSX,115.9865300012564
2004-09-01,TSX,119.79121151842804
2004-10-01,TSX,122.35935031324685
2004-11-01,TSX,124.08205128574383
2004-12-01,TSX,127.29943604244195
2005-01-01,TSX,126.83329649868003
2005-02-01,TSX,132.72583107570432
2005-03-01,TSX,131.2136127322721
2005-04-01,TSX,127.53525747895982
2005-05-01,TSX,130.65235907638856
2005-06-01,TSX,134.4189893350988
2005-07-01,TSX,141.2145424330012
2005-08-01,TSX,144.00961958930336
2005-09-01,TSX,147.40402949200336
2005-10-01,TSX,139.63499709377066
2005-11-01,TSX,145.83320334673678
2005-12-01,TSX,152.0129510564147
2006-01-01,TSX,160.19945357343337
2006-02-01,TSX,157.0391433142712
2006-03-01,TSX,161.8140238854931
2006-04-01,TSX,162.16868710096648
2006-05-01,TSX,155.34891615445125
2006-06-01,TSX,153.88875639764527
2006-07-01,TSX,156.63586982978003
2006-08-01,TSX,159.55924049714682
2006-09-01,TSX,156.28345812102364
2006-10-01,TSX,164.33529438180759
2006-11-01,TSX,169.4531362470596
2006-12-01,TSX,171.21247904278388
2007-01-01,TSX,172.87971964701669
2007-02-01,TSX,171.76821868927433
2007-03-01,TSX,171.95057063328272
2007-04-01,TSX,174.4463300442364
2007-05-01,TSX,181.95381930259754
2007-06-01,TSX,180.33133570066204
2007-07-01,TSX,179.6780073728923
2007-08-01,TSX,177.45724932242499
2007-09-01,TSX,182.8249513835203
2007-10-01,TSX,190.1568624845869
2007-11-01,TSX,177.51094354766315
2007-12-01,TSX,179.21807852198174
2008-01-01,TSX,170.7389762857865
2008-02-01,TSX,175.66028158102586
2008-03-01,TSX,172.03881847360566
2008-04-01,TSX,178.1778693939753
2008-05-01,TSX,186.3146982767308
2008-06-01,TSX,181.90850119504077
2008-07-01,TSX,170.32715227435943
2008-08-01,TSX,172.86116201299703
2008-09-01,TSX,147.39814057458548
2008-10-01,TSX,123.72265433174393
2008-11-01,TSX,117.89693680811799
2008-12-01,TSX,115.10626996327653
2009-01-01,TSX,111.65199076843409
2009-02-01,TSX,103.57489795934845
2009-03-01,TSX,110.99716277879261
2009-04-01,TSX,118.79444273694236
2009-05-01,TSX,131.1897333655827
2009-06-01,TSX,130.79433035692102
2009-07-01,TSX,136.4663688644481
2009-08-01,TSX,137.49108110469768
2009-09-01,TSX,144.15550589683937
2009-10-01,TSX,138.15044886798603
2009-11-01,TSX,144.18733487871893
2009-12-01,TSX,148.46775061985824
2010-01-01,TSX,139.86366512243868
2010-02-01,TSX,145.97795195416194
2010-03-01,TSX,151.10053589449467
2010-04-01,TSX,152.7435552741791
2010-05-01,TSX,146.76371797201836
2010-06-01,TSX,141.03839575696747
2010-07-01,TSX,145.51925223147683
2010-08-01,TSX,148.1369563775281
2010-09-01,TSX,153.52880433855395
2010-10-01,TSX,156.6755791420065
2010-11-01,TSX,159.95929044085057
2010-12-01,TSX,166.01415383847961
2011-01-01,TSX,166.93154982290665
2011-02-01,TSX,173.68900323202342
2011-03-01,TSX,171.55000001459396
2011-04-01,TSX,168.90238992213088
2011-05-01,TSX,166.07465416067078
2011-06-01,TSX,161.10333587539952
2011-07-01,TSX,156.53853343260414
2011-08-01,TSX,154.01441796578354
2011-09-01,TSX,139.8560132314807
2011-10-01,TSX,147.17156951659626
2011-11-01,TSX,146.47374298686526
2011-12-01,TSX,144.32084680890625
2012-01-01,TSX,149.69908309007255
2012-02-01,TSX,151.3778003491416
2012-03-01,TSX,147.75362975230678
2012-04-01,TSX,145.96757732321333
2012-05-01,TSX,136.82350388989386
2012-06-01,TSX,138.38130610557
2012-07-01,TSX,139.30850090492999
2012-08-01,TSX,142.3559091645811
2012-09-01,TSX,146.50183457910893
2012-10-01,TSX,147.513615099087
2012-11-01,TSX,145.69234905485592
2012-12-01,TSX,148.85763054737836
2013-01-01,TSX,151.74585638490495
2013-02-01,TSX,151.62986855555368
2013-03-01,TSX,150.53421375378957
2013-04-01,TSX,147.3098517885363
2013-05-01,TSX,149.238016897412
2013-06-01,TSX,143.08818936558527
2013-07-01,TSX,147.18598873131552
2013-08-01,TSX,149.15804004350207
2013-09-01,TSX,150.4848238384931
2013-10-01,TSX,157.6245743353088
2013-11-01,TSX,158.02685539963898
2013-12-01,TSX,161.0882573052403
2014-01-01,TSX,161.4288434863368
2014-02-01,TSX,166.1461928677678
2014-03-01,TSX,166.6757905207776
2014-04-01,TSX,169.81261113113877
2014-05-01,TSX,168.45249726602816
2014-06-01,TSX,174.5631400059889
2014-07-01,TSX,176.9730071108816
2014-08-01,TSX,180.37839871711682
2014-09-01,TSX,172.5622482127343
2014-10-01,TSX,168.4235794169759
2014-11-01,TSX,170.61559582592787
2014-12-01,TSX,170.5401090159106
2015-01-01,TSX,171.29429964071073
2015-02-01,TSX,176.28091256457796
2015-03-01,TSX,171.21160110057767
2015-04-01,TSX,175.0507623840924
2015-05-01,TSX,171.6793281104199
2015-06-01,TSX,166.01781494089033
2015-07-01,TSX,164.91965827413262
2015-08-01,TSX,157.9744848073755
2015-09-01,TSX,151.91999214003138
2015-10-01,TSX,154.33532064193648
2015-11-01,TSX,153.77860600644735
2015-12-01,TSX,149.23376434643234
2016-01-01,TSX,146.7304430970585
2016-02-01,TSX,146.8213622091876
2016-03-01,TSX,153.0958286516577
2016-04-01,TSX,157.78821747215562
2016-05-01,TSX,158.46337369595176
2016-06-01,TSX,158.08052808646588
2016-07-01,TSX,164.15924537360826
2016-08-01,TSX,164.58685072748787
2016-09-01,TSX,165.89996976419513
2016-10-01,TSX,166.20457129460672
2016-11-01,TSX,170.1861470055883
2016-12-01,TSX,172.7645407687524
2017-01-01,TSX,172.39961142253347
2017-02-01,TSX,172.28144524752204
2017-03-01,TSX,173.6761236220499
2017-04-01,TSX,173.43637584804455
2017-05-01,TSX,170.67714193130226
2017-06-01,TSX,168.9419255233947
2017-07-01,TSX,168.51573724056703
2017-08-01,TSX,169.14270551239923
2017-09-01,TSX,173.44735715279847
2017-10-01,TSX,177.64581259384917
2017-11-01,TSX,177.56767384541158
2017-12-01,TSX,179.8173033933972
2018-01-01,TSX,175.75250403066536
2018-02-01,TSX,169.1171609433036
2018-03-01,TSX,167.7849147674085
2018-04-01,TSX,169.90049625606773
2018-05-01,TSX,174.70711632002207
2018-06-01,TSX,176.7937488243688
2018-07-01,TSX,177.56100435575502
2018-08-01,TSX,175.84328915449868
2018-09-01,TSX,174.44099788676172
2018-10-01,TSX,162.60447805069208
2018-11-01,TSX,165.18848959671035
2018-12-01,TSX,155.79569506833383
2019-01-01,TSX,168.78803104738296
2019-02-01,TSX,172.60400833558927
2019-03-01,TSX,172.56160759514609
2019-04-01,TSX,176.9066978891292
2019-05-01,TSX,170.35947497689997
2019-06-01,TSX,174.40410015092496
2019-07-01,TSX,173.7714182705955
2019-08-01,TSX,174.4020199881108
2019-09-01,TSX,177.47685149162166
2019-10-01,TSX,175.09395466495633
2019-11-01,TSX,181.27613807607594
2019-12-01,TSX,181.52294306682518
2020-01-01,TSX,183.69803024942664
2020-02-01,TSX,171.75006996477998
2020-03-01,TSX,142.11724669187527
2020-04-01,TSX,158.0503557070079
2020-05-01,TSX,161.97948674125274
2020-06-01,TSX,164.0905572324678
2020-07-01,TSX,171.00733719212246
2020-08-01,TSX,174.91318797849175
2020-09-01,TSX,170.8754331694188
2020-10-01,TSX,164.4227103515712
2020-11-01,TSX,181.14645467088116
2020-12-01,TSX,184.1092823461699
2021-01-01,TSX,182.03136639742408
2021-02-01,TSX,188.67008161168195
2021-03-01,TSX,194.38053266251873
2021-04-01,TSX,197.62628326174226
2021-05-01,TSX,203.05341916278869
2021-06-01,TSX,206.9388645582761
2021-07-01,TSX,206.87612733429282
2021-08-01,TSX,209.44372895432798
2021-09-01,TSX,203.798957576972
2021-10-01,TSX,212.13161598975285
2021-11-01,TSX,207.89563921370498
2021-12-01,TSX,213.85554341072583
2022-01-01,TSX,210.6988532746302
2022-02-01,TSX,208.82369000616333
2022-03-01,TSX,213.32185654547828
2022-04-01,TSX,201.11186631784696
2022-05-01,TSX,198.01914722771724
2022-06-01,TSX,178.99741655673657
2022-07-01,TSX,186.64433284454302
2022-08-01,TSX,183.8127433762736
2022-09-01,TSX,175.26738569411677
2022-10-01,TSX,183.27769213270668
2022-11-01,TSX,192.71831531530233
2022-12-01,TSX,183.72518662859113
2023-01-01,TSX,195.80502408930428
2023-02-01,TSX,189.91477959133388
2023-03-01,TSX,187.80310312011076
2023-04-01,TSX,191.46068836916544
2023-05-01,TSX,180.89239778390322
2023-06-01,TSX,186.04459099393762
2023-07-01,TSX,189.31110900631455
2023-08-01,TSX,185.54151182557752
2023-09-01,TSX,178.8975975974325
2023-10-01,TSX,172.67504800417242
2023-11-01,TSX,184.9102279483855
2023-12-01,TSX,192.11334457473103
2024-01-01,TSX,192.69541178312937
2024-02-01,TSX,195.21098944955986
2024-03-01,TSX,201.28456307549195
2024-04-01,TSX,196.193500378302
2024-05-01,TSX,200.08312497569273
2024-06-01,TSX,196.6711859880661
2024-07-01,TSX,206.8770369557595
2024-08-01,TSX,209.37171350167162
2024-09-01,TSX,216.17390231944228
2024-10-01,TSX,216.6421749958679
2024-11-01,TSX,230.01455088583467
2024-12-01,TSX,222.58839667846706
2025-01-01,TSX,229.69392112266505
2025-02-01,TSX,226.05560647486257
2025-03-01,TSX,221.13986130284715
2025-04-01,TSX,220.60207009401634
2025-05-01,TSX,231.1698062685775
2025-06-01,TSX,237.0487262054707
2025-07-01,TSX,239.8735334066186
2025-08-01,TSX,251.50680605178556
2025-09-01,TSX,264.1866454911712
2025-10-01,TSX,265.63569874999484
2025-11-01,TSX,275.31920499067263
2025-12-01,TSX,278.8887317581537
1999-02-01,S&P 500(CAD),100.0
1999-03-01,S&P 500(CAD),104.79697288836827
1999-04-01,S&P 500(CAD),106.08458347151388
1999-05-01,S&P 500(CAD),101.3404514760966
1999-06-01,S&P 500(CAD),107.23848925549795
1999-07-01,S&P 500(CAD),104.95772867328313
1999-08-01,S&P 500(CAD),104.36764575603819
1999-09-01,S&P 500(CAD),99.97020238077538
1999-10-01,S&P 500(CAD),106.14898717696958
1999-11-01,S&P 500(CAD),107.54190266522417
1999-12-01,S&P 500(CAD),114.01120682549046
2000-01-01,S&P 500(CAD),106.70013640058704
2000-02-01,S&P 500(CAD),104.07511961017062
2000-03-01,S&P 500(CAD),114.04510314158172
2000-04-01,S&P 500(CAD),111.49883080053262
2000-05-01,S&P 500(CAD),110.58155645283551
2000-06-01,S&P 500(CAD),111.11076063196981
2000-07-01,S&P 500(CAD),109.00736071360795
2000-08-01,S&P 500(CAD),116.13864158840548
2000-09-01,S&P 500(CAD),109.73667235903461
2000-10-01,S&P 500(CAD),110.87614054524204
2000-11-01,S&P 500(CAD),103.70941977367572
2000-12-01,S&P 500(CAD),102.62203407017401
2001-01-01,S&P 500(CAD),105.30922519459082
2001-02-01,S&P 500(CAD),96.25811043217372
2001-03-01,S&P 500(CAD),91.99373754842155
2001-04-01,S&P 500(CAD),98.28968678055611
2001-05-01,S&P 500(CAD),96.93692680949823
2001-06-01,S&P 500(CAD),93.40269614511148
2001-07-01,S&P 500(CAD),93.0613440670222
2001-08-01,S&P 500(CAD),87.61114820239665
2001-09-01,S&P 500(CAD),81.75229351639729
2001-10-01,S&P 500(CAD),83.8556158077498
2001-11-01,S&P 500(CAD),92.18514403891163
2001-12-01,S&P 500(CAD),91.90729254275603
2002-01-01,S&P 500(CAD),91.48922427858857
2002-02-01,S&P 500(CAD),88.85747369100856
2002-03-01,S&P 500(CAD),90.97393871800575
2002-04-01,S&P 500(CAD),84.5372053610531
2002-05-01,S&P 500(CAD),81.94515869290757
2002-06-01,S&P 500(CAD),74.95941719085923
2002-07-01,S&P 500(CAD),69.23933620335042
2002-08-01,S&P 500(CAD),70.37173091590115
2002-09-01,S&P 500(CAD),62.89717023447846
2002-10-01,S&P 500(CAD),68.21299415313914
2002-11-01,S&P 500(CAD),71.59405626177656
2002-12-01,S&P 500(CAD),67.01497583811886
2003-01-01,S&P 500(CAD),63.86636422000612
2003-02-01,S&P 500(CAD),61.10778203729594
2003-03-01,S&P 500(CAD),59.973803218601915
2003-04-01,S&P 500(CAD),64.48697189994456
2003-05-01,S&P 500(CAD),64.25591735553854
2003-06-01,S&P 500(CAD),63.50681984863191
2003-07-01,S&P 500(CAD),65.8843808074868
2003-08-01,S&P 500(CAD),67.55249237160716
2003-09-01,S&P 500(CAD),65.04648352906312
2003-10-01,S&P 500(CAD),66.73821744710584
2003-11-01,S&P 500(CAD),66.5595771138473
2003-12-01,S&P 500(CAD),69.85531385068727
2004-01-01,S&P 500(CAD),70.07403897974818
2004-02-01,S&P 500(CAD),72.65770552900128
2004-03-01,S&P 500(CAD),71.12348265709134
2004-04-01,S&P 500(CAD),70.49857443507315
2004-05-01,S&P 500(CAD),72.68328912280073
2004-06-01,S&P 500(CAD),72.79355939668423
2004-07-01,S&P 500(CAD),68.53323352042948
2004-08-01,S&P 500(CAD),68.30967359737342
2004-09-01,S&P 500(CAD),67.52925523409624
2004-10-01,S&P 500(CAD),66.16151102345938
2004-11-01,S&P 500(CAD),65.70074836509096
2004-12-01,S&P 500(CAD),69.2177206224928
2005-01-01,S&P 500(CAD),67.86103113848965
2005-02-01,S&P 500(CAD),69.73797895266432
2005-03-01,S&P 500(CAD),66.70075821269936
2005-04-01,S&P 500(CAD),66.24074757685611
2005-05-01,S&P 500(CAD),69.24338383441729
2005-06-01,S&P 500(CAD),68.25854042182863
2005-07-01,S&P 500(CAD),69.59628723503639
2005-08-01,S&P 500(CAD),67.51795477068308
2005-09-01,S&P 500(CAD),65.93335605627676
2005-10-01,S&P 500(CAD),65.04906329990435
2005-11-01,S&P 500(CAD),67.69957168784423
2005-12-01,S&P 500(CAD),66.54836368530643
2006-01-01,S&P 500(CAD),67.61252912926994
2006-02-01,S&P 500(CAD),67.28409210862345
2006-03-01,S&P 500(CAD),68.15027523667841
2006-04-01,S&P 500(CAD),67.81703109425715
2006-05-01,S&P 500(CAD),63.470122281608774
2006-06-01,S&P 500(CAD),63.8056126247178
2006-07-01,S&P 500(CAD),64.97583236013199
2006-08-01,S&P 500(CAD),65.5785621151363
2006-09-01,S&P 500(CAD),67.4323033798529
2006-10-01,S&P 500(CAD),70.45990776963758
2006-11-01,S&P 500(CAD),71.95411898802291
2006-12-01,S&P 500(CAD),73.83982624906173
2007-01-01,S&P 500(CAD),76.37304840007457
2007-02-01,S&P 500(CAD),73.82984717204299
2007-03-01,S&P 500(CAD),73.78384333068719
2007-04-01,S&P 500(CAD),74.45688655570235
2007-05-01,S&P 500(CAD),73.84688768723639
2007-06-01,S&P 500(CAD),70.67151321441274
2007-07-01,S&P 500(CAD),67.39283433303633
2007-08-01,S&P 500(CAD),68.94271777857207
2007-09-01,S&P 500(CAD),69.18668055023956
2007-10-01,S&P 500(CAD),66.88124776815016
2007-11-01,S&P 500(CAD),63.22975185730627
2007-12-01,S&P 500(CAD),64.88355458114758
2008-01-01,S&P 500(CAD),61.503466169976186
2008-02-01,S&P 500(CAD),58.48688637208165
2008-03-01,S&P 500(CAD),58.1863603662344
2008-04-01,S&P 500(CAD),61.11927018996003
2008-05-01,S&P 500(CAD),60.30888457038872
2008-06-01,S&P 500(CAD),55.691189402983845
2008-07-01,S&P 500(CAD),54.75379210480492
2008-08-01,S&P 500(CAD),57.73646453979593
2008-09-01,S&P 500(CAD),52.68548955606085
2008-10-01,S&P 500(CAD),49.50339754306317
2008-11-01,S&P 500(CAD),47.2155452723178
2008-12-01,S&P 500(CAD),48.57447111909331
2009-01-01,S&P 500(CAD),44.21125398713684
2009-02-01,S&P 500(CAD),39.72459116698001
2009-03-01,S&P 500(CAD),43.7093568030176
2009-04-01,S&P 500(CAD),46.33017800628804
2009-05-01,S&P 500(CAD),45.62350304670692
2009-06-01,S&P 500(CAD),44.43125289804076
2009-07-01,S&P 500(CAD),47.743349582168634
2009-08-01,S&P 500(CAD),47.780134856332666
2009-09-01,S&P 500(CAD),49.232110134680795
2009-10-01,S&P 500(CAD),47.0972936368071
2009-11-01,S&P 500(CAD),49.756802792221386
2009-12-01,S&P 500(CAD),50.54837599018541
2010-01-01,S&P 500(CAD),48.09723518607214
2010-02-01,S&P 500(CAD),49.88701107365858
2010-03-01,S&P 500(CAD),51.10597181365563
2010-04-01,S&P 500(CAD),50.78760522679541
2010-05-01,S&P 500(CAD),48.126464785684384
2010-06-01,S&P 500(CAD),45.45606908647095
2010-07-01,S&P 500(CAD),48.54741447816242
2010-08-01,S&P 500(CAD),46.20210012289862
2010-09-01,S&P 500(CAD),49.802551356155014
2010-10-01,S&P 500(CAD),50.668641489737254
2010-11-01,S&P 500(CAD),50.26146739661438
2010-12-01,S&P 500(CAD),53.28779366078681
2011-01-01,S&P 500(CAD),53.5945475288397
2011-02-01,S&P 500(CAD),54.81663197561172
2011-03-01,S&P 500(CAD),53.55559818372506
2011-04-01,S&P 500(CAD),53.851689306979736
2011-05-01,S&P 500(CAD),53.32810795786842
2011-06-01,S&P 500(CAD),53.17244404502864
2011-07-01,S&P 500(CAD),50.80939682956814
2011-08-01,S&P 500(CAD),49.12511562458153
2011-09-01,S&P 500(CAD),46.44970899667927
2011-10-01,S&P 500(CAD),52.25467917682947
2011-11-01,S&P 500(CAD),52.19973637140064
2011-12-01,S&P 500(CAD),52.88811131668661
2012-01-01,S&P 500(CAD),54.39855232036918
2012-02-01,S&P 500(CAD),55.46927226505165
2012-03-01,S&P 500(CAD),56.80232907878445
2012-04-01,S&P 500(CAD),56.092171820254144
2012-05-01,S&P 500(CAD),53.51716549535546
2012-06-01,S&P 500(CAD),56.87347036226013
2012-07-01,S&P 500(CAD),56.86360645514886
2012-08-01,S&P 500(CAD),56.60024831158067
2012-09-01,S&P 500(CAD),57.055669324613554
2012-10-01,S&P 500(CAD),56.340398650845216
2012-11-01,S&P 500(CAD),57.203014172728864
2012-12-01,S&P 500(CAD),57.524523467447764
2013-01-01,S&P 500(CAD),60.51201876603607
2013-02-01,S&P 500(CAD),61.56402062491247
2013-03-01,S&P 500(CAD),64.59893409393702
2013-04-01,S&P 500(CAD),65.50463844004574
2013-05-01,S&P 500(CAD),66.75965243808442
2013-06-01,S&P 500(CAD),66.5220050833713
2013-07-01,S&P 500(CAD),70.3516934868545
2013-08-01,S&P 500(CAD),68.18288025130434
2013-09-01,S&P 500(CAD),69.6607278618105
2013-10-01,S&P 500(CAD),73.08914412601764
2013-11-01,S&P 500(CAD),76.03548206516231
2013-12-01,S&P 500(CAD),79.15395782307644
2014-01-01,S&P 500(CAD),78.24139103885652
2014-02-01,S&P 500(CAD),81.80328987433035
2014-03-01,S&P 500(CAD),82.29652587330295
2014-04-01,S&P 500(CAD),81.6897184977903
2014-05-01,S&P 500(CAD),82.2680253884904
2014-06-01,S&P 500(CAD),83.2812213421165
2014-07-01,S&P 500(CAD),81.46405639171141
2014-08-01,S&P 500(CAD),86.00474024121696
2014-09-01,S&P 500(CAD),85.25506234048909
2014-10-01,S&P 500(CAD),88.75518640003062
2014-11-01,S&P 500(CAD),92.222263379378
2014-12-01,S&P 500(CAD),94.1842370401696
2015-01-01,S&P 500(CAD),96.08649350976518
2015-02-01,S&P 500(CAD),103.59780316054035
2015-03-01,S&P 500(CAD),102.03462907159395
2015-04-01,S&P 500(CAD),100.6880995303072
2015-05-01,S&P 500(CAD),99.86751256135665
2015-06-01,S&P 500(CAD),99.04894981640767
2015-07-01,S&P 500(CAD),104.99128518630567
2015-08-01,S&P 500(CAD),100.5946171824204
2015-09-01,S&P 500(CAD),98.9733529910495
2015-10-01,S&P 500(CAD),105.5393952912318
2015-11-01,S&P 500(CAD),107.34338788829152
2015-12-01,S&P 500(CAD),109.425298687832
2016-01-01,S&P 500(CAD),107.37283489553057
2016-02-01,S&P 500(CAD),103.58976262888184
2016-03-01,S&P 500(CAD),105.19746617308986
2016-04-01,S&P 500(CAD),101.90691678308484
2016-05-01,S&P 500(CAD),104.08925445178376
2016-06-01,S&P 500(CAD),103.53054573499666
2016-07-01,S&P 500(CAD),108.70198987212846
2016-08-01,S&P 500(CAD),108.28393808990941
2016-09-01,S&P 500(CAD),108.9803257544341
2016-10-01,S&P 500(CAD),107.77963522812985
2016-11-01,S&P 500(CAD),113.44333759573466
2016-12-01,S&P 500(CAD),114.87026922162326
2017-01-01,S&P 500(CAD),114.57446729912908
2017-02-01,S&P 500(CAD),117.9880939431004
2017-03-01,S&P 500(CAD),120.25646135099564
2017-04-01,S&P 500(CAD),121.33639070953568
2017-05-01,S&P 500(CAD),124.18656221566722
2017-06-01,S&P 500(CAD),122.02680246146727
2017-07-01,S&P 500(CAD),118.73246451918304
2017-08-01,S&P 500(CAD),117.93269289768908
2017-09-01,S&P 500(CAD),116.80426931298469
2017-10-01,S&P 500(CAD),122.49319571916273
2017-11-01,S&P 500(CAD),127.2070691200293
2017-12-01,S&P 500(CAD),128.90182595107402
2018-01-01,S&P 500(CAD),131.61628055911805
2018-02-01,S&P 500(CAD),127.33647591774451
2018-03-01,S&P 500(CAD),126.91943513502737
2018-04-01,S&P 500(CAD),124.91130070967844
2018-05-01,S&P 500(CAD),128.86340382416842
2018-06-01,S&P 500(CAD),131.88874629998804
2018-07-01,S&P 500(CAD),136.01961416006395
2018-08-01,S&P 500(CAD),139.26924872634078
2018-09-01,S&P 500(CAD),140.29911411440295
2018-10-01,S&P 500(CAD),129.87690973164933
2018-11-01,S&P 500(CAD),134.8367998830176
2018-12-01,S&P 500(CAD),124.70049516094346
2019-01-01,S&P 500(CAD),132.95500672953116
2019-02-01,S&P 500(CAD),135.0536230676935
2019-03-01,S&P 500(CAD),138.23338321444908
2019-04-01,S&P 500(CAD),143.11542938095994
2019-05-01,S&P 500(CAD),133.9266453209984
2019-06-01,S&P 500(CAD),141.64979060468613
2019-07-01,S&P 500(CAD),140.8048676838596
2019-08-01,S&P 500(CAD),140.2336058006642
2019-09-01,S&P 500(CAD),142.91908781396978
2019-10-01,S&P 500(CAD),144.84902688792488
2019-11-01,S&P 500(CAD),150.5388548177547
2019-12-01,S&P 500(CAD),154.05163155125783
2020-01-01,S&P 500(CAD),152.4211829217319
2020-02-01,S&P 500(CAD),141.08616986306407
2020-03-01,S&P 500(CAD),130.45343511160317
2020-04-01,S&P 500(CAD),148.90551643199072
2020-05-01,S&P 500(CAD),154.3516904215256
2020-06-01,S&P 500(CAD),151.23989907933208
2020-07-01,S&P 500(CAD),158.92792804996657
2020-08-01,S&P 500(CAD),166.92903949085857
2020-09-01,S&P 500(CAD),160.50830301399128
2020-10-01,S&P 500(CAD),155.2451897207459
2020-11-01,S&P 500(CAD),169.8065827751329
2020-12-01,S&P 500(CAD),172.93810348688095
2021-01-01,S&P 500(CAD),168.89955003572368
2021-02-01,S&P 500(CAD),172.05169590355146
2021-03-01,S&P 500(CAD),176.66169388598462
2021-04-01,S&P 500(CAD),183.89905758967225
2021-05-01,S&P 500(CAD),178.5465994868816
2021-06-01,S&P 500(CAD),183.4316515056394
2021-07-01,S&P 500(CAD),191.14706254161993
2021-08-01,S&P 500(CAD),197.3480850911899
2021-09-01,S&P 500(CAD),188.63979031605206
2021-10-01,S&P 500(CAD),196.52762822360796
2021-11-01,S&P 500(CAD),196.57020658092424
2021-12-01,S&P 500(CAD),209.2439522280614
2022-01-01,S&P 500(CAD),193.73464734639495
2022-02-01,S&P 500(CAD),187.04604696125253
2022-03-01,S&P 500(CAD),190.24380241712498
2022-04-01,S&P 500(CAD),172.03005974317293
2022-05-01,S&P 500(CAD),172.76365003376714
2022-06-01,S&P 500(CAD),156.5589072351377
2022-07-01,S&P 500(CAD),172.3597338851994
2022-08-01,S&P 500(CAD),165.34525994522522
2022-09-01,S&P 500(CAD),154.6874437805733
2022-10-01,S&P 500(CAD),170.20865924582424
2022-11-01,S&P 500(CAD),176.08594717299917
2022-12-01,S&P 500(CAD),168.26542249760402
2023-01-01,S&P 500(CAD),175.5922129781282
2023-02-01,S&P 500(CAD),170.75187899745467
2023-03-01,S&P 500(CAD),178.8103108430413
2023-04-01,S&P 500(CAD),177.54172579354997
2023-05-01,S&P 500(CAD),177.73263743940691
2023-06-01,S&P 500(CAD),185.76436291081805
2023-07-01,S&P 500(CAD),189.3862152780611
2023-08-01,S&P 500(CAD),189.0751073398957
2023-09-01,S&P 500(CAD),180.79203553937867
2023-10-01,S&P 500(CAD),179.07435900745986
2023-11-01,S&P 500(CAD),194.71972270622973
2023-12-01,S&P 500(CAD),199.65195745525472
2024-01-01,S&P 500(CAD),202.9240492902504
2024-02-01,S&P 500(CAD),213.9716068690894
2024-03-01,S&P 500(CAD),219.80667777094905
2024-04-01,S&P 500(CAD),211.74669242350296
2024-05-01,S&P 500(CAD),220.5661025904993
2024-06-01,S&P 500(CAD),229.00241324960072
2024-07-01,S&P 500(CAD),230.74473660061648
2024-08-01,S&P 500(CAD),235.42939127338474
2024-09-01,S&P 500(CAD),239.305912175079
2024-10-01,S&P 500(CAD),239.57811827782757
2024-11-01,S&P 500(CAD),257.2855153670452
2024-12-01,S&P 500(CAD),256.7317528663593
2025-01-01,S&P 500(CAD),266.1226459427283
2025-02-01,S&P 500(CAD),257.9729839123003
2025-03-01,S&P 500(CAD),243.35294551754026
2025-04-01,S&P 500(CAD),235.34384696286753
2025-05-01,S&P 500(CAD),246.4206871934015
2025-06-01,S&P 500(CAD),254.7845240192926
2025-07-01,S&P 500(CAD),259.9482715490479
2025-08-01,S&P 500(CAD),267.1194362916765
2025-09-01,S&P 500(CAD),277.13046623297674
2025-10-01,S&P 500(CAD),285.8668258293953
2025-11-01,S&P 500(CAD),287.4658846498499
2025-12-01,S&P 500(CAD),282.6585515097289
1999-02-01,Vancouver,100.0
1999-03-01,Vancouver,100.88974333694829
1999-04-01,Vancouver,100.00008171436741
1999-05-01,Vancouver,100.36690500244202
1999-06-01,Vancouver,100.15082985711923
1999-07-01,Vancouver,99.93568306902662
1999-08-01,Vancouver,100.0182928953408
1999-09-01,Vancouver,99.91963357042721
1999-10-01,Vancouver,99.59132046035538
1999-11-01,Vancouver,100.20072226421432
1999-12-01,Vancouver,99.94600093090715
2000-01-01,Vancouver,100.36712866964965
2000-02-01,Vancouver,99.6094439665109
2000-03-01,Vancouver,98.81550369796301
2000-04-01,Vancouver,99.72998676248864
2000-05-01,Vancouver,99.5430922632488
2000-06-01,Vancouver,99.72967988824382
2000-07-01,Vancouver,99.89436925315242
2000-08-01,Vancouver,99.17399027415445
2000-09-01,Vancouver,98.76119530943375
2000-10-01,Vancouver,97.66456392179578
2000-11-01,Vancouver,97.18924146608263
2000-12-01,Vancouver,97.57561119357541
2001-01-01,Vancouver,98.28287609032303
2001-02-01,Vancouver,98.10423342890874
2001-03-01,Vancouver,97.10234751870766
2001-04-01,Vancouver,95.17552442472102
2001-05-01,Vancouver,97.1137880439532
2001-06-01,Vancouver,97.77299910170078
2001-07-01,Vancouver,97.78963798708278
2001-08-01,Vancouver,97.76149303443145
2001-09-01,Vancouver,98.01259967588568
2001-10-01,Vancouver,99.45789347565957
2001-11-01,Vancouver,100.17935294831236
2001-12-01,Vancouver,99.8741271548546
2002-01-01,Vancouver,99.78296965416402
2002-02-01,Vancouver,100.76672624243177
2002-03-01,Vancouver,100.92159636576794
2002-04-01,Vancouver,101.42637602221231
2002-05-01,Vancouver,102.75070108284035
2002-06-01,Vancouver,103.23805286768246
2002-07-01,Vancouver,103.66886655159576
2002-08-01,Vancouver,103.21671846802809
2002-09-01,Vancouver,103.1480994556175
2002-10-01,Vancouver,102.51392959467492
2002-11-01,Vancouver,103.80712591550028
2002-12-01,Vancouver,102.90295786409958
2003-01-01,Vancouver,103.42044966134603
2003-02-01,Vancouver,103.51812147254059
2003-03-01,Vancouver,104.85548158265352
2003-04-01,Vancouver,106.28897392290246
2003-05-01,Vancouver,107.10392861751745
2003-06-01,Vancouver,108.23873310841951
2003-07-01,Vancouver,108.90253263965319
2003-08-01,Vancouver,109.74233986867607
2003-09-01,Vancouver,109.69062611573351
2003-10-01,Vancouver,111.99084735493852
2003-11-01,Vancouver,113.47815599997946
2003-12-01,Vancouver,111.94589463692452
2004-01-01,Vancouver,113.9823174617809
2004-02-01,Vancouver,114.76549052256438
2004-03-01,Vancouver,116.94918583410261
2004-04-01,Vancouver,118.95922506050131
2004-05-01,Vancouver,119.11329949969402
2004-06-01,Vancouver,121.50328701096676
2004-07-01,Vancouver,123.20155490767732
2004-08-01,Vancouver,122.74959177903561
2004-09-01,Vancouver,122.55534679480257
2004-10-01,Vancouver,121.62472086426459
2004-11-01,Vancouver,122.98672667720285
2004-12-01,Vancouver,122.33986067545295
2005-01-01,Vancouver,124.67845173312544
2005-02-01,Vancouver,122.50355582157175
2005-03-01,Vancouver,124.40439748597254
2005-04-01,Vancouver,125.60009870114396
2005-05-01,Vancouver,127.88327910566497
2005-06-01,Vancouver,129.53523577604827
2005-07-01,Vancouver,131.93092404510304
2005-08-01,Vancouver,133.4752518061488
2005-09-01,Vancouver,131.60060580197637
2005-10-01,Vancouver,134.1996207400682
2005-11-01,Vancouver,136.596000620407
2005-12-01,Vancouver,136.06661665079082
2006-01-01,Vancouver,137.8588683368192
2006-02-01,Vancouver,138.5244534027603
2006-03-01,Vancouver,141.6098520439483
2006-04-01,Vancouver,143.72297392705553
2006-05-01,Vancouver,143.00478664067674
2006-06-01,Vancouver,149.10841211167366
2006-07-01,Vancouver,160.58338988474543
2006-08-01,Vancouver,160.68184164983538
2006-09-01,Vancouver,163.72042671362397
2006-10-01,Vancouver,164.10975888826476
2006-11-01,Vancouver,164.96313462299855
2006-12-01,Vancouver,160.83898844933054
2007-01-01,Vancouver,161.9275343694252
2007-02-01,Vancouver,163.03896029071035
2007-03-01,Vancouver,165.65678336541134
2007-04-01,Vancouver,167.69398320857613
2007-05-01,Vancouver,168.29245564813294
2007-06-01,Vancouver,171.42705836182154
2007-07-01,Vancouver,174.34019004427165
2007-08-01,Vancouver,176.49440279444116
2007-09-01,Vancouver,176.84718768850004
2007-10-01,Vancouver,179.41953364380396
2007-11-01,Vancouver,179.45825455591827
2007-12-01,Vancouver,176.812925170068
2008-01-01,Vancouver,180.20090405472462
2008-02-01,Vancouver,180.7679570144556
2008-03-01,Vancouver,184.4915143874799
2008-04-01,Vancouver,184.22421342496858
2008-05-01,Vancouver,182.1417556745405
2008-06-01,Vancouver,181.07106505224849
2008-07-01,Vancouver,180.69672082995544
2008-08-01,Vancouver,178.90110292483004
2008-09-01,Vancouver,178.81828771074353
2008-10-01,Vancouver,175.96371882086166
2008-11-01,Vancouver,174.4567726788836
2008-12-01,Vancouver,167.62219647101756
2009-01-01,Vancouver,163.8762533528652
2009-02-01,Vancouver,164.23306991220622
2009-03-01,Vancouver,160.30091100767788
2009-04-01,Vancouver,161.66955007541983
2009-05-01,Vancouver,162.31662867607562
2009-06-01,Vancouver,164.95270142036927
2009-07-01,Vancouver,168.44952918685635
2009-08-01,Vancouver,170.99685597381443
2009-09-01,Vancouver,176.15187274173442
2009-10-01,Vancouver,177.71931421395394
2009-11-01,Vancouver,180.00309691777943
2009-12-01,Vancouver,182.47579016120577
2010-01-01,Vancouver,182.69795957769148
2010-02-01,Vancouver,181.85982889887978
2010-03-01,Vancouver,184.89042675893884
2010-04-01,Vancouver,186.65227930252559
2010-05-01,Vancouver,186.77803709617982
2010-06-01,Vancouver,188.33304061727958
2010-07-01,Vancouver,183.06200105613019
2010-08-01,Vancouver,184.16812559547287
2010-09-01,Vancouver,184.8835920643326
2010-10-01,Vancouver,182.43308983635092
2010-11-01,Vancouver,186.67361412650166
2010-12-01,Vancouver,186.6500442257281
2011-01-01,Vancouver,186.17470455452505
2011-02-01,Vancouver,188.4923482988077
2011-03-01,Vancouver,188.71318041454433
2011-04-01,Vancouver,192.68344696439138
2011-05-01,Vancouver,193.6327934527413
2011-06-01,Vancouver,198.38188363826328
2011-07-01,Vancouver,198.2935752078609
2011-08-01,Vancouver,197.7300135903627
2011-09-01,Vancouver,196.42292443050556
2011-10-01,Vancouver,195.1692170613646
2011-11-01,Vancouver,196.47383850148822
2011-12-01,Vancouver,195.26790194724586
2012-01-01,Vancouver,193.11672086675043
2012-02-01,Vancouver,193.43970224686865
2012-03-01,Vancouver,196.91180187952105
2012-04-01,Vancouver,194.93894375353338
2012-05-01,Vancouver,198.36479646003454
2012-06-01,Vancouver,196.81182121971597
2012-07-01,Vancouver,196.91682141535168
2012-08-01,Vancouver,192.37310833839098
2012-09-01,Vancouver,192.92036231614682
2012-10-01,Vancouver,190.0776517189891
2012-11-01,Vancouver,189.75026926275015
2012-12-01,Vancouver,188.75537893925446
2013-01-01,Vancouver,189.51302935757056
2013-02-01,Vancouver,191.44733543150116
2013-03-01,Vancouver,186.23457917657612
2013-04-01,Vancouver,188.63724426653755
2013-05-01,Vancouver,190.87906888139176
2013-06-01,Vancouver,189.15659777912973
2013-07-01,Vancouver,192.34384104756623
2013-08-01,Vancouver,193.37873392880934
2013-09-01,Vancouver,195.14272105165392
2013-10-01,Vancouver,196.9583786540813
2013-11-01,Vancouver,196.9583786540813
2013-12-01,Vancouver,199.5051872057344
2014-01-01,Vancouver,203.41269534260132
2014-02-01,Vancouver,201.09294250424674
2014-03-01,Vancouver,202.77220574839617
2014-04-01,Vancouver,199.4920538325376
2014-05-01,Vancouver,198.02323331735096
2014-06-01,Vancouver,197.79995521286793
2014-07-01,Vancouver,199.57982238241354
2014-08-01,Vancouver,201.65086099851413
2014-09-01,Vancouver,202.89951416001836
2014-10-01,Vancouver,204.76210888556287
2014-11-01,Vancouver,203.65714671479077
2014-12-01,Vancouver,205.78558527382393
2015-01-01,Vancouver,211.96532175040392
2015-02-01,Vancouver,210.9672931728069
2015-03-01,Vancouver,206.27348889762635
2015-04-01,Vancouver,211.37457131117984
2015-05-01,Vancouver,212.51102665039392
2015-06-01,Vancouver,214.52454636641517
2015-07-01,Vancouver,219.18572788284374
2015-08-01,Vancouver,212.615594898167
2015-09-01,Vancouver,222.49402182413309
2015-10-01,Vancouver,223.4621619437432
2015-11-01,Vancouver,226.08931254991722
2015-12-01,Vancouver,230.57697949623412
2016-01-01,Vancouver,236.67117320114164
2016-02-01,Vancouver,243.82608013045237
2016-03-01,Vancouver,244.26060372893835
2016-04-01,Vancouver,251.56138561772673
2016-05-01,Vancouver,256.46563663422575
2016-06-01,Vancouver,264.5041285298007
2016-07-01,Vancouver,269.40497153951657
2016-08-01,Vancouver,271.555886793982
2016-09-01,Vancouver,268.35626728262037
2016-10-01,Vancouver,267.63613199819906
2016-11-01,Vancouver,261.2577334372491
2016-12-01,Vancouver,265.4176880167089
2017-01-01,Vancouver,262.1687343319996
2017-02-01,Vancouver,269.1311946692495
2017-03-01,Vancouver,265.7853328655044
2017-04-01,Vancouver,268.0369025592513
2017-05-01,Vancouver,274.1662597776445
2017-06-01,Vancouver,283.2753223988981
2017-07-01,Vancouver,290.5812686356069
2017-08-01,Vancouver,294.77276478918515
2017-09-01,Vancouver,297.34677697106696
2017-10-01,Vancouver,295.8078815941961
2017-11-01,Vancouver,298.1338887420923
2017-12-01,Vancouver,304.4398214603544
2018-01-01,Vancouver,305.54519622748285
2018-02-01,Vancouver,299.85449878064435
2018-03-01,Vancouver,303.3177099951258
2018-04-01,Vancouver,304.505922398967
2018-05-01,Vancouver,308.710044070935
2018-06-01,Vancouver,306.2060459579707
2018-07-01,Vancouver,306.10509182575976
2018-08-01,Vancouver,303.7123098949797
2018-09-01,Vancouver,305.2623878438602
2018-10-01,Vancouver,299.3953024079795
2018-11-01,Vancouver,300.00445021953846
2018-12-01,Vancouver,295.2156574773837
2019-01-01,Vancouver,297.7484034199175
2019-02-01,Vancouver,291.4010795561512
2019-03-01,Vancouver,287.2346654072756
2019-04-01,Vancouver,288.6961895869459
2019-05-01,Vancouver,285.2587789630249
2019-06-01,Vancouver,282.8591281625554
2019-07-01,Vancouver,278.07837749860687
2019-08-01,Vancouver,278.2723563759487
2019-09-01,Vancouver,279.1830519122317
2019-10-01,Vancouver,281.3255733397963
2019-11-01,Vancouver,282.6009934765695
2019-12-01,Vancouver,277.6366695260704
2020-01-01,Vancouver,282.068221700636
2020-02-01,Vancouver,287.2763920382967
2020-03-01,Vancouver,286.26235462462193
2020-04-01,Vancouver,289.3752447347562
2020-05-01,Vancouver,290.6308608838261
2020-06-01,Vancouver,286.3730059565128
2020-07-01,Vancouver,286.3730059565128
2020-08-01,Vancouver,290.5712851239441
2020-09-01,Vancouver,292.97847212905117
2020-10-01,Vancouver,297.8029107400535
2020-11-01,Vancouver,298.1145270179402
2020-12-01,Vancouver,298.12043335852854
2021-01-01,Vancouver,299.9116379145322
2021-02-01,Vancouver,303.7736409658656
2021-03-01,Vancouver,308.08295811161133
2021-04-01,Vancouver,313.5237793541428
2021-05-01,Vancouver,319.5391089453906
2021-06-01,Vancouver,329.95589938002536
2021-07-01,Vancouver,328.63779321363893
2021-08-01,Vancouver,323.0911089696904
2021-09-01,Vancouver,323.1880382975054
2021-10-01,Vancouver,321.2404263689878
2021-11-01,Vancouver,323.6546201158842
2021-12-01,Vancouver,330.7393130091542
2022-01-01,Vancouver,331.9353343539755
2022-02-01,Vancouver,335.1748667980664
2022-03-01,Vancouver,337.76665057486315
2022-04-01,Vancouver,347.45857162031103
2022-05-01,Vancouver,341.4607911777102
2022-06-01,Vancouver,339.318126204046
2022-07-01,Vancouver,332.74260890944663
2022-08-01,Vancouver,327.2449425379588
2022-09-01,Vancouver,314.17176635625503
2022-10-01,Vancouver,311.5376154796552
2022-11-01,Vancouver,305.1984568719262
2022-12-01,Vancouver,306.55842742060895
2023-01-01,Vancouver,293.357968701884
2023-02-01,Vancouver,305.95847918455405
2023-03-01,Vancouver,307.6904087813847
2023-04-01,Vancouver,304.3399388741003
2023-05-01,Vancouver,301.9949834144556
2023-06-01,Vancouver,313.5377803934693
2023-07-01,Vancouver,320.3538619748974
2023-08-01,Vancouver,323.15640924156537
2023-09-01,Vancouver,320.2792620728627
2023-10-01,Vancouver,316.49762328919235
2023-11-01,Vancouver,314.66021617155116
2023-12-01,Vancouver,310.6592580177996
2024-01-01,Vancouver,303.08390977644655
2024-02-01,Vancouver,303.6817704971716
2024-03-01,Vancouver,314.6061828986913
2024-04-01,Vancouver,317.0483701990551
2024-05-01,Vancouver,319.2428129146395
2024-06-01,Vancouver,319.72373253307927
2024-07-01,Vancouver,318.92394931788596
2024-08-01,Vancouver,322.099883491372
2024-09-01,Vancouver,315.2134066951837
2024-10-01,Vancouver,311.66732535618286
2024-11-01,Vancouver,313.6785240122693
2024-12-01,Vancouver,315.6964864798966
2025-01-01,Vancouver,308.3152710005955
2025-02-01,Vancouver,304.8873308014411
2025-03-01,Vancouver,310.79815358015446
2025-04-01,Vancouver,309.3866819133473
2025-05-01,Vancouver,300.35950865096146
2025-06-01,Vancouver,301.03594830741156
2025-07-01,Vancouver,299.9048324942806
2025-08-01,Vancouver,299.1037213159266
2025-09-01,Vancouver,292.48152869395176
2025-10-01,Vancouver,291.43868611503206
2025-11-01,Vancouver,290.4503980821134
2025-12-01,Vancouver,290.2397581254723
1999-02-01,Toronto,100.0
1999-03-01,Toronto,101.22143369129336
1999-04-01,Toronto,101.63029210704838
1999-05-01,Toronto,102.68783532652694
1999-06-01,Toronto,106.31823687996575
1999-07-01,Toronto,102.77270694718592
1999-08-01,Toronto,103.00443067363973
1999-09-01,Toronto,102.8777763814152
1999-10-01,Toronto,103.2035621235727
1999-11-01,Toronto,103.4301012616771
1999-12-01,Toronto,102.85509764819767
2000-01-01,Toronto,106.01429148951887
2000-02-01,Toronto,103.51666171329595
2000-03-01,Toronto,104.84752660396146
2000-04-01,Toronto,104.7772756312783
2000-05-01,Toronto,105.76921903143803
2000-06-01,Toronto,105.0904546878973
2000-07-01,Toronto,105.72703479295416
2000-08-01,Toronto,106.33506950668432
2000-09-01,Toronto,105.68011655515654
2000-10-01,Toronto,106.63320521558161
2000-11-01,Toronto,106.18937841766352
2000-12-01,Toronto,106.24839209739001
2001-01-01,Toronto,106.78860601809504
2001-02-01,Toronto,106.7429694375673
2001-03-01,Toronto,107.63212931435204
2001-04-01,Toronto,106.93130954366022
2001-05-01,Toronto,106.27067975871319
2001-06-01,Toronto,107.10030936859103
2001-07-01,Toronto,108.28403724405578
2001-08-01,Toronto,108.28403724405578
2001-09-01,Toronto,108.63010409508556
2001-10-01,Toronto,110.15454333358619
2001-11-01,Toronto,112.01428502450004
2001-12-01,Toronto,111.19762876829347
2002-01-01,Toronto,111.248548256325
2002-02-01,Toronto,111.91266047430912
2002-03-01,Toronto,112.61995720938643
2002-04-01,Toronto,112.8706058138606
2002-05-01,Toronto,114.36352723699095
2002-06-01,Toronto,114.36608151296997
2002-07-01,Toronto,114.63088537706538
2002-08-01,Toronto,114.75623296465773
2002-09-01,Toronto,115.44388046567965
2002-10-01,Toronto,115.22264535069733
2002-11-01,Toronto,115.41822901538556
2002-12-01,Toronto,116.54770934248735
2003-01-01,Toronto,116.29294403042667
2003-02-01,Toronto,115.4011746545992
2003-03-01,Toronto,116.00226629613427
2003-04-01,Toronto,117.84482678597949
2003-05-01,Toronto,118.00858530789375
2003-06-01,Toronto,118.15458625698687
2003-07-01,Toronto,118.42396227709729
2003-08-01,Toronto,119.17606405189645
2003-09-01,Toronto,119.45950594686651
2003-10-01,Toronto,120.2845500499601
2003-11-01,Toronto,120.14567564853856
2003-12-01,Toronto,120.01607263541713
2004-01-01,Toronto,121.30908304576626
2004-02-01,Toronto,120.57517555396271
2004-03-01,Toronto,120.87042874314906
2004-04-01,Toronto,121.2132366526548
2004-05-01,Toronto,119.4098151959432
2004-06-01,Toronto,122.04042658516366
2004-07-01,Toronto,121.45698867695008
2004-08-01,Toronto,122.58450176469321
2004-09-01,Toronto,123.2061558917344
2004-10-01,Toronto,123.23056688609928
2004-11-01,Toronto,123.0085647804347
2004-12-01,Toronto,124.0293425764685
2005-01-01,Toronto,124.98692144219147
2005-02-01,Toronto,123.5228679932683
2005-03-01,Toronto,124.97577607043225
2005-04-01,Toronto,123.15639499549835
2005-05-01,Toronto,126.78957772228183
2005-06-01,Toronto,127.26505044683788
2005-07-01,Toronto,127.71334188410748
2005-08-01,Toronto,128.03542427267294
2005-09-01,Toronto,126.84689552970086
2005-10-01,Toronto,127.8129506681916
2005-11-01,Toronto,129.02296247049378
2005-12-01,Toronto,129.34517167565622
2006-01-01,Toronto,128.50217965256786
2006-02-01,Toronto,128.66456535252019
2006-03-01,Toronto,128.96842166301653
2006-04-01,Toronto,129.11943742182862
2006-05-01,Toronto,129.46105123664026
2006-06-01,Toronto,131.15115559091151
2006-07-01,Toronto,133.09204799110168
2006-08-01,Toronto,132.01946641842625
2006-09-01,Toronto,131.52391941935977
2006-10-01,Toronto,127.53408175806686
2006-11-01,Toronto,132.49567898312884
2006-12-01,Toronto,130.07721253961836
2007-01-01,Toronto,129.36837878103725
2007-02-01,Toronto,127.00950407330902
2007-03-01,Toronto,129.2134084936787
2007-04-01,Toronto,130.0729781683007
2007-05-01,Toronto,131.44673478372795
2007-06-01,Toronto,135.28039439215195
2007-07-01,Toronto,136.60510067683688
2007-08-01,Toronto,135.63223189780928
2007-09-01,Toronto,136.53265291847455
2007-10-01,Toronto,137.38729746548722
2007-11-01,Toronto,138.38064608353318
2007-12-01,Toronto,137.39465532239925
2008-01-01,Toronto,139.08852003070348
2008-02-01,Toronto,136.14334166487302
2008-03-01,Toronto,136.0946680001129
2008-04-01,Toronto,137.80834877986064
2008-05-01,Toronto,136.67552356668946
2008-06-01,Toronto,137.8382837731641
2008-07-01,Toronto,139.73533291931807
2008-08-01,Toronto,139.1650482542988
2008-09-01,Toronto,135.65830701888723
2008-10-01,Toronto,134.69181642655576
2008-11-01,Toronto,134.10281980013156
2008-12-01,Toronto,133.98102822197163
2009-01-01,Toronto,130.44797188330097
2009-02-01,Toronto,122.96771899912218
2009-03-01,Toronto,124.64947457013244
2009-04-01,Toronto,127.3030623609397
2009-05-01,Toronto,129.3922852102832
2009-06-01,Toronto,132.6540453332091
2009-07-01,Toronto,135.06187108712945
2009-08-01,Toronto,140.23329251454567
2009-09-01,Toronto,139.5572121903192
2009-10-01,Toronto,141.76835772026453
2009-11-01,Toronto,142.93132292027659
2009-12-01,Toronto,144.63811555855474
2010-01-01,Toronto,143.93017107925579
2010-02-01,Toronto,144.08437089026472
2010-03-01,Toronto,143.50770388269933
2010-04-01,Toronto,145.11218547862563
2010-05-01,Toronto,148.25892515643037
2010-06-01,Toronto,153.8072938461959
2010-07-01,Toronto,149.70921183538857
2010-08-01,Toronto,149.33621265325178
2010-09-01,Toronto,145.04238854196296
2010-10-01,Toronto,145.0504279691347
2010-11-01,Toronto,145.95745944869822
2010-12-01,Toronto,146.87215398276507
2011-01-01,Toronto,147.05246464906776
2011-02-01,Toronto,145.27352923089268
2011-03-01,Toronto,145.8681097949772
2011-04-01,Toronto,147.6182270217678
2011-05-01,Toronto,149.60584965661323
2011-06-01,Toronto,154.57952967307511
2011-07-01,Toronto,155.68236051289665
2011-08-01,Toronto,157.11486173916168
2011-09-01,Toronto,156.1825507838795
2011-10-01,Toronto,155.20319509620995
2011-11-01,Toronto,156.6052025522232
2011-12-01,Toronto,157.27952793168868
2012-01-01,Toronto,157.8453132015813
2012-02-01,Toronto,156.57676416683702
2012-03-01,Toronto,157.19668184066484
2012-04-01,Toronto,159.90454713732566
2012-05-01,Toronto,162.35308800287268
2012-06-01,Toronto,165.3253906524815
2012-07-01,Toronto,168.65267135214495
2012-08-01,Toronto,166.2155640051439
2012-09-01,Toronto,165.2182424223241
2012-10-01,Toronto,164.82537216236906
2012-11-01,Toronto,164.72879102316688
2012-12-01,Toronto,164.72607456794987
2013-01-01,Toronto,164.32109741379128
2013-02-01,Toronto,162.3131504125637
2013-03-01,Toronto,163.37737316789887
2013-04-01,Toronto,164.46416832225955
2013-05-01,Toronto,167.08260128791693
2013-06-01,Toronto,170.41186535435827
2013-07-01,Toronto,170.59393076259218
2013-08-01,Toronto,172.87057948875787
2013-09-01,Toronto,169.8869002813731
2013-10-01,Toronto,169.5823145072383
2013-11-01,Toronto,172.22581654006055
2013-12-01,Toronto,172.5803802289469
2014-01-01,Toronto,172.32904653933008
2014-02-01,Toronto,170.00859178809844
2014-03-01,Toronto,169.6218777014856
2014-04-01,Toronto,171.11195679664652
2014-05-01,Toronto,174.39453589408595
2014-06-01,Toronto,175.68239700445224
2014-07-01,Toronto,180.0855237404531
2014-08-01,Toronto,181.12454112605823
2014-09-01,Toronto,179.3692032952567
2014-10-01,Toronto,178.41629086852694
2014-11-01,Toronto,180.01729679639735
2014-12-01,Toronto,183.32927134052323
2015-01-01,Toronto,183.75559004478245
2015-02-01,Toronto,179.43145131776146
2015-03-01,Toronto,182.05219114937017
2015-04-01,Toronto,181.35559110778024
2015-05-01,Toronto,186.36954735371233
2015-06-01,Toronto,190.0049694221739
2015-07-01,Toronto,192.73053230334605
2015-08-01,Toronto,194.6328298940079
2015-09-01,Toronto,193.54759248545423
2015-10-01,Toronto,194.34732898228663
2015-11-01,Toronto,195.4956989909488
2015-12-01,Toronto,195.19692107013472
2016-01-01,Toronto,194.56343139703174
2016-02-01,Toronto,196.9942424567138
2016-03-01,Toronto,194.81537900393042
2016-04-01,Toronto,200.3793972498966
2016-05-01,Toronto,204.502575153619
2016-06-01,Toronto,212.58425989061814
2016-07-01,Toronto,219.07787875264853
2016-08-01,Toronto,222.30415754847658
2016-09-01,Toronto,226.29322711074497
2016-10-01,Toronto,227.0740907214118
2016-11-01,Toronto,230.06218760964484
2016-12-01,Toronto,233.53561964990402
2017-01-01,Toronto,234.16779109635192
2017-02-01,Toronto,240.3310499237292
2017-03-01,Toronto,244.54826897313987
2017-04-01,Toronto,254.23137937035696
2017-05-01,Toronto,263.2522720767444
2017-06-01,Toronto,271.3728007551853
2017-07-01,Toronto,270.5903256463221
2017-08-01,Toronto,259.07184434417775
2017-09-01,Toronto,250.38558998515228
2017-10-01,Toronto,247.48169767346604
2017-11-01,Toronto,247.10076852605224
2017-12-01,Toronto,248.35737621673522
2018-01-01,Toronto,247.79647518579657
2018-02-01,Toronto,244.3700276587576
2018-03-01,Toronto,244.45346678651254
2018-04-01,Toronto,246.8735853204352
2018-05-01,Toronto,252.4404068573169
2018-06-01,Toronto,251.76719188979834
2018-07-01,Toronto,250.9209095486506
2018-08-01,Toronto,252.93264949667355
2018-09-01,Toronto,250.87677533744923
2018-10-01,Toronto,249.9965610630601
2018-11-01,Toronto,253.39267546340872
2018-12-01,Toronto,252.664771134409
2019-01-01,Toronto,251.3700506309526
2019-02-01,Toronto,250.06227442155017
2019-03-01,Toronto,246.95324358672565
2019-04-01,Toronto,249.13485816129514
2019-05-01,Toronto,251.40686189979255
2019-06-01,Toronto,255.5235712801426
2019-07-01,Toronto,256.72043459548297
2019-08-01,Toronto,257.22504066989586
2019-09-01,Toronto,256.5302552379158
2019-10-01,Toronto,256.34675824738576
2019-11-01,Toronto,258.08908109181675
2019-12-01,Toronto,259.714854790146
2020-01-01,Toronto,257.0659221448343
2020-02-01,Toronto,259.51779791078764
2020-03-01,Toronto,266.43569977986965
2020-04-01,Toronto,275.16048770882986
2020-05-01,Toronto,278.79003620078674
2020-06-01,Toronto,270.3177292643735
2020-07-01,Toronto,274.9782088048986
2020-08-01,Toronto,278.52757038272114
2020-09-01,Toronto,279.00927770147945
2020-10-01,Toronto,282.64987375612657
2020-11-01,Toronto,283.50397207912
2020-12-01,Toronto,281.2218426654784
2021-01-01,Toronto,280.70632087717087
2021-02-01,Toronto,285.09004947211525
2021-03-01,Toronto,292.87970084478917
2021-04-01,Toronto,302.6085601508045
2021-05-01,Toronto,310.6873839341109
2021-06-01,Toronto,312.5794525517774
2021-07-01,Toronto,312.96394271238694
2021-08-01,Toronto,313.26911535967474
2021-09-01,Toronto,312.71617178146715
2021-10-01,Toronto,310.3823006946071
2021-11-01,Toronto,317.0766545548629
2021-12-01,Toronto,318.6413106259385
2022-01-01,Toronto,325.7621626959039
2022-02-01,Toronto,329.3192543456908
2022-03-01,Toronto,337.2834520829366
2022-04-01,Toronto,348.23503470244094
2022-05-01,Toronto,345.7941474429492
2022-06-01,Toronto,336.8414815424977
2022-07-01,Toronto,327.55088825687994
2022-08-01,Toronto,315.51874056285436
2022-09-01,Toronto,305.76125118917463
2022-10-01,Toronto,300.8057088149763
2022-11-01,Toronto,297.0050593992374
2022-12-01,Toronto,293.94362151459086
2023-01-01,Toronto,294.14827341248923
2023-02-01,Toronto,285.3715049817423
2023-03-01,Toronto,284.11171050239426
2023-04-01,Toronto,292.83887468030684
2023-05-01,Toronto,300.10782522815185
2023-06-01,Toronto,305.6109647934351
2023-07-01,Toronto,310.45413129870127
2023-08-01,Toronto,307.7373330072771
2023-09-01,Toronto,303.94554623140135
2023-10-01,Toronto,296.0680572565271
2023-11-01,Toronto,292.45679294545715
2023-12-01,Toronto,287.63960313140717
2024-01-01,Toronto,288.89435774185824
2024-02-01,Toronto,290.8033330327972
2024-03-01,Toronto,292.81462960439745
2024-04-01,Toronto,295.0494386582027
2024-05-01,Toronto,299.9758593940754
2024-06-01,Toronto,300.0689974898459
2024-07-01,Toronto,298.5214206858904
2024-08-01,Toronto,293.95426507486604
2024-09-01,Toronto,291.20334607342227
2024-10-01,Toronto,287.101498311822
2024-11-01,Toronto,286.1429517952736
2024-12-01,Toronto,286.0517749140469
2025-01-01,Toronto,286.45640477374116
2025-02-01,Toronto,282.5006401033642
2025-03-01,Toronto,282.6934751515994
2025-04-01,Toronto,279.89411112187713
2025-05-01,Toronto,276.7710820850493
2025-06-01,Toronto,274.88146229686157
2025-07-01,Toronto,271.449159696676
2025-08-01,Toronto,270.40860909676866
2025-09-01,Toronto,264.9562264804191
2025-10-01,Toronto,260.9159731811847
2025-11-01,Toronto,261.30931931034695
2025-12-01,Toronto,257.6635206963441
1999-02-01,Montreal,100.0
1999-03-01,Montreal,99.97229834827048
1999-04-01,Montreal,101.01768958055158
1999-05-01,Montreal,100.86707868616867
1999-06-01,Montreal,101.01946919532094
1999-07-01,Montreal,101.32205666270812
1999-08-01,Montreal,101.87422741025176
1999-09-01,Montreal,101.29763100802282
1999-10-01,Montreal,101.45598606593589
1999-11-01,Montreal,102.23124972699078
1999-12-01,Montreal,102.67172588583303
2000-01-01,Montreal,101.9400377155663
2000-02-01,Montreal,102.05287426656552
2000-03-01,Montreal,101.89190549098252
2000-04-01,Montreal,102.74378735026093
2000-05-01,Montreal,102.70536725648623
2000-06-01,Montreal,103.56338467850547
2000-07-01,Montreal,104.36300782792087
2000-08-01,Montreal,105.6460866670583
2000-09-01,Montreal,104.6704969092743
2000-10-01,Montreal,104.95544693701007
2000-11-01,Montreal,104.7425763876397
2000-12-01,Montreal,104.15014032052625
2001-01-01,Montreal,104.56654301135187
2001-02-01,Montreal,104.41332169456685
2001-03-01,Montreal,104.74963024823809
2001-04-01,Montreal,104.82958999174339
2001-05-01,Montreal,104.12148269987665
2001-06-01,Montreal,105.61283051043462
2001-07-01,Montreal,108.6466253930001
2001-08-01,Montreal,109.66156978435203
2001-09-01,Montreal,109.26504279676976
2001-10-01,Montreal,108.915250057741
2001-11-01,Montreal,110.02005033615858
2001-12-01,Montreal,110.78745859117289
2002-01-01,Montreal,110.44851565336387
2002-02-01,Montreal,109.77367747218241
2002-03-01,Montreal,110.637661637467
2002-04-01,Montreal,111.82111580046738
2002-05-01,Montreal,111.69071097449073
2002-06-01,Montreal,113.26345084437077
2002-07-01,Montreal,116.51561612720045
2002-08-01,Montreal,117.97144270559849
2002-09-01,Montreal,116.95071443887466
2002-10-01,Montreal,117.18997245995246
2002-11-01,Montreal,118.53475549886288
2002-12-01,Montreal,118.75677597534447
2003-01-01,Montreal,120.64629054347462
2003-02-01,Montreal,119.08503967280706
2003-03-01,Montreal,121.08453941443862
2003-04-01,Montreal,122.23228545570694
2003-05-01,Montreal,123.11782939294469
2003-06-01,Montreal,125.31010927826485
2003-07-01,Montreal,127.0283032965719
2003-08-01,Montreal,127.12807293761989
2003-09-01,Montreal,128.2285272398905
2003-10-01,Montreal,130.16624795338694
2003-11-01,Montreal,129.96911749397304
2003-12-01,Montreal,129.0115288617725
2004-01-01,Montreal,129.94407714089226
2004-02-01,Montreal,132.63300660856396
2004-03-01,Montreal,132.13740770922112
2004-04-01,Montreal,134.14705752397035
2004-05-01,Montreal,134.92924474730268
2004-06-01,Montreal,137.10223248078813
2004-07-01,Montreal,138.22853897947593
2004-08-01,Montreal,139.38573676476324
2004-09-01,Montreal,137.4705930072199
2004-10-01,Montreal,139.0782544484101
2004-11-01,Montreal,138.32978421351504
2004-12-01,Montreal,139.09564925052285
2005-01-01,Montreal,141.5395616644907
2005-02-01,Montreal,140.05908529008363
2005-03-01,Montreal,141.95496337228215
2005-04-01,Montreal,143.35601573811573
2005-05-01,Montreal,144.87427534091506
2005-06-01,Montreal,145.97539772718216
2005-07-01,Montreal,144.69745195068373
2005-08-01,Montreal,145.5380690146983
2005-09-01,Montreal,142.31435091182254
2005-10-01,Montreal,145.5481051449935
2005-11-01,Montreal,146.89058350297924
2005-12-01,Montreal,145.7798775197431
2006-01-01,Montreal,143.35620514726025
2006-02-01,Montreal,147.10385513281594
2006-03-01,Montreal,147.929196432213
2006-04-01,Montreal,147.34503996854932
2006-05-01,Montreal,149.68914757453732
2006-06-01,Montreal,150.91736482229118
2006-07-01,Montreal,150.8935699275047
2006-08-01,Montreal,155.26604047005083
2006-09-01,Montreal,153.84702747564756
2006-10-01,Montreal,155.68979260115967
2006-11-01,Montreal,158.0054414637038
2006-12-01,Montreal,154.7639439532341
2007-01-01,Montreal,157.28866451357717
2007-02-01,Montreal,153.21561849757447
2007-03-01,Montreal,158.6321085260144
2007-04-01,Montreal,160.0327892876115
2007-05-01,Montreal,161.53233833870038
2007-06-01,Montreal,163.0342862101566
2007-07-01,Montreal,160.58980287174495
2007-08-01,Montreal,162.39019398211622
2007-09-01,Montreal,165.02846146702535
2007-10-01,Montreal,164.10177501786006
2007-11-01,Montreal,164.65193886607807
2007-12-01,Montreal,163.65502555366268
2008-01-01,Montreal,166.64163616582297
2008-02-01,Montreal,164.2812330135709
2008-03-01,Montreal,163.9055195306235
2008-04-01,Montreal,166.57920134485056
2008-05-01,Montreal,168.09850424110527
2008-06-01,Montreal,167.24419026923607
2008-07-01,Montreal,165.8444772017783
2008-08-01,Montreal,167.38680641111037
2008-09-01,Montreal,166.83751522103069
2008-10-01,Montreal,167.03236797274272
2008-11-01,Montreal,169.3411589403479
2008-12-01,Montreal,166.17082988132094
2009-01-01,Montreal,171.1000889478524
2009-02-01,Montreal,163.79523537213737
2009-03-01,Montreal,166.5330105502256
2009-04-01,Montreal,170.22762727100042
2009-05-01,Montreal,169.6253466193566
2009-06-01,Montreal,172.53371262971092
2009-07-01,Montreal,171.72049446820012
2009-08-01,Montreal,175.0672890838852
2009-09-01,Montreal,172.4823664132341
2009-10-01,Montreal,174.71623393419372
2009-11-01,Montreal,175.22856331629754
2009-12-01,Montreal,174.56137330903607
2010-01-01,Montreal,177.23819151408222
2010-02-01,Montreal,176.3366009797044
2010-03-01,Montreal,177.4570126677788
2010-04-01,Montreal,180.2889032485461
2010-05-01,Montreal,182.62813817873942
2010-06-01,Montreal,182.7853052511824
2010-07-01,Montreal,183.98397937037643
2010-08-01,Montreal,186.61539876413988
2010-09-01,Montreal,182.46501399731565
2010-10-01,Montreal,180.8903877017375
2010-11-01,Montreal,182.74181739098913
2010-12-01,Montreal,184.68079306970165
2011-01-01,Montreal,184.02501279852373
2011-02-01,Montreal,184.68066937181118
2011-03-01,Montreal,184.08139505020844
2011-04-01,Montreal,186.0067744935483
2011-05-01,Montreal,186.61027627337475
2011-06-01,Montreal,190.29222469021337
2011-07-01,Montreal,187.9854628052243
2011-08-01,Montreal,188.43765090397233
2011-09-01,Montreal,187.06315102511292
2011-10-01,Montreal,186.37882599817232
2011-11-01,Montreal,189.81286010796367
2011-12-01,Montreal,184.46603758074986
2012-01-01,Montreal,188.5888817220388
2012-02-01,Montreal,188.6220138197806
2012-03-01,Montreal,188.93696483239285
2012-04-01,Montreal,191.13927791734164
2012-05-01,Montreal,192.98282330650304
2012-06-01,Montreal,195.3034497444634
2012-07-01,Montreal,194.077102656319
2012-08-01,Montreal,194.73933026185858
2012-09-01,Montreal,190.59563772446722
2012-10-01,Montreal,192.02039831928553
2012-11-01,Montreal,191.54567166932424
2012-12-01,Montreal,190.77217602509822
2013-01-01,Montreal,192.55745887468382
2013-02-01,Montreal,187.00288372493395
2013-03-01,Montreal,192.84397641882774
2013-04-01,Montreal,193.06928576089658
2013-05-01,Montreal,194.7297682857578
2013-06-01,Montreal,195.98576197005576
2013-07-01,Montreal,193.13913564545658
2013-08-01,Montreal,192.37854571773752
2013-09-01,Montreal,192.52210989387527
2013-10-01,Montreal,192.17972050248605
2013-11-01,Montreal,189.3505630115926
2013-12-01,Montreal,189.54644851988684
2014-01-01,Montreal,192.55601670087196
2014-02-01,Montreal,194.88987146981265
2014-03-01,Montreal,191.28347092997856
2014-04-01,Montreal,192.1555426139301
2014-05-01,Montreal,194.76191894871116
2014-06-01,Montreal,194.61961779785207
2014-07-01,Montreal,193.07954500792155
2014-08-01,Montreal,192.4464159141516
2014-09-01,Montreal,191.052995073438
2014-10-01,Montreal,192.9463501629832
2014-11-01,Montreal,192.13528633415655
2014-12-01,Montreal,193.68715748855726
2015-01-01,Montreal,195.88192001271858
2015-02-01,Montreal,191.99840238663867
2015-03-01,Montreal,193.20014945082218
2015-04-01,Montreal,192.61133324513966
2015-05-01,Montreal,195.0657736644905
2015-06-01,Montreal,194.5566412737188
2015-07-01,Montreal,193.99928538068195
2015-08-01,Montreal,192.197320579029
2015-09-01,Montreal,192.92946974642024
2015-10-01,Montreal,192.71645613020044
2015-11-01,Montreal,195.45864568938592
2015-12-01,Montreal,192.45060635239136
2016-01-01,Montreal,190.02622542038594
2016-02-01,Montreal,192.6961962371176
2016-03-01,Montreal,194.223873261292
2016-04-01,Montreal,193.1318340611933
2016-05-01,Montreal,193.50884061498087
2016-06-01,Montreal,195.06566888839916
2016-07-01,Montreal,195.48939195895548
2016-08-01,Montreal,195.58705916457194
2016-09-01,Montreal,194.33269493265047
2016-10-01,Montreal,191.98339440788473
2016-11-01,Montreal,193.97966834551627
2016-12-01,Montreal,194.23320437092343
2017-01-01,Montreal,193.8606486749587
2017-02-01,Montreal,193.12858004121688
2017-03-01,Montreal,194.99355420825609
2017-04-01,Montreal,195.8733708886822
2017-05-01,Montreal,195.37650368455743
2017-06-01,Montreal,198.70951390558207
2017-07-01,Montreal,201.18665147730476
2017-08-01,Montreal,198.11481198639746
2017-09-01,Montreal,200.3805177416918
2017-10-01,Montreal,200.35857118129888
2017-11-01,Montreal,199.93834424721462
2017-12-01,Montreal,202.79042870762544
2018-01-01,Montreal,199.6273084639474
2018-02-01,Montreal,198.64577802063573
2018-03-01,Montreal,198.6115010068925
2018-04-01,Montreal,198.63596222735407
2018-05-01,Montreal,199.36438935557774
2018-06-01,Montreal,201.83415111854654
2018-07-01,Montreal,204.75596220417302
2018-08-01,Montreal,205.1992373253579
2018-09-01,Montreal,204.47267459121144
2018-10-01,Montreal,206.3879202253143
2018-11-01,Montreal,205.9245193933477
2018-12-01,Montreal,207.34224029382239
2019-01-01,Montreal,208.7254791949321
2019-02-01,Montreal,206.6790877944054
2019-03-01,Montreal,204.31415277844184
2019-04-01,Montreal,203.71109329592142
2019-05-01,Montreal,206.82603305888193
2019-06-01,Montreal,208.609328305509
2019-07-01,Montreal,212.81717007174922
2019-08-01,Montreal,213.55036512348443
2019-09-01,Montreal,215.38478087390277
2019-10-01,Montreal,212.72066067878708
2019-11-01,Montreal,215.35497859287491
2019-12-01,Montreal,217.1511288074458
2020-01-01,Montreal,215.5922173406258
2020-02-01,Montreal,221.18114707552522
2020-03-01,Montreal,219.57487884146752
2020-04-01,Montreal,228.0228332113503
2020-05-01,Montreal,226.68766201823237
2020-06-01,Montreal,227.61126645839647
2020-07-01,Montreal,231.15987305119177
2020-08-01,Montreal,238.43405165445978
2020-09-01,Montreal,241.07032950349856
2020-10-01,Montreal,243.15068917453922
2020-11-01,Montreal,247.89712717694812
2020-12-01,Montreal,247.64338444065865
2021-01-01,Montreal,249.72148603239015
2021-02-01,Montreal,248.8000264919181
2021-03-01,Montreal,251.71075303983636
2021-04-01,Montreal,257.1283487197669
2021-05-01,Montreal,261.5625067961869
2021-06-01,Montreal,270.78800700707694
2021-07-01,Montreal,272.7161107193694
2021-08-01,Montreal,274.64832951442065
2021-09-01,Montreal,268.2731875496976
2021-10-01,Montreal,268.263238833517
2021-11-01,Montreal,271.75241655187403
2021-12-01,Montreal,275.61925042589434
2022-01-01,Montreal,269.6736236254427
2022-02-01,Montreal,270.50039688249956
2022-03-01,Montreal,273.4450364570164
2022-04-01,Montreal,282.8963547080377
2022-05-01,Montreal,283.659585062799
2022-06-01,Montreal,292.2449898219878
2022-07-01,Montreal,286.37963629565917
2022-08-01,Montreal,287.7372337741498
2022-09-01,Montreal,278.1777633488741
2022-10-01,Montreal,271.987691707853
2022-11-01,Montreal,266.41598265448346
2022-12-01,Montreal,265.67859912740334
2023-01-01,Montreal,261.8843404808316
2023-02-01,Montreal,258.96848105941564
2023-03-01,Montreal,259.95557315565515
2023-04-01,Montreal,262.53728481986076
2023-05-01,Montreal,266.1159951822394
2023-06-01,Montreal,273.92724466927615
2023-07-01,Montreal,270.03852175590237
2023-08-01,Montreal,272.08543865242405
2023-09-01,Montreal,265.91118825875026
2023-10-01,Montreal,274.19529056415695
2023-11-01,Montreal,266.46029205411963
2023-12-01,Montreal,266.85832541451384
2024-01-01,Montreal,268.08068263631577
2024-02-01,Montreal,262.99147353018157
2024-03-01,Montreal,260.76957355126615
2024-04-01,Montreal,271.3247807943381
2024-05-01,Montreal,272.8177594000031
2024-06-01,Montreal,277.99501381649907
2024-07-01,Montreal,274.9077220089393
2024-08-01,Montreal,280.16252424281345
2024-09-01,Montreal,279.5491388526707
2024-10-01,Montreal,278.1854056683435
2024-11-01,Montreal,279.3620323321744
2024-12-01,Montreal,281.7183728509771
2025-01-01,Montreal,281.14706848423845
2025-02-01,Montreal,277.314952811948
2025-03-01,Montreal,279.4828626353875
2025-04-01,Montreal,284.3811759897743
2025-05-01,Montreal,288.57902142277226
2025-06-01,Montreal,294.9339501030022
2025-07-01,Montreal,288.8822403335664
2025-08-01,Montreal,288.7450587982335
2025-09-01,Montreal,289.9988945858467
2025-10-01,Montreal,286.44618065754173
2025-11-01,Montreal,288.0278257860249
2025-12-01,Montreal,286.5319498218987
1999-02-01,Calgary,100.0
1999-03-01,Calgary,99.72318903291755
1999-04-01,Calgary,98.32713890870534
1999-05-01,Calgary,98.6565977235338
1999-06-01,Calgary,98.9988599166216
1999-07-01,Calgary,99.32546021665401
1999-08-01,Calgary,99.46656784915301
1999-09-01,Calgary,99.5288851411742
1999-10-01,Calgary,99.78927748917407
1999-11-01,Calgary,99.54300071132612
1999-12-01,Calgary,100.4096997315824
2000-01-01,Calgary,99.9038158200222
2000-02-01,Calgary,100.88147477457301
2000-03-01,Calgary,100.49892856338639
2000-04-01,Calgary,101.60091640547432
2000-05-01,Calgary,101.47896082586038
2000-06-01,Calgary,101.98967983005628
2000-07-01,Calgary,100.81522909253404
2000-08-01,Calgary,102.21832162475862
2000-09-01,Calgary,101.32541091610756
2000-10-01,Calgary,101.22473237764997
2000-11-01,Calgary,100.51373110090395
2000-12-01,Calgary,101.76242961326845
2001-01-01,Calgary,102.21255844585147
2001-02-01,Calgary,103.36342060310433
2001-03-01,Calgary,102.36373064953163
2001-04-01,Calgary,102.10389421152564
2001-05-01,Calgary,101.27546504956597
2001-06-01,Calgary,101.80200678925556
2001-07-01,Calgary,102.63603198559028
2001-08-01,Calgary,103.03884215821819
2001-09-01,Calgary,104.21001477778175
2001-10-01,Calgary,104.48526327350775
2001-11-01,Calgary,106.07798689276966
2001-12-01,Calgary,105.83303789779026
2002-01-01,Calgary,106.21179769834457
2002-02-01,Calgary,106.73337440142086
2002-03-01,Calgary,106.69932359954888
2002-04-01,Calgary,107.22442444444928
2002-05-01,Calgary,108.08273659866083
2002-06-01,Calgary,108.50117389854876
2002-07-01,Calgary,108.76051015655892
2002-08-01,Calgary,108.80074426083321
2002-09-01,Calgary,109.71734699260098
2002-10-01,Calgary,110.5018160838152
2002-11-01,Calgary,111.13846180081126
2002-12-01,Calgary,110.79407349959618
2003-01-01,Calgary,111.35789899401271
2003-02-01,Calgary,111.37810987994597
2003-03-01,Calgary,110.56705563280411
2003-04-01,Calgary,112.66474650223569
2003-05-01,Calgary,112.86418788895807
2003-06-01,Calgary,113.23799572915676
2003-07-01,Calgary,113.70710861324022
2003-08-01,Calgary,114.05611141037981
2003-09-01,Calgary,114.19367556141833
2003-10-01,Calgary,114.79682407658404
2003-11-01,Calgary,115.73146493044204
2003-12-01,Calgary,114.88957988812072
2004-01-01,Calgary,115.763198273504
2004-02-01,Calgary,115.8714012867118
2004-03-01,Calgary,116.3535986612964
2004-04-01,Calgary,117.67845744080194
2004-05-01,Calgary,116.34262636253116
2004-06-01,Calgary,116.55877658979523
2004-07-01,Calgary,118.21749672030937
2004-08-01,Calgary,118.02707044415304
2004-09-01,Calgary,118.4943232160887
2004-10-01,Calgary,118.97235846195441
2004-11-01,Calgary,119.6602546451097
2004-12-01,Calgary,120.3009778331008
2005-01-01,Calgary,121.58211090852085
2005-02-01,Calgary,119.54704721403577
2005-03-01,Calgary,121.29595745001309
2005-04-01,Calgary,121.673460451943
2005-05-01,Calgary,123.14439275588775
2005-06-01,Calgary,123.59376671838444
2005-07-01,Calgary,124.96668459200595
2005-08-01,Calgary,125.96424917566476
2005-09-01,Calgary,126.08850233893942
2005-10-01,Calgary,128.3748180486149
2005-11-01,Calgary,129.16525207915905
2005-12-01,Calgary,130.21849599217578
2006-01-01,Calgary,132.32932160555492
2006-02-01,Calgary,135.86518582624163
2006-03-01,Calgary,138.9711415683765
2006-04-01,Calgary,145.9751604710497
2006-05-01,Calgary,149.83833412157855
2006-06-01,Calgary,158.63054533048546
2006-07-01,Calgary,170.34783396029357
2006-08-01,Calgary,179.13445292267886
2006-09-01,Calgary,181.03823672841412
2006-10-01,Calgary,183.98860919124994
2006-11-01,Calgary,187.69271980003262
2006-12-01,Calgary,184.9462773883535
2007-01-01,Calgary,171.251026078546
2007-02-01,Calgary,185.07833468539815
2007-03-01,Calgary,187.8721147753027
2007-04-01,Calgary,192.8195989571459
2007-05-01,Calgary,197.6286600960667
2007-06-01,Calgary,203.51942575090288
2007-07-01,Calgary,206.51099297356325
2007-08-01,Calgary,206.40325013904027
2007-09-01,Calgary,204.60568131562314
2007-10-01,Calgary,205.1320188573996
2007-11-01,Calgary,202.50401294040347
2007-12-01,Calgary,200.6244977437102
2008-01-01,Calgary,197.55626754107226
2008-02-01,Calgary,197.4407449144639
2008-03-01,Calgary,196.98576504523504
2008-04-01,Calgary,197.56564880597233
2008-05-01,Calgary,195.06978914864257
2008-06-01,Calgary,193.13358536184785
2008-07-01,Calgary,191.16577695171173
2008-08-01,Calgary,186.12478208378064
2008-09-01,Calgary,181.4418559365783
2008-10-01,Calgary,187.28977354680512
2008-11-01,Calgary,183.8356433488278
2008-12-01,Calgary,180.35258416550087
2009-01-01,Calgary,177.47573806943578
2009-02-01,Calgary,184.30866158818134
2009-03-01,Calgary,173.93710730019916
2009-04-01,Calgary,172.2454492624565
2009-05-01,Calgary,168.6711934921759
2009-06-01,Calgary,171.43684938739077
2009-07-01,Calgary,176.44644826286623
2009-08-01,Calgary,176.51556163860567
2009-09-01,Calgary,177.26428987578328
2009-10-01,Calgary,179.06761022793836
2009-11-01,Calgary,180.64665568857475
2009-12-01,Calgary,186.58167196124583
2010-01-01,Calgary,178.50783025264906
2010-02-01,Calgary,177.95289266468924
2010-03-01,Calgary,181.495949615624
2010-04-01,Calgary,178.91105507393425
2010-05-01,Calgary,182.3802544908713
2010-06-01,Calgary,182.66228045023018
2010-07-01,Calgary,180.28734916786698
2010-08-01,Calgary,178.59643489385672
2010-09-01,Calgary,169.99512750477285
2010-10-01,Calgary,173.8965139933916
2010-11-01,Calgary,174.51313637214554
2010-12-01,Calgary,171.2522594682846
2011-01-01,Calgary,168.30380133692924
2011-02-01,Calgary,171.8477558213226
2011-03-01,Calgary,166.8119915892748
2011-04-01,Calgary,167.53433230585037
2011-05-01,Calgary,171.76921297641798
2011-06-01,Calgary,175.19915759401877
2011-07-01,Calgary,179.17909514880523
2011-08-01,Calgary,176.00855786395832
2011-09-01,Calgary,169.96157727636637
2011-10-01,Calgary,169.9754891425307
2011-11-01,Calgary,166.51272960369704
2011-12-01,Calgary,173.6158760352535
2012-01-01,Calgary,168.40869245474286
2012-02-01,Calgary,163.95304610512974
2012-03-01,Calgary,167.20944843478387
2012-04-01,Calgary,174.23418867944127
2012-05-01,Calgary,172.2884758799947
2012-06-01,Calgary,176.47378669521055
2012-07-01,Calgary,176.3580514020439
2012-08-01,Calgary,174.96909784171606
2012-09-01,Calgary,178.63508570320604
2012-10-01,Calgary,174.16931712299842
2012-11-01,Calgary,176.8523688646765
2012-12-01,Calgary,175.49734635947368
2013-01-01,Calgary,175.16749945212266
2013-02-01,Calgary,169.15243362626398
2013-03-01,Calgary,180.02527269904186
2013-04-01,Calgary,178.53124638891447
2013-05-01,Calgary,181.017520776679
2013-06-01,Calgary,187.75250686301754
2013-07-01,Calgary,181.29978676019738
2013-08-01,Calgary,186.63402746703005
2013-09-01,Calgary,185.96696991678783
2013-10-01,Calgary,185.7975348251968
2013-11-01,Calgary,185.0133976891478
2013-12-01,Calgary,184.79814538760857
2014-01-01,Calgary,188.49081547967003
2014-02-01,Calgary,189.7080761375165
2014-03-01,Calgary,189.24744902676534
2014-04-01,Calgary,193.57100757639643
2014-05-01,Calgary,193.37244949788538
2014-06-01,Calgary,192.1589451377745
2014-07-01,Calgary,196.65852762106127
2014-08-01,Calgary,197.7621698124141
2014-09-01,Calgary,199.2118521657555
2014-10-01,Calgary,199.20054047322566
2014-11-01,Calgary,197.08685847290687
2014-12-01,Calgary,194.54262455852546
2015-01-01,Calgary,197.79995147207748
2015-02-01,Calgary,195.94896791826804
2015-03-01,Calgary,192.14663960982043
2015-04-01,Calgary,196.15157348248107
2015-05-01,Calgary,176.36013369891734
2015-06-01,Calgary,191.35839259325783
2015-07-01,Calgary,196.61541072790865
2015-08-01,Calgary,196.15874486684302
2015-09-01,Calgary,195.28237169000857
2015-10-01,Calgary,192.42824627816827
2015-11-01,Calgary,189.58585621645778
2015-12-01,Calgary,186.42220371266708
2016-01-01,Calgary,188.659003413019
2016-02-01,Calgary,184.00368685642715
2016-03-01,Calgary,183.5965304911626
2016-04-01,Calgary,184.7644737701543
2016-05-01,Calgary,185.15507344924308
2016-06-01,Calgary,183.46602419998072
2016-07-01,Calgary,183.5866892657719
2016-08-01,Calgary,184.13889586542118
2016-09-01,Calgary,185.4730683122307
2016-10-01,Calgary,186.03477368813796
2016-11-01,Calgary,188.15532538837064
2016-12-01,Calgary,189.415648577641
2017-01-01,Calgary,186.40897682005428
2017-02-01,Calgary,182.097776704243
2017-03-01,Calgary,183.9736699012999
2017-04-01,Calgary,185.1021477259554
2017-05-01,Calgary,183.68464885303393
2017-06-01,Calgary,185.00082737578524
2017-07-01,Calgary,187.3818556047851
2017-08-01,Calgary,184.09974396426
2017-09-01,Calgary,188.1825652344789
2017-10-01,Calgary,185.31360461260934
2017-11-01,Calgary,186.8420720180063
2017-12-01,Calgary,184.63709661411912
2018-01-01,Calgary,182.44236159505218
2018-02-01,Calgary,180.57302101788275
2018-03-01,Calgary,179.39328347201965
2018-04-01,Calgary,180.2227709675147
2018-05-01,Calgary,181.44454384664007
2018-06-01,Calgary,181.4102647150528
2018-07-01,Calgary,178.81196461955452
2018-08-01,Calgary,178.92551724048985
2018-09-01,Calgary,180.4444959399298
2018-10-01,Calgary,177.20667821643897
2018-11-01,Calgary,176.41963123767292
2018-12-01,Calgary,177.81961464097026
2019-01-01,Calgary,175.20964129724106
2019-02-01,Calgary,171.3555073333344
2019-03-01,Calgary,172.49985672104023
2019-04-01,Calgary,170.64105174739734
2019-05-01,Calgary,170.04628488657067
2019-06-01,Calgary,170.88584702189348
2019-07-01,Calgary,172.5104835542697
2019-08-01,Calgary,172.74337582019376
2019-09-01,Calgary,172.47609964304874
2019-10-01,Calgary,172.42563680523836
2019-11-01,Calgary,174.06360755839404
2019-12-01,Calgary,169.18169001752423
2020-01-01,Calgary,166.28215931433948
2020-02-01,Calgary,168.08500408673495
2020-03-01,Calgary,168.3536564891445
2020-04-01,Calgary,168.66211079602738
2020-05-01,Calgary,169.06922593739404
2020-06-01,Calgary,167.116663071237
2020-07-01,Calgary,167.57889655213017
2020-08-01,Calgary,167.7367419755933
2020-09-01,Calgary,167.96542762370117
2020-10-01,Calgary,167.7033214009415
2020-11-01,Calgary,168.12179150979375
2020-12-01,Calgary,168.38309534112219
2021-01-01,Calgary,165.7640225244604
2021-02-01,Calgary,168.76197632445567
2021-03-01,Calgary,170.0546822079693
2021-04-01,Calgary,169.64883002455332
2021-05-01,Calgary,173.2668816933711
2021-06-01,Calgary,175.08466059562622
2021-07-01,Calgary,175.05433747507388
2021-08-01,Calgary,175.56625436531468
2021-09-01,Calgary,173.97723708994323
2021-10-01,Calgary,173.99854278823005
2021-11-01,Calgary,173.9114204453044
2021-12-01,Calgary,174.2997660143917
2022-01-01,Calgary,172.38567672945524
2022-02-01,Calgary,171.22725062892746
2022-03-01,Calgary,171.41220336218183
2022-04-01,Calgary,171.7847172353657
2022-05-01,Calgary,170.06215894881004
2022-06-01,Calgary,176.3725811766306
2022-07-01,Calgary,183.32214572567912
2022-08-01,Calgary,186.30376989719426
2022-09-01,Calgary,186.78742961327578
2022-10-01,Calgary,189.11104746395787
2022-11-01,Calgary,186.54902864336006
2022-12-01,Calgary,184.28867965785798
2023-01-01,Calgary,181.2016565873659
2023-02-01,Calgary,177.05167864213036
2023-03-01,Calgary,176.84575268258445
2023-04-01,Calgary,175.94830756790515
2023-05-01,Calgary,178.26335967279172
2023-06-01,Calgary,182.72637887391093
2023-07-01,Calgary,183.3241325917636
2023-08-01,Calgary,190.18203852500906
2023-09-01,Calgary,190.7971248921061
2023-10-01,Calgary,191.5098740984916
2023-11-01,Calgary,190.2037166822712
2023-12-01,Calgary,193.8759204037489
2024-01-01,Calgary,191.37203404957418
2024-02-01,Calgary,193.07411965044338
2024-03-01,Calgary,196.47114063501053
2024-04-01,Calgary,198.71734421564597
2024-05-01,Calgary,201.75766368858228
2024-06-01,Calgary,204.03558149331954
2024-07-01,Calgary,205.74639096532752
2024-08-01,Calgary,205.21331044785538
2024-09-01,Calgary,207.59761136632497
2024-10-01,Calgary,206.8301277439707
2024-11-01,Calgary,205.02549833770058
2024-12-01,Calgary,205.6820707523517
2025-01-01,Calgary,203.94910850279024
2025-02-01,Calgary,201.47348990645787
2025-03-01,Calgary,202.8371688652992
2025-04-01,Calgary,204.91806433354674
2025-05-01,Calgary,207.34990741308928
2025-06-01,Calgary,207.29611158312986
2025-07-01,Calgary,206.76370741456145
2025-08-01,Calgary,207.6347607264539
2025-09-01,Calgary,205.98652072854992
2025-10-01,Calgary,205.93566509767803
2025-11-01,Calgary,203.8860462840827
2025-12-01,Calgary,205.0209057253627
1999-02-01,Ottawa,100.0
1999-03-01,Ottawa,104.64933045719408
1999-04-01,Ottawa,102.5363611033714
1999-05-01,Ottawa,101.94904580789377
1999-06-01,Ottawa,100.58600035510969
1999-07-01,Ottawa,103.04835173353118
1999-08-01,Ottawa,100.67664998176818
1999-09-01,Ottawa,102.02495814609216
1999-10-01,Ottawa,101.19170086589138
1999-11-01,Ottawa,103.63289166446383
1999-12-01,Ottawa,102.01055683306011
2000-01-01,Ottawa,103.5385770990683
2000-02-01,Ottawa,104.2112196938988
2000-03-01,Ottawa,101.96309919961723
2000-04-01,Ottawa,103.72327224131351
2000-05-01,Ottawa,106.64447383572508
2000-06-01,Ottawa,104.56846764182006
2000-07-01,Ottawa,104.82628650754367
2000-08-01,Ottawa,107.34105182647666
2000-09-01,Ottawa,106.09585697887725
2000-10-01,Ottawa,108.09721285501708
2000-11-01,Ottawa,111.09134543552968
2000-12-01,Ottawa,110.04568278979522
2001-01-01,Ottawa,112.24949417092208
2001-02-01,Ottawa,111.31910571270342
2001-03-01,Ottawa,111.94770775160056
2001-04-01,Ottawa,112.23271509286783
2001-05-01,Ottawa,111.36699880805506
2001-06-01,Ottawa,114.63275154325825
2001-07-01,Ottawa,114.63735489481184
2001-08-01,Ottawa,116.34679354203337
2001-09-01,Ottawa,115.09319911754253
2001-10-01,Ottawa,116.65747133684334
2001-11-01,Ottawa,118.5421837215222
2001-12-01,Ottawa,119.76822646542054
2002-01-01,Ottawa,117.92029322291704
2002-02-01,Ottawa,117.75575041468076
2002-03-01,Ottawa,118.96623164083266
2002-04-01,Ottawa,120.68085271719423
2002-05-01,Ottawa,120.97154866661842
2002-06-01,Ottawa,123.0925513142008
2002-07-01,Ottawa,122.53385136174796
2002-08-01,Ottawa,123.58355981731431
2002-09-01,Ottawa,124.84118449419144
2002-10-01,Ottawa,125.88538058758812
2002-11-01,Ottawa,124.07413285257225
2002-12-01,Ottawa,126.18503166202699
2003-01-01,Ottawa,126.09870881342229
2003-02-01,Ottawa,125.2035154839745
2003-03-01,Ottawa,124.88213325067248
2003-04-01,Ottawa,127.9980846287049
2003-05-01,Ottawa,128.47780990696504
2003-06-01,Ottawa,129.19757354790045
2003-07-01,Ottawa,129.5030872570889
2003-08-01,Ottawa,130.2439937683468
2003-09-01,Ottawa,129.44750117491776
2003-10-01,Ottawa,130.4998696297485
2003-11-01,Ottawa,130.7069130160889
2003-12-01,Ottawa,131.45241448893154
2004-01-01,Ottawa,131.31087763595175
2004-02-01,Ottawa,131.05713680960207
2004-03-01,Ottawa,132.48396306916842
2004-04-01,Ottawa,133.0231760697981
2004-05-01,Ottawa,132.23429062346588
2004-06-01,Ottawa,132.51560860054735
2004-07-01,Ottawa,133.1195999018164
2004-08-01,Ottawa,134.19024700952232
2004-09-01,Ottawa,135.43826705940108
2004-10-01,Ottawa,135.22285729685234
2004-11-01,Ottawa,134.57092266088725
2004-12-01,Ottawa,134.60228828811208
2005-01-01,Ottawa,136.87402708021267
2005-02-01,Ottawa,134.44360863755622
2005-03-01,Ottawa,136.04446906731582
2005-04-01,Ottawa,137.71016276280923
2005-05-01,Ottawa,137.9683016261027
2005-06-01,Ottawa,138.02763928134013
2005-07-01,Ottawa,137.93520844764024
2005-08-01,Ottawa,138.31413330136658
2005-09-01,Ottawa,137.22021579107545
2005-10-01,Ottawa,138.25265375538635
2005-11-01,Ottawa,139.85201351597124
2005-12-01,Ottawa,139.73515406430846
2006-01-01,Ottawa,138.11479314747416
2006-02-01,Ottawa,137.59181701030926
2006-03-01,Ottawa,138.33976476619014
2006-04-01,Ottawa,139.07949331596242
2006-05-01,Ottawa,139.49472084128223
2006-06-01,Ottawa,140.43673209998587
2006-07-01,Ottawa,143.08191925652795
2006-08-01,Ottawa,142.4181501511652
2006-09-01,Ottawa,142.61964946565462
2006-10-01,Ottawa,140.99971625839402
2006-11-01,Ottawa,143.82222159284015
2006-12-01,Ottawa,141.5092161556004
2007-01-01,Ottawa,133.5381956878192
2007-02-01,Ottawa,140.60243091286696
2007-03-01,Ottawa,143.23523202835747
2007-04-01,Ottawa,142.03819559915755
2007-05-01,Ottawa,142.4444991125376
2007-06-01,Ottawa,145.9955962153248
2007-07-01,Ottawa,147.23536450662743
2007-08-01,Ottawa,148.54226850270885
2007-09-01,Ottawa,150.9799111872714
2007-10-01,Ottawa,147.60443225067436
2007-11-01,Ottawa,147.88119685286017
2007-12-01,Ottawa,145.8520687592047
2008-01-01,Ottawa,149.66319642955943
2008-02-01,Ottawa,144.7372833857067
2008-03-01,Ottawa,150.329603925949
2008-04-01,Ottawa,147.98055088786958
2008-05-01,Ottawa,149.44422329573058
2008-06-01,Ottawa,149.18816666368883
2008-07-01,Ottawa,149.424610063565
2008-08-01,Ottawa,153.51232253058896
2008-09-01,Ottawa,150.82905265127553
2008-10-01,Ottawa,154.14948453608247
2008-11-01,Ottawa,150.5258545135846
2008-12-01,Ottawa,149.60919372890146
2009-01-01,Ottawa,150.16307818629687
2009-02-01,Ottawa,148.4332252278369
2009-03-01,Ottawa,146.33489328992587
2009-04-01,Ottawa,148.134498067576
2009-05-01,Ottawa,152.92875183131252
2009-06-01,Ottawa,154.75606151531164
2009-07-01,Ottawa,156.15764792061768
2009-08-01,Ottawa,159.4637287769978
2009-09-01,Ottawa,158.21590837595164
2009-10-01,Ottawa,158.89473246253218
2009-11-01,Ottawa,158.55387090134593
2009-12-01,Ottawa,159.47905815582456
2010-01-01,Ottawa,160.7683703995629
2010-02-01,Ottawa,155.18440320336748
2010-03-01,Ottawa,160.59632843434525
2010-04-01,Ottawa,163.65501688588694
2010-05-01,Ottawa,165.13593532545585
2010-06-01,Ottawa,171.2207445392764
2010-07-01,Ottawa,169.54531713387945
2010-08-01,Ottawa,170.65151856465164
2010-09-01,Ottawa,166.7875221574524
2010-10-01,Ottawa,167.5225350814029
2010-11-01,Ottawa,165.53399868392194
2010-12-01,Ottawa,165.15727133143236
2011-01-01,Ottawa,163.99765678329516
2011-02-01,Ottawa,166.69201794739737
2011-03-01,Ottawa,162.07190376280028
2011-04-01,Ottawa,168.34178097516482
2011-05-01,Ottawa,166.63781607426785
2011-06-01,Ottawa,171.7288156377468
2011-07-01,Ottawa,173.05337199312717
2011-08-01,Ottawa,172.43783796522442
2011-09-01,Ottawa,170.46730479902894
2011-10-01,Ottawa,168.64604313169934
2011-11-01,Ottawa,170.5446905937428
2011-12-01,Ottawa,167.68337135701665
2012-01-01,Ottawa,169.0058101794515
2012-02-01,Ottawa,167.4076992106427
2012-03-01,Ottawa,165.33775169632955
2012-04-01,Ottawa,170.56572375858403
2012-05-01,Ottawa,168.75981534486692
2012-06-01,Ottawa,175.46014480466633
2012-07-01,Ottawa,173.89222985872473
2012-08-01,Ottawa,175.03877617524086
2012-09-01,Ottawa,170.27690341389217
2012-10-01,Ottawa,172.07504808746856
2012-11-01,Ottawa,171.9901495225933
2012-12-01,Ottawa,169.87906587050458
2013-01-01,Ottawa,174.8966309992266
2013-02-01,Ottawa,166.2029276838152
2013-03-01,Ottawa,166.71283752610876
2013-04-01,Ottawa,172.4561309538813
2013-05-01,Ottawa,171.4836874528539
2013-06-01,Ottawa,172.4313762467522
2013-07-01,Ottawa,174.16116726825064
2013-08-01,Ottawa,172.6389051730636
2013-09-01,Ottawa,172.21527202949812
2013-10-01,Ottawa,171.3517307853491
2013-11-01,Ottawa,171.12380563238625
2013-12-01,Ottawa,170.61624614557337
2014-01-01,Ottawa,167.1491725778221
2014-02-01,Ottawa,167.954322669613
2014-03-01,Ottawa,164.24567968543482
2014-04-01,Ottawa,169.08322971904747
2014-05-01,Ottawa,168.42926917214365
2014-06-01,Ottawa,171.72937325483326
2014-07-01,Ottawa,172.14347079037802
2014-08-01,Ottawa,173.07080350039777
2014-09-01,Ottawa,167.87800345827938
2014-10-01,Ottawa,167.72122163720184
2014-11-01,Ottawa,171.93167431230373
2014-12-01,Ottawa,168.52875419202581
2015-01-01,Ottawa,166.66321088819035
2015-02-01,Ottawa,164.49526463769547
2015-03-01,Ottawa,163.31140673082416
2015-04-01,Ottawa,162.86791135000905
2015-05-01,Ottawa,168.05063041765172
2015-06-01,Ottawa,169.24347970563448
2015-07-01,Ottawa,171.0925668726363
2015-08-01,Ottawa,167.36031251771527
2015-09-01,Ottawa,168.28538288708464
2015-10-01,Ottawa,168.51268195227908
2015-11-01,Ottawa,165.18575559466936
2015-12-01,Ottawa,166.12087934476997
2016-01-01,Ottawa,165.3438424826824
2016-02-01,Ottawa,162.36474648584203
2016-03-01,Ottawa,166.50597881721387
2016-04-01,Ottawa,166.19387349237854
2016-05-01,Ottawa,166.28188632579878
2016-06-01,Ottawa,170.07858728548956
2016-07-01,Ottawa,170.15932793742454
2016-08-01,Ottawa,169.64415166734756
2016-09-01,Ottawa,169.38642585003524
2016-10-01,Ottawa,170.15859199693358
2016-11-01,Ottawa,165.57670030943868
2016-12-01,Ottawa,167.96054533192023
2017-01-01,Ottawa,167.13773235680452
2017-02-01,Ottawa,166.1632911794864
2017-03-01,Ottawa,165.896099696039
2017-04-01,Ottawa,165.74655303269876
2017-05-01,Ottawa,169.03414701583915
2017-06-01,Ottawa,171.2910513250269
2017-07-01,Ottawa,176.03216313009932
2017-08-01,Ottawa,175.20756803728722
2017-09-01,Ottawa,172.01938309845835
2017-10-01,Ottawa,173.96203326691503
2017-11-01,Ottawa,170.39787493816786
2017-12-01,Ottawa,174.5011369368517
2018-01-01,Ottawa,171.3368108556623
2018-02-01,Ottawa,166.20428904882323
2018-03-01,Ottawa,168.11328182572743
2018-04-01,Ottawa,167.9076824618526
2018-05-01,Ottawa,173.96482171285493
2018-06-01,Ottawa,177.63615809617878
2018-07-01,Ottawa,178.632955531162
2018-08-01,Ottawa,179.99749373914918
2018-09-01,Ottawa,178.11027727872064
2018-10-01,Ottawa,176.44568217286687
2018-11-01,Ottawa,178.73079076412222
2018-12-01,Ottawa,184.1629121006507
2019-01-01,Ottawa,175.64818815976292
2019-02-01,Ottawa,174.24246924462503
2019-03-01,Ottawa,173.4656953813824
2019-04-01,Ottawa,176.7038261825349
2019-05-01,Ottawa,179.9351141869557
2019-06-01,Ottawa,183.78449032228787
2019-07-01,Ottawa,186.67963165023707
2019-08-01,Ottawa,189.12052737083258
2019-09-01,Ottawa,188.49114211968455
2019-10-01,Ottawa,187.9823983788924
2019-11-01,Ottawa,189.64268033678994
2019-12-01,Ottawa,189.9996598845119
2020-01-01,Ottawa,187.65364065231807
2020-02-01,Ottawa,188.92826460481103
2020-03-01,Ottawa,196.54816531071236
2020-04-01,Ottawa,203.81033055025873
2020-05-01,Ottawa,204.15453123461376
2020-06-01,Ottawa,204.32447739773377
2020-07-01,Ottawa,208.08854745874788
2020-08-01,Ottawa,216.70690985025215
2020-09-01,Ottawa,219.01003817972332
2020-10-01,Ottawa,224.5788191190253
2020-11-01,Ottawa,224.27406434127684
2020-12-01,Ottawa,225.71950171821302
2021-01-01,Ottawa,223.92174981723784
2021-02-01,Ottawa,219.44707310013138
2021-03-01,Ottawa,229.5293253182879
2021-04-01,Ottawa,239.64768978110237
2021-05-01,Ottawa,249.66558821378962
2021-06-01,Ottawa,256.19080731710875
2021-07-01,Ottawa,261.77697401308404
2021-08-01,Ottawa,262.67486372377505
2021-09-01,Ottawa,251.81855237243263
2021-10-01,Ottawa,250.7555988193405
2021-11-01,Ottawa,251.2776230750533
2021-12-01,Ottawa,247.7841315864834
2022-01-01,Ottawa,246.46084177067002
2022-02-01,Ottawa,245.75172406528273
2022-03-01,Ottawa,255.48515574695534
2022-04-01,Ottawa,265.51398428144745
2022-05-01,Ottawa,265.311085358653
2022-06-01,Ottawa,268.43959228118916
2022-07-01,Ottawa,263.95439272222865
2022-08-01,Ottawa,256.50376295415543
2022-09-01,Ottawa,247.39765830177086
2022-10-01,Ottawa,241.26308768919338
2022-11-01,Ottawa,236.1687056500201
2022-12-01,Ottawa,230.7143350145111
2023-01-01,Ottawa,232.1803638056577
2023-02-01,Ottawa,228.03160344309882
2023-03-01,Ottawa,233.45067909798794
2023-04-01,Ottawa,229.69549232736574
2023-05-01,Ottawa,232.39838466084444
2023-06-01,Ottawa,239.29256512158656
2023-07-01,Ottawa,241.70081900402334
2023-08-01,Ottawa,241.03804916233057
2023-09-01,Ottawa,238.35393020911252
2023-10-01,Ottawa,232.6867419170318
2023-11-01,Ottawa,237.82001447713523
2023-12-01,Ottawa,231.46857558726418
2024-01-01,Ottawa,232.66166452839775
2024-02-01,Ottawa,233.6666428627074
2024-03-01,Ottawa,232.28750016128407
2024-04-01,Ottawa,235.9722240053408
2024-05-01,Ottawa,240.60495196450802
2024-06-01,Ottawa,242.99381060054426
2024-07-01,Ottawa,242.35409763605261
2024-08-01,Ottawa,246.01347756553204
2024-09-01,Ottawa,242.438822656095
2024-10-01,Ottawa,240.33210467294484
2024-11-01,Ottawa,240.24091088654694
2024-12-01,Ottawa,237.0252663656596
2025-01-01,Ottawa,239.8604524450182
2025-02-01,Ottawa,237.38599709063314
2025-03-01,Ottawa,239.67424887291523
2025-04-01,Ottawa,238.86373960554704
2025-05-01,Ottawa,242.1982747802298
2025-06-01,Ottawa,242.10480315800032
2025-07-01,Ottawa,243.6166405131507
2025-08-01,Ottawa,244.42701556400763
2025-09-01,Ottawa,238.94581533325416
2025-10-01,Ottawa,239.08170711171812
2025-11-01,Ottawa,236.20736670863508
2025-12-01,Ottawa,238.61320681037176
1999-02-01,Edmonton,100.0
1999-03-01,Edmonton,100.58981861568397
1999-04-01,Edmonton,101.42101591954582
1999-05-01,Edmonton,100.7341199987172
1999-06-01,Edmonton,101.58024720879959
1999-07-01,Edmonton,102.22988282298597
1999-08-01,Edmonton,101.99470362017331
1999-09-01,Edmonton,101.5239279940358
1999-10-01,Edmonton,101.87866284865159
1999-11-01,Edmonton,102.70685519787119
1999-12-01,Edmonton,102.03834727317924
2000-01-01,Edmonton,103.61683207927226
2000-02-01,Edmonton,102.55863680091765
2000-03-01,Edmonton,102.77990287501535
2000-04-01,Edmonton,103.32785391916394
2000-05-01,Edmonton,104.3743840126077
2000-06-01,Edmonton,103.90663831927078
2000-07-01,Edmonton,104.76825085474952
2000-08-01,Edmonton,105.03407379794405
2000-09-01,Edmonton,104.81486228171472
2000-10-01,Edmonton,104.50395438136908
2000-11-01,Edmonton,104.5046781691527
2000-12-01,Edmonton,105.00005574348805
2001-01-01,Edmonton,106.44611826743375
2001-02-01,Edmonton,106.90100194124427
2001-03-01,Edmonton,106.01598597148067
2001-04-01,Edmonton,105.94563574062235
2001-05-01,Edmonton,106.33037633036967
2001-06-01,Edmonton,106.76838760137919
2001-07-01,Edmonton,108.23433013813968
2001-08-01,Edmonton,108.88817618983116
2001-09-01,Edmonton,109.25912795471126
2001-10-01,Edmonton,110.77689428111577
2001-11-01,Edmonton,113.12644271553849
2001-12-01,Edmonton,113.38572905339544
2002-01-01,Edmonton,114.25716711028755
2002-02-01,Edmonton,114.59515313539828
2002-03-01,Edmonton,116.34084039098491
2002-04-01,Edmonton,116.99267326505117
2002-05-01,Edmonton,118.87403471440128
2002-06-01,Edmonton,119.93908315371888
2002-07-01,Edmonton,120.63738803532158
2002-08-01,Edmonton,121.6123817365371
2002-09-01,Edmonton,121.67169761593549
2002-10-01,Edmonton,122.41988654925602
2002-11-01,Edmonton,122.3823632123827
2002-12-01,Edmonton,123.31055546777021
2003-01-01,Edmonton,122.69193074158771
2003-02-01,Edmonton,122.97429567662456
2003-03-01,Edmonton,123.41465532237964
2003-04-01,Edmonton,125.36880308722638
2003-05-01,Edmonton,125.859586776201
2003-06-01,Edmonton,126.98359375622505
2003-07-01,Edmonton,127.32649257176847
2003-08-01,Edmonton,127.71139724849661
2003-09-01,Edmonton,127.37657922913053
2003-10-01,Edmonton,128.33049650618997
2003-11-01,Edmonton,128.30538190324063
2003-12-01,Edmonton,129.06546221658323
2004-01-01,Edmonton,128.5928931980988
2004-02-01,Edmonton,129.63102898077258
2004-03-01,Edmonton,130.02481779687264
2004-04-01,Edmonton,131.3991742039309
2004-05-01,Edmonton,130.52939437780992
2004-06-01,Edmonton,131.00312671835073
2004-07-01,Edmonton,132.90913333644465
2004-08-01,Edmonton,133.93374165504963
2004-09-01,Edmonton,134.6476252702976
2004-10-01,Edmonton,134.43430972010188
2004-11-01,Edmonton,133.67004741963905
2004-12-01,Edmonton,135.15873010953123
2005-01-01,Edmonton,136.13964612548952
2005-02-01,Edmonton,135.65276464644933
2005-03-01,Edmonton,137.36440264634774
2005-04-01,Edmonton,137.10414811282533
2005-05-01,Edmonton,138.44805726240605
2005-06-01,Edmonton,139.96660971227692
2005-07-01,Edmonton,140.50155399195506
2005-08-01,Edmonton,141.78816772144685
2005-09-01,Edmonton,141.2458967778178
2005-10-01,Edmonton,143.30098016270344
2005-11-01,Edmonton,143.51152077367132
2005-12-01,Edmonton,145.18841790653246
2006-01-01,Edmonton,146.11186828993462
2006-02-01,Edmonton,147.767856062531
2006-03-01,Edmonton,149.80341406743062
2006-04-01,Edmonton,150.51492665017656
2006-05-01,Edmonton,153.71612818303728
2006-06-01,Edmonton,158.4514566075789
2006-07-01,Edmonton,168.9007218193568
2006-08-01,Edmonton,176.68749988842535
2006-09-01,Edmonton,187.67436962471265
2006-10-01,Edmonton,195.37639855057262
2006-11-01,Edmonton,201.10219193851995
2006-12-01,Edmonton,203.1143112591206
2007-01-01,Edmonton,209.05004697297542
2007-02-01,Edmonton,210.85893546288978
2007-03-01,Edmonton,221.10997770799622
2007-04-01,Edmonton,226.4207236607148
2007-05-01,Edmonton,236.56924136375412
2007-06-01,Edmonton,243.4904922518268
2007-07-01,Edmonton,249.89930928268075
2007-08-01,Edmonton,255.9821381828221
2007-09-01,Edmonton,252.03472204583653
2007-10-01,Edmonton,247.00076930372745
2007-11-01,Edmonton,241.45806200348642
2007-12-01,Edmonton,240.88177299668644
2008-01-01,Edmonton,240.30894764125281
2008-02-01,Edmonton,233.79797940975564
2008-03-01,Edmonton,236.1698744823288
2008-04-01,Edmonton,234.4026238869852
2008-05-01,Edmonton,231.42153752124486
2008-06-01,Edmonton,228.52065766163116
2008-07-01,Edmonton,227.27906206501197
2008-08-01,Edmonton,223.45276946606995
2008-09-01,Edmonton,220.51803476248008
2008-10-01,Edmonton,221.50931068278342
2008-11-01,Edmonton,213.55230671926165
2008-12-01,Edmonton,214.0301080155116
2009-01-01,Edmonton,209.7653320535541
2009-02-01,Edmonton,205.63481040747908
2009-03-01,Edmonton,204.73592507895023
2009-04-01,Edmonton,206.32127713948654
2009-05-01,Edmonton,203.49949173546773
2009-06-01,Edmonton,204.84620421541598
2009-07-01,Edmonton,207.96082674659147
2009-08-01,Edmonton,212.17430981265278
2009-09-01,Edmonton,213.75273535752396
2009-10-01,Edmonton,214.70957317556397
2009-11-01,Edmonton,211.70800210533955
2009-12-01,Edmonton,216.57727257722476
2010-01-01,Edmonton,210.98197070797067
2010-02-01,Edmonton,215.90683778171416
2010-03-01,Edmonton,216.63166140834184
2010-04-01,Edmonton,218.15481756018426
2010-05-01,Edmonton,218.22248277570733
2010-06-01,Edmonton,218.8480809877865
2010-07-01,Edmonton,217.45484509046645
2010-08-01,Edmonton,215.14103265030636
2010-09-01,Edmonton,206.53017947863083
2010-10-01,Edmonton,211.62790438817302
2010-11-01,Edmonton,207.11824115328739
2010-12-01,Edmonton,205.24634558307326
2011-01-01,Edmonton,203.3010728653208
2011-02-01,Edmonton,200.0860847774617
2011-03-01,Edmonton,203.3211357889305
2011-04-01,Edmonton,202.96699442989757
2011-05-01,Edmonton,201.83152624116704
2011-06-01,Edmonton,207.23840616425395
2011-07-01,Edmonton,206.43166721115102
2011-08-01,Edmonton,206.33975336079925
2011-09-01,Edmonton,203.27069866826162
2011-10-01,Edmonton,204.20992793334648
2011-11-01,Edmonton,205.0805931447931
2011-12-01,Edmonton,204.2085471181919
2012-01-01,Edmonton,197.7470526794721
2012-02-01,Edmonton,198.83243143001002
2012-03-01,Edmonton,202.01125458594987
2012-04-01,Edmonton,203.60904916987965
2012-05-01,Edmonton,205.7119755257619
2012-06-01,Edmonton,209.5232466170326
2012-07-01,Edmonton,207.24505695575425
2012-08-01,Edmonton,210.7270395231282
2012-09-01,Edmonton,204.34755597924178
2012-10-01,Edmonton,207.96798966566877
2012-11-01,Edmonton,204.82205008952502
2012-12-01,Edmonton,205.4741704160615
2013-01-01,Edmonton,204.61401354648393
2013-02-01,Edmonton,201.2428621293679
2013-03-01,Edmonton,208.78008298313992
2013-04-01,Edmonton,210.19349297242405
2013-05-01,Edmonton,212.72197034286577
2013-06-01,Edmonton,210.6661567105707
2013-07-01,Edmonton,214.28728764777708
2013-08-01,Edmonton,211.66187334647702
2013-09-01,Edmonton,207.3140016210002
2013-10-01,Edmonton,212.01642483592428
2013-11-01,Edmonton,210.3377131125117
2013-12-01,Edmonton,211.5104795269882
2014-01-01,Edmonton,212.53701144691038
2014-02-01,Edmonton,212.12651377405064
2014-03-01,Edmonton,210.744875564379
2014-04-01,Edmonton,213.20268491680872
2014-05-01,Edmonton,212.25718290883466
2014-06-01,Edmonton,216.29566046386955
2014-07-01,Edmonton,218.25865320815652
2014-08-01,Edmonton,216.24699786390588
2014-09-01,Edmonton,216.3129768891054
2014-10-01,Edmonton,215.5350603391614
2014-11-01,Edmonton,223.51771293637555
2014-12-01,Edmonton,220.01382859107125
2015-01-01,Edmonton,220.30764637408885
2015-02-01,Edmonton,217.7427397307381
2015-03-01,Edmonton,219.74515027380713
2015-04-01,Edmonton,220.51208108140293
2015-05-01,Edmonton,219.66121487206937
2015-06-01,Edmonton,218.049194676792
2015-07-01,Edmonton,214.88071942767294
2015-08-01,Edmonton,215.37437385366363
2015-09-01,Edmonton,217.79695368061581
2015-10-01,Edmonton,216.30828294284558
2015-11-01,Edmonton,210.32162447748135
2015-12-01,Edmonton,216.54717709601735
2016-01-01,Edmonton,213.3326359811076
2016-02-01,Edmonton,211.19276520351593
2016-03-01,Edmonton,216.0135110455403
2016-04-01,Edmonton,212.58779969663348
2016-05-01,Edmonton,210.9145105423673
2016-06-01,Edmonton,212.38306765785597
2016-07-01,Edmonton,211.43574319835952
2016-08-01,Edmonton,213.78720738407117
2016-09-01,Edmonton,210.9377441302217
2016-10-01,Edmonton,210.80685498656163
2016-11-01,Edmonton,212.87140735577216
2016-12-01,Edmonton,211.72305387545657
2017-01-01,Edmonton,209.20828608512366
2017-02-01,Edmonton,206.02470909547503
2017-03-01,Edmonton,199.34933488655986
2017-04-01,Edmonton,209.72646174011857
2017-05-01,Edmonton,208.59118736395712
2017-06-01,Edmonton,209.0494806019926
2017-07-01,Edmonton,213.19168722679743
2017-08-01,Edmonton,213.52133690314812
2017-09-01,Edmonton,209.54266309804615
2017-10-01,Edmonton,208.10237670548602
2017-11-01,Edmonton,207.45700584684155
2017-12-01,Edmonton,210.0345472837223
2018-01-01,Edmonton,204.96371303118542
2018-02-01,Edmonton,201.1628213741963
2018-03-01,Edmonton,198.7222438950765
2018-04-01,Edmonton,203.94028595355303
2018-05-01,Edmonton,204.0790287639584
2018-06-01,Edmonton,206.47258244047683
2018-07-01,Edmonton,206.55507291184966
2018-08-01,Edmonton,203.82130655800998
2018-09-01,Edmonton,206.17266906728483
2018-10-01,Edmonton,202.34427929636541
2018-11-01,Edmonton,201.99841671285603
2018-12-01,Edmonton,197.94375925398947
2019-01-01,Edmonton,197.43464720346958
2019-02-01,Edmonton,200.2073331722145
2019-03-01,Edmonton,197.64995075512823
2019-04-01,Edmonton,194.28055998616372
2019-05-01,Edmonton,195.39882802728127
2019-06-01,Edmonton,196.28996417428644
2019-07-01,Edmonton,195.62558869888903
2019-08-01,Edmonton,194.13972424254578
2019-09-01,Edmonton,196.26929861298004
2019-10-01,Edmonton,190.4478627114939
2019-11-01,Edmonton,195.465946095089
2019-12-01,Edmonton,194.35802418277046
2020-01-01,Edmonton,190.58505323528792
2020-02-01,Edmonton,186.44233910486767
2020-03-01,Edmonton,191.03934971824728
2020-04-01,Edmonton,192.3504800570661
2020-05-01,Edmonton,193.1153971619442
2020-06-01,Edmonton,186.01616499495677
2020-07-01,Edmonton,191.79611266730993
2020-08-01,Edmonton,192.3928299754147
2020-09-01,Edmonton,195.38595430769865
2020-10-01,Edmonton,195.27332125567995
2020-11-01,Edmonton,194.37034000261448
2020-12-01,Edmonton,193.81465751932916
2021-01-01,Edmonton,192.1189078226566
2021-02-01,Edmonton,192.31409151429924
2021-03-01,Edmonton,192.31439245372744
2021-04-01,Edmonton,191.42952878079197
2021-05-01,Edmonton,196.2837435501771
2021-06-01,Edmonton,196.20465896872037
2021-07-01,Edmonton,195.55255368527912
2021-08-01,Edmonton,197.61740358388317
2021-09-01,Edmonton,196.11359323336617
2021-10-01,Edmonton,195.24984113845437
2021-11-01,Edmonton,193.9927892446741
2021-12-01,Edmonton,192.16332716251043
2022-01-01,Edmonton,194.36743094585367
2022-02-01,Edmonton,191.99407684083934
2022-03-01,Edmonton,187.3770604382042
2022-04-01,Edmonton,185.0027631309785
2022-05-01,Edmonton,178.51489754409943
2022-06-01,Edmonton,182.86654036338507
2022-07-01,Edmonton,187.55323659506857
2022-08-01,Edmonton,193.22714246751184
2022-09-01,Edmonton,193.72771117382487
2022-10-01,Edmonton,196.38919771325055
2022-11-01,Edmonton,195.52204737438322
2022-12-01,Edmonton,192.19540153606474
2023-01-01,Edmonton,189.50467630350937
2023-02-01,Edmonton,185.87309390822423
2023-03-01,Edmonton,183.6534782243765
2023-04-01,Edmonton,176.4686665257413
2023-05-01,Edmonton,181.21695378680212
2023-06-01,Edmonton,180.22495101718823
2023-07-01,Edmonton,181.49873094847112
2023-08-01,Edmonton,185.24375299389212
2023-09-01,Edmonton,185.32645874577594
2023-10-01,Edmonton,183.53977736425347
2023-11-01,Edmonton,185.33438883754914
2023-12-01,Edmonton,182.92351167449476
2024-01-01,Edmonton,186.40182781649935
2024-02-01,Edmonton,183.2615080269614
2024-03-01,Edmonton,185.53226652557774
2024-04-01,Edmonton,187.94340725708844
2024-05-01,Edmonton,186.58104607753793
2024-06-01,Edmonton,190.76635467104842
2024-07-01,Edmonton,191.88094192504818
2024-08-01,Edmonton,190.4611991282327
2024-09-01,Edmonton,193.3042008845184
2024-10-01,Edmonton,193.08748484159543
2024-11-01,Edmonton,191.45992749810304
2024-12-01,Edmonton,192.181839406023
2025-01-01,Edmonton,193.91792389222408
2025-02-01,Edmonton,190.2707122857721
2025-03-01,Edmonton,191.26287405826682
2025-04-01,Edmonton,193.6508456968607
2025-05-01,Edmonton,193.45521166987425
2025-06-01,Edmonton,197.64242240700244
2025-07-01,Edmonton,198.60380866984215
2025-08-01,Edmonton,198.93314101933817
2025-09-01,Edmonton,198.41326225253283
2025-10-01,Edmonton,199.10080036238347
2025-11-01,Edmonton,197.1802293312876
2025-12-01,Edmonton,197.41340223535585
